frequency,amplitude
0.000000000000,0.000047504952
0.007812500000,0.000095959675
0.015625000000,0.000098755961
0.023437500000,0.000103253926
0.031250000000,0.000109251602
0.039062500000,0.000116528202
0.046875000000,0.000124873076
0.054687500000,0.000134101528
0.062500000000,0.000144060027
0.070312500000,0.000154625134
0.078125000000,0.000165699615
0.085937500000,0.000177207834
0.093750000000,0.000189091432
0.101562500000,0.000201305669
0.109375000000,0.000213816472
0.117187500000,0.000226598135
0.125000000000,0.000239631532
0.132812500000,0.000252902755
0.140625000000,0.000266402070
0.148437500000,0.000280123118
0.156250000000,0.000294062303
0.164062500000,0.000308218320
0.171875000000,0.000322591798
0.179687500000,0.000337185019
0.187500000000,0.000352001705
0.195312500000,0.000367046856
0.203125000000,0.000382326627
0.210937500000,0.000397848236
0.218750000000,0.000413619898
0.226562500000,0.000429650781
0.234375000000,0.000445950979
0.242187500000,0.000462531498
0.250000000000,0.000479404258
0.257812500000,0.000496582106
0.265625000000,0.000514078836
0.273437500000,0.000531909227
0.281250000000,0.000550089078
0.289062500000,0.000568635268
0.296875000000,0.000587565812
0.304687500000,0.000606899933
0.312500000000,0.000626658148
0.320312500000,0.000646862354
0.328125000000,0.000667535938
0.335937500000,0.000688703895
0.343750000000,0.000710392954
0.351562500000,0.000732631735
0.359375000000,0.000755450907
0.367187500000,0.000778883377
0.375000000000,0.000802964498
0.382812500000,0.000827732302
0.390625000000,0.000853227761
0.398437500000,0.000879495082
0.406250000000,0.000906582040
0.414062500000,0.000934540351
0.421875000000,0.000963426097
0.429687500000,0.000993300206
0.437500000000,0.001024229000
0.445312500000,0.001056284817
0.453125000000,0.001089546719
0.460937500000,0.001124101315
0.468750000000,0.001160043691
0.476562500000,0.001197478496
0.484375000000,0.001236521188
0.492187500000,0.001277299488
0.500000000000,0.001319955067
0.507812500000,0.001364645528
0.515625000000,0.001411546716
0.523437500000,0.001460855465
0.531250000000,0.001512792823
0.539062500000,0.001567607912
0.546875000000,0.001625582524
0.554687500000,0.001687036648
0.562500000000,0.001752335151
0.570312500000,0.001821895875
0.578125000000,0.001896199557
0.585937500000,0.001975802004
0.593750000000,0.002061349192
0.601562500000,0.002153596097
0.609375000000,0.002253430368
0.617187500000,0.002361902374
0.625000000000,0.002480263654
0.632812500000,0.002610016638
0.640625000000,0.002752979658
0.648437500000,0.002911372939
0.656250000000,0.003087933880
0.664062500000,0.003286073826
0.671875000000,0.003510094746
0.679687500000,0.003765494116
0.687500000000,0.004059402697
0.695312500000,0.004401227680
0.703125000000,0.004803622607
0.710937500000,0.005283994924
0.718750000000,0.005866933153
0.726562500000,0.006588280642
0.734375000000,0.007502322880
0.742187500000,0.008695266407
0.750000000000,0.010312526673
0.757812500000,0.012619718749
0.765625000000,0.016158484916
0.773437500000,0.022229348179
0.781250000000,0.034932894200
0.789062500000,0.077465717143
0.796875000000,0.485834309116
0.804687500000,0.061876164635
0.812500000000,0.034148805236
0.820312500000,0.024206759098
0.828125000000,0.019180817144
0.835937500000,0.016217371252
0.843750000000,0.014323956593
0.851562500000,0.013066615294
0.859375000000,0.012227508544
0.867187500000,0.011687491880
0.875000000000,0.011378458274
0.882812500000,0.011261742303
0.890625000000,0.011317749732
0.898437500000,0.011541123245
0.906250000000,0.011939165864
0.914062500000,0.012532785297
0.921875000000,0.013360214024
0.929687500000,0.014484876647
0.937500000000,0.016010793789
0.945312500000,0.018113576028
0.953125000000,0.021107600910
0.960937500000,0.025609129274
0.968750000000,0.033003596253
0.976562500000,0.047175114538
0.984375000000,0.084727991007
0.992187500000,0.461399840803
1.000000000000,0.130522105168
1.007812500000,0.056676874450
1.015625000000,0.036042529884
1.023437500000,0.026360823416
1.031250000000,0.020751781314
1.039062500000,0.017098707106
1.046875000000,0.014534325957
1.054687500000,0.012637567029
1.062500000000,0.011179375732
1.070312500000,0.010024506139
1.078125000000,0.009087987767
1.085937500000,0.008313771516
1.093750000000,0.007663404268
1.101562500000,0.007109636702
1.109375000000,0.006632627375
1.117187500000,0.006217591056
1.125000000000,0.005853288635
1.132812500000,0.005531027140
1.140625000000,0.005243979641
1.148437500000,0.004986711766
1.156250000000,0.004754845179
1.164062500000,0.004544813957
1.171875000000,0.004353685300
1.179687500000,0.004179025599
1.187500000000,0.004018799043
1.195312500000,0.003871289908
1.203125000000,0.003735042326
1.210937500000,0.003608813120
1.218750000000,0.003491534526
1.226562500000,0.003382284455
1.234375000000,0.003280262596
1.242187500000,0.003184771048
1.250000000000,0.003095198535
1.257812500000,0.003011007425
1.265625000000,0.002931723024
1.273437500000,0.002856924669
1.281250000000,0.002786238287
1.289062500000,0.002719330146
1.296875000000,0.002655901588
1.304687500000,0.002595684555
1.312500000000,0.002538437784
1.320312500000,0.002483943555
1.328125000000,0.002432004896
1.335937500000,0.002382443180
1.343750000000,0.002335096045
1.351562500000,0.002289815589
1.359375000000,0.002246466801
1.367187500000,0.002204926189
1.375000000000,0.002165080582
1.382812500000,0.002126826078
1.390625000000,0.002090067111
1.398437500000,0.002054715640
1.406250000000,0.002020690417
1.414062500000,0.001987916353
1.421875000000,0.001956323940
1.429687500000,0.001925848745
1.437500000000,0.001896430956
1.445312500000,0.001868014975
1.453125000000,0.001840549054
1.460937500000,0.001813984966
1.468750000000,0.001788277713
1.476562500000,0.001763385260
1.484375000000,0.001739268292
1.492187500000,0.001715890001
1.500000000000,0.001693215890
1.507812500000,0.001671213589
1.515625000000,0.001649852698
1.523437500000,0.001629104640
1.531250000000,0.001608942521
1.539062500000,0.001589341014
1.546875000000,0.001570276243
1.554687500000,0.001551725679
1.562500000000,0.001533668049
1.570312500000,0.001516083250
1.578125000000,0.001498952266
1.585937500000,0.001482257099
1.593750000000,0.001465980699
1.601562500000,0.001450106903
1.609375000000,0.001434620380
1.617187500000,0.001419506575
1.625000000000,0.001404751660
1.632812500000,0.001390342494
1.640625000000,0.001376266574
1.648437500000,0.001362512003
1.656250000000,0.001349067448
1.664062500000,0.001335922111
1.671875000000,0.001323065695
1.679687500000,0.001310488377
1.687500000000,0.001298180780
1.695312500000,0.001286133949
1.703125000000,0.001274339324
1.710937500000,0.001262788723
1.718750000000,0.001251474318
1.726562500000,0.001240388618
1.734375000000,0.001229524450
1.742187500000,0.001218874940
1.750000000000,0.001208433504
1.757812500000,0.001198193825
1.765625000000,0.001188149845
1.773437500000,0.001178295748
1.781250000000,0.001168625952
1.789062500000,0.001159135093
1.796875000000,0.001149818020
1.804687500000,0.001140669776
1.812500000000,0.001131685599
1.820312500000,0.001122860905
1.828125000000,0.001114191280
1.835937500000,0.001105672479
1.843750000000,0.001097300409
1.851562500000,0.001089071128
1.859375000000,0.001080980837
1.867187500000,0.001073025873
1.875000000000,0.001065202701
1.882812500000,0.001057507912
1.890625000000,0.001049938216
1.898437500000,0.001042490436
1.906250000000,0.001035161503
1.914062500000,0.001027948453
1.921875000000,0.001020848422
1.929687500000,0.001013858639
1.937500000000,0.001006976428
1.945312500000,0.001000199199
1.953125000000,0.000993524446
1.960937500000,0.000986949743
1.968750000000,0.000980472743
1.976562500000,0.000974091173
1.984375000000,0.000967802831
1.992187500000,0.000961605583
2.000000000000,0.000955497363
2.007812500000,0.000949476166
2.015625000000,0.000943540050
2.023437500000,0.000937687129
2.031250000000,0.000931915577
2.039062500000,0.000926223620
2.046875000000,0.000920609535
2.054687500000,0.000915071653
2.062500000000,0.000909608351
2.070312500000,0.000904218053
2.078125000000,0.000898899229
2.085937500000,0.000893650391
2.093750000000,0.000888470094
2.101562500000,0.000883356934
2.109375000000,0.000878309543
2.117187500000,0.000873326596
2.125000000000,0.000868406798
2.132812500000,0.000863548894
2.140625000000,0.000858751661
2.148437500000,0.000854013908
2.156250000000,0.000849334477
2.164062500000,0.000844712241
2.171875000000,0.000840146101
2.179687500000,0.000835634987
2.187500000000,0.000831177858
2.195312500000,0.000826773698
2.203125000000,0.000822421517
2.210937500000,0.000818120353
2.218750000000,0.000813869264
2.226562500000,0.000809667335
2.234375000000,0.000805513671
2.242187500000,0.000801407401
2.250000000000,0.000797347676
2.257812500000,0.000793333664
2.265625000000,0.000789364558
2.273437500000,0.000785439568
2.281250000000,0.000781557921
2.289062500000,0.000777718866
2.296875000000,0.000773921667
2.304687500000,0.000770165608
2.312500000000,0.000766449986
2.320312500000,0.000762774117
2.328125000000,0.000759137333
2.335937500000,0.000755538979
2.343750000000,0.000751978417
2.351562500000,0.000748455023
2.359375000000,0.000744968187
2.367187500000,0.000741517311
2.375000000000,0.000738101812
2.382812500000,0.000734721120
2.390625000000,0.000731374677
2.398437500000,0.000728061937
2.406250000000,0.000724782367
2.414062500000,0.000721535443
2.421875000000,0.000718320655
2.429687500000,0.000715137502
2.437500000000,0.000711985494
2.445312500000,0.000708864153
2.453125000000,0.000705773009
2.460937500000,0.000702711602
2.468750000000,0.000699679483
2.476562500000,0.000696676210
2.484375000000,0.000693701353
2.492187500000,0.000690754487
2.500000000000,0.000687835200
2.507812500000,0.000684943085
2.515625000000,0.000682077743
2.523437500000,0.000679238787
2.531250000000,0.000676425832
2.539062500000,0.000673638506
2.546875000000,0.000670876440
2.554687500000,0.000668139274
2.562500000000,0.000665426657
2.570312500000,0.000662738241
2.578125000000,0.000660073686
2.585937500000,0.000657432661
2.593750000000,0.000654814838
2.601562500000,0.000652219897
2.609375000000,0.000649647523
2.617187500000,0.000647097409
2.625000000000,0.000644569250
2.632812500000,0.000642062750
2.640625000000,0.000639577618
2.648437500000,0.000637113567
2.656250000000,0.000634670315
2.664062500000,0.000632247588
2.671875000000,0.000629845113
2.679687500000,0.000627462626
2.687500000000,0.000625099865
2.695312500000,0.000622756572
2.703125000000,0.000620432497
2.710937500000,0.000618127392
2.718750000000,0.000615841012
2.726562500000,0.000613573120
2.734375000000,0.000611323480
2.742187500000,0.000609091863
2.750000000000,0.000606878040
2.757812500000,0.000604681789
2.765625000000,0.000602502892
2.773437500000,0.000600341133
2.781250000000,0.000598196299
2.789062500000,0.000596068184
2.796875000000,0.000593956583
2.804687500000,0.000591861294
2.812500000000,0.000589782119
2.820312500000,0.000587718865
2.828125000000,0.000585671339
2.835937500000,0.000583639355
2.843750000000,0.000581622725
2.851562500000,0.000579621269
2.859375000000,0.000577634808
2.867187500000,0.000575663164
2.875000000000,0.000573706166
2.882812500000,0.000571763641
2.890625000000,0.000569835423
2.898437500000,0.000567921345
2.906250000000,0.000566021246
2.914062500000,0.000564134965
2.921875000000,0.000562262345
2.929687500000,0.000560403231
2.937500000000,0.000558557469
2.945312500000,0.000556724910
2.953125000000,0.000554905405
2.960937500000,0.000553098809
2.968750000000,0.000551304979
2.976562500000,0.000549523772
2.984375000000,0.000547755050
2.992187500000,0.000545998676
3.000000000000,0.000544254514
3.007812500000,0.000542522432
3.015625000000,0.000540802298
3.023437500000,0.000539093984
3.031250000000,0.000537397363
3.039062500000,0.000535712308
3.046875000000,0.000534038696
3.054687500000,0.000532376407
3.062500000000,0.000530725319
3.070312500000,0.000529085316
3.078125000000,0.000527456279
3.085937500000,0.000525838096
3.093750000000,0.000524230651
3.101562500000,0.000522633835
3.109375000000,0.000521047536
3.117187500000,0.000519471647
3.125000000000,0.000517906061
3.132812500000,0.000516350672
3.140625000000,0.000514805377
3.148437500000,0.000513270073
3.156250000000,0.000511744659
3.164062500000,0.000510229036
3.171875000000,0.000508723104
3.179687500000,0.000507226769
3.187500000000,0.000505739933
3.195312500000,0.000504262502
3.203125000000,0.000502794384
3.210937500000,0.000501335488
3.218750000000,0.000499885721
3.226562500000,0.000498444996
3.234375000000,0.000497013223
3.242187500000,0.000495590317
3.250000000000,0.000494176192
3.257812500000,0.000492770762
3.265625000000,0.000491373945
3.273437500000,0.000489985657
3.281250000000,0.000488605818
3.289062500000,0.000487234348
3.296875000000,0.000485871167
3.304687500000,0.000484516196
3.312500000000,0.000483169360
3.320312500000,0.000481830581
3.328125000000,0.000480499785
3.335937500000,0.000479176897
3.343750000000,0.000477861844
3.351562500000,0.000476554553
3.359375000000,0.000475254954
3.367187500000,0.000473962975
3.375000000000,0.000472678547
3.382812500000,0.000471401601
3.390625000000,0.000470132069
3.398437500000,0.000468869884
3.406250000000,0.000467614980
3.414062500000,0.000466367292
3.421875000000,0.000465126754
3.429687500000,0.000463893303
3.437500000000,0.000462666876
3.445312500000,0.000461447410
3.453125000000,0.000460234845
3.460937500000,0.000459029118
3.468750000000,0.000457830171
3.476562500000,0.000456637944
3.484375000000,0.000455452377
3.492187500000,0.000454273414
3.500000000000,0.000453100997
3.507812500000,0.000451935069
3.515625000000,0.000450775575
3.523437500000,0.000449622459
3.531250000000,0.000448475667
3.539062500000,0.000447335145
3.546875000000,0.000446200839
3.554687500000,0.000445072697
3.562500000000,0.000443950667
3.570312500000,0.000442834697
3.578125000000,0.000441724736
3.585937500000,0.000440620734
3.593750000000,0.000439522642
3.601562500000,0.000438430410
3.609375000000,0.000437343989
3.617187500000,0.000436263332
3.625000000000,0.000435188390
3.632812500000,0.000434119118
3.640625000000,0.000433055469
3.648437500000,0.000431997396
3.656250000000,0.000430944854
3.664062500000,0.000429897799
3.671875000000,0.000428856186
3.679687500000,0.000427819970
3.687500000000,0.000426789110
3.695312500000,0.000425763561
3.703125000000,0.000424743281
3.710937500000,0.000423728229
3.718750000000,0.000422718362
3.726562500000,0.000421713640
3.734375000000,0.000420714022
3.742187500000,0.000419719467
3.750000000000,0.000418729936
3.757812500000,0.000417745390
3.765625000000,0.000416765790
3.773437500000,0.000415791096
3.781250000000,0.000414821272
3.789062500000,0.000413856279
3.796875000000,0.000412896080
3.804687500000,0.000411940638
3.812500000000,0.000410989916
3.820312500000,0.000410043879
3.828125000000,0.000409102491
3.835937500000,0.000408165716
3.843750000000,0.000407233519
3.851562500000,0.000406305866
3.859375000000,0.000405382722
3.867187500000,0.000404464054
3.875000000000,0.000403549827
3.882812500000,0.000402640009
3.890625000000,0.000401734567
3.898437500000,0.000400833468
3.906250000000,0.000399936680
3.914062500000,0.000399044170
3.921875000000,0.000398155908
3.929687500000,0.000397271862
3.937500000000,0.000396392001
3.945312500000,0.000395516295
3.953125000000,0.000394644712
3.960937500000,0.000393777224
3.968750000000,0.000392913801
3.976562500000,0.000392054412
3.984375000000,0.000391199029
3.992187500000,0.000390347623
4.000000000000,0.000389500165
4.007812500000,0.000388656627
4.015625000000,0.000387816982
4.023437500000,0.000386981200
4.031250000000,0.000386149256
4.039062500000,0.000385321121
4.046875000000,0.000384496769
4.054687500000,0.000383676173
4.062500000000,0.000382859306
4.070312500000,0.000382046143
4.078125000000,0.000381236657
4.085937500000,0.000380430823
4.093750000000,0.000379628616
4.101562500000,0.000378830010
4.109375000000,0.000378034980
4.117187500000,0.000377243501
4.125000000000,0.000376455550
4.132812500000,0.000375671101
4.140625000000,0.000374890131
4.148437500000,0.000374112616
4.156250000000,0.000373338533
4.164062500000,0.000372567857
4.171875000000,0.000371800567
4.179687500000,0.000371036638
4.187500000000,0.000370276049
4.195312500000,0.000369518777
4.203125000000,0.000368764799
4.210937500000,0.000368014094
4.218750000000,0.000367266639
4.226562500000,0.000366522413
4.234375000000,0.000365781395
4.242187500000,0.000365043563
4.250000000000,0.000364308895
4.257812500000,0.000363577372
4.265625000000,0.000362848972
4.273437500000,0.000362123675
4.281250000000,0.000361401460
4.289062500000,0.000360682308
4.296875000000,0.000359966198
4.304687500000,0.000359253110
4.312500000000,0.000358543026
4.320312500000,0.000357835924
4.328125000000,0.000357131787
4.335937500000,0.000356430595
4.343750000000,0.000355732329
4.351562500000,0.000355036971
4.359375000000,0.000354344501
4.367187500000,0.000353654901
4.375000000000,0.000352968153
4.382812500000,0.000352284239
4.390625000000,0.000351603141
4.398437500000,0.000350924841
4.406250000000,0.000350249321
4.414062500000,0.000349576564
4.421875000000,0.000348906553
4.429687500000,0.000348239270
4.437500000000,0.000347574698
4.445312500000,0.000346912820
4.453125000000,0.000346253619
4.460937500000,0.000345597080
4.468750000000,0.000344943185
4.476562500000,0.000344291918
4.484375000000,0.000343643262
4.492187500000,0.000342997203
4.500000000000,0.000342353723
4.507812500000,0.000341712807
4.515625000000,0.000341074439
4.523437500000,0.000340438604
4.531250000000,0.000339805287
4.539062500000,0.000339174471
4.546875000000,0.000338546142
4.554687500000,0.000337920285
4.562500000000,0.000337296885
4.570312500000,0.000336675927
4.578125000000,0.000336057397
4.585937500000,0.000335441279
4.593750000000,0.000334827560
4.601562500000,0.000334216225
4.609375000000,0.000333607259
4.617187500000,0.000333000650
4.625000000000,0.000332396383
4.632812500000,0.000331794443
4.640625000000,0.000331194818
4.648437500000,0.000330597494
4.656250000000,0.000330002456
4.664062500000,0.000329409693
4.671875000000,0.000328819190
4.679687500000,0.000328230934
4.687500000000,0.000327644912
4.695312500000,0.000327061111
4.703125000000,0.000326479519
4.710937500000,0.000325900122
4.718750000000,0.000325322907
4.726562500000,0.000324747863
4.734375000000,0.000324174977
4.742187500000,0.000323604236
4.750000000000,0.000323035628
4.757812500000,0.000322469140
4.765625000000,0.000321904762
4.773437500000,0.000321342480
4.781250000000,0.000320782283
4.789062500000,0.000320224159
4.796875000000,0.000319668096
4.804687500000,0.000319114082
4.812500000000,0.000318562107
4.820312500000,0.000318012158
4.828125000000,0.000317464225
4.835937500000,0.000316918295
4.843750000000,0.000316374359
4.851562500000,0.000315832403
4.859375000000,0.000315292419
4.867187500000,0.000314754394
4.875000000000,0.000314218318
4.882812500000,0.000313684179
4.890625000000,0.000313151968
4.898437500000,0.000312621674
4.906250000000,0.000312093286
4.914062500000,0.000311566793
4.921875000000,0.000311042186
4.929687500000,0.000310519454
4.937500000000,0.000309998586
4.945312500000,0.000309479573
4.953125000000,0.000308962405
4.960937500000,0.000308447071
4.968750000000,0.000307933561
4.976562500000,0.000307421867
4.984375000000,0.000306911977
4.992187500000,0.000306403882
5.000000000000,0.000305897573
5.007812500000,0.000305393040
5.015625000000,0.000304890274
5.023437500000,0.000304389265
5.031250000000,0.000303890003
5.039062500000,0.000303392480
5.046875000000,0.000302896686
5.054687500000,0.000302402612
5.062500000000,0.000301910248
5.070312500000,0.000301419587
5.078125000000,0.000300930619
5.085937500000,0.000300443335
5.093750000000,0.000299957726
5.101562500000,0.000299473783
5.109375000000,0.000298991498
5.117187500000,0.000298510863
5.125000000000,0.000298031867
5.132812500000,0.000297554504
5.140625000000,0.000297078764
5.148437500000,0.000296604639
5.156250000000,0.000296132121
5.164062500000,0.000295661201
5.171875000000,0.000295191872
5.179687500000,0.000294724125
5.187500000000,0.000294257951
5.195312500000,0.000293793343
5.203125000000,0.000293330294
5.210937500000,0.000292868794
5.218750000000,0.000292408836
5.226562500000,0.000291950412
5.234375000000,0.000291493515
5.242187500000,0.000291038137
5.250000000000,0.000290584269
5.257812500000,0.000290131905
5.265625000000,0.000289681036
5.273437500000,0.000289231656
5.281250000000,0.000288783757
5.289062500000,0.000288337331
5.296875000000,0.000287892371
5.304687500000,0.000287448870
5.312500000000,0.000287006820
5.320312500000,0.000286566215
5.328125000000,0.000286127046
5.335937500000,0.000285689308
5.343750000000,0.000285252992
5.351562500000,0.000284818092
5.359375000000,0.000284384601
5.367187500000,0.000283952512
5.375000000000,0.000283521818
5.382812500000,0.000283092512
5.390625000000,0.000282664588
5.398437500000,0.000282238038
5.406250000000,0.000281812856
5.414062500000,0.000281389036
5.421875000000,0.000280966570
5.429687500000,0.000280545453
5.437500000000,0.000280125676
5.445312500000,0.000279707236
5.453125000000,0.000279290123
5.460937500000,0.000278874333
5.468750000000,0.000278459859
5.476562500000,0.000278046695
5.484375000000,0.000277634833
5.492187500000,0.000277224269
5.500000000000,0.000276814996
5.507812500000,0.000276407007
5.515625000000,0.000276000297
5.523437500000,0.000275594860
5.531250000000,0.000275190689
5.539062500000,0.000274787779
5.546875000000,0.000274386123
5.554687500000,0.000273985716
5.562500000000,0.000273586551
5.570312500000,0.000273188624
5.578125000000,0.000272791928
5.585937500000,0.000272396457
5.593750000000,0.000272002205
5.601562500000,0.000271609168
5.609375000000,0.000271217338
5.617187500000,0.000270826712
5.625000000000,0.000270437282
5.632812500000,0.000270049044
5.640625000000,0.000269661991
5.648437500000,0.000269276120
5.656250000000,0.000268891423
5.664062500000,0.000268507896
5.671875000000,0.000268125533
5.679687500000,0.000267744329
5.687500000000,0.000267364279
5.695312500000,0.000266985377
5.703125000000,0.000266607618
5.710937500000,0.000266230996
5.718750000000,0.000265855508
5.726562500000,0.000265481147
5.734375000000,0.000265107908
5.742187500000,0.000264735786
5.750000000000,0.000264364777
5.757812500000,0.000263994875
5.765625000000,0.000263626075
5.773437500000,0.000263258373
5.781250000000,0.000262891762
5.789062500000,0.000262526239
5.796875000000,0.000262161799
5.804687500000,0.000261798436
5.812500000000,0.000261436147
5.820312500000,0.000261074925
5.828125000000,0.000260714766
5.835937500000,0.000260355667
5.843750000000,0.000259997621
5.851562500000,0.000259640624
5.859375000000,0.000259284672
5.867187500000,0.000258929760
5.875000000000,0.000258575883
5.882812500000,0.000258223037
5.890625000000,0.000257871218
5.898437500000,0.000257520420
5.906250000000,0.000257170639
5.914062500000,0.000256821872
5.921875000000,0.000256474113
5.929687500000,0.000256127357
5.937500000000,0.000255781602
5.945312500000,0.000255436842
5.953125000000,0.000255093073
5.960937500000,0.000254750290
5.968750000000,0.000254408490
5.976562500000,0.000254067668
5.984375000000,0.000253727820
5.992187500000,0.000253388942
6.000000000000,0.000253051029
6.007812500000,0.000252714078
6.015625000000,0.000252378084
6.023437500000,0.000252043043
6.031250000000,0.000251708952
6.039062500000,0.000251375805
6.046875000000,0.000251043600
6.054687500000,0.000250712332
6.062500000000,0.000250381996
6.070312500000,0.000250052590
6.078125000000,0.000249724109
6.085937500000,0.000249396550
6.093750000000,0.000249069907
6.101562500000,0.000248744178
6.109375000000,0.000248419359
6.117187500000,0.000248095446
6.125000000000,0.000247772435
6.132812500000,0.000247450321
6.140625000000,0.000247129103
6.148437500000,0.000246808775
6.156250000000,0.000246489334
6.164062500000,0.000246170777
6.171875000000,0.000245853099
6.179687500000,0.000245536297
6.187500000000,0.000245220368
6.195312500000,0.000244905307
6.203125000000,0.000244591111
6.210937500000,0.000244277777
6.218750000000,0.000243965301
6.226562500000,0.000243653680
6.234375000000,0.000243342910
6.242187500000,0.000243032987
6.250000000000,0.000242723908
6.257812500000,0.000242415669
6.265625000000,0.000242108268
6.273437500000,0.000241801701
6.281250000000,0.000241495963
6.289062500000,0.000241191053
6.296875000000,0.000240886966
6.304687500000,0.000240583700
6.312500000000,0.000240281250
6.320312500000,0.000239979614
6.328125000000,0.000239678789
6.335937500000,0.000239378770
6.343750000000,0.000239079555
6.351562500000,0.000238781141
6.359375000000,0.000238483524
6.367187500000,0.000238186701
6.375000000000,0.000237890669
6.382812500000,0.000237595425
6.390625000000,0.000237300966
6.398437500000,0.000237007288
6.406250000000,0.000236714389
6.414062500000,0.000236422264
6.421875000000,0.000236130913
6.429687500000,0.000235840330
6.437500000000,0.000235550513
6.445312500000,0.000235261460
6.453125000000,0.000234973166
6.460937500000,0.000234685630
6.468750000000,0.000234398847
6.476562500000,0.000234112816
6.484375000000,0.000233827533
6.492187500000,0.000233542996
6.500000000000,0.000233259200
6.507812500000,0.000232976144
6.515625000000,0.000232693825
6.523437500000,0.000232412239
6.531250000000,0.000232131384
6.539062500000,0.000231851257
6.546875000000,0.000231571855
6.554687500000,0.000231293175
6.562500000000,0.000231015215
6.570312500000,0.000230737972
6.578125000000,0.000230461443
6.585937500000,0.000230185625
6.593750000000,0.000229910515
6.601562500000,0.000229636111
6.609375000000,0.000229362410
6.617187500000,0.000229089410
6.625000000000,0.000228817107
6.632812500000,0.000228545499
6.640625000000,0.000228274584
6.648437500000,0.000228004358
6.656250000000,0.000227734819
6.664062500000,0.000227465965
6.671875000000,0.000227197793
6.679687500000,0.000226930299
6.687500000000,0.000226663483
6.695312500000,0.000226397341
6.703125000000,0.000226131870
6.710937500000,0.000225867068
6.718750000000,0.000225602933
6.726562500000,0.000225339462
6.734375000000,0.000225076652
6.742187500000,0.000224814502
6.750000000000,0.000224553008
6.757812500000,0.000224292168
6.765625000000,0.000224031980
6.773437500000,0.000223772441
6.781250000000,0.000223513548
6.789062500000,0.000223255301
6.796875000000,0.000222997695
6.804687500000,0.000222740729
6.812500000000,0.000222484400
6.820312500000,0.000222228706
6.828125000000,0.000221973644
6.835937500000,0.000221719213
6.843750000000,0.000221465409
6.851562500000,0.000221212232
6.859375000000,0.000220959677
6.867187500000,0.000220707743
6.875000000000,0.000220456428
6.882812500000,0.000220205730
6.890625000000,0.000219955645
6.898437500000,0.000219706173
6.906250000000,0.000219457310
6.914062500000,0.000219209055
6.921875000000,0.000218961404
6.929687500000,0.000218714357
6.937500000000,0.000218467911
6.945312500000,0.000218222064
6.953125000000,0.000217976813
6.960937500000,0.000217732156
6.968750000000,0.000217488091
6.976562500000,0.000217244617
6.984375000000,0.000217001730
6.992187500000,0.000216759430
7.000000000000,0.000216517713
7.007812500000,0.000216276577
7.015625000000,0.000216036021
7.023437500000,0.000215796043
7.031250000000,0.000215556640
7.039062500000,0.000215317810
7.046875000000,0.000215079551
7.054687500000,0.000214841862
7.062500000000,0.000214604740
7.070312500000,0.000214368183
7.078125000000,0.000214132190
7.085937500000,0.000213896757
7.093750000000,0.000213661884
7.101562500000,0.000213427568
7.109375000000,0.000213193807
7.117187500000,0.000212960600
7.125000000000,0.000212727944
7.132812500000,0.000212495837
7.140625000000,0.000212264278
7.148437500000,0.000212033264
7.156250000000,0.000211802794
7.164062500000,0.000211572866
7.171875000000,0.000211343477
7.179687500000,0.000211114627
7.187500000000,0.000210886313
7.195312500000,0.000210658532
7.203125000000,0.000210431285
7.210937500000,0.000210204567
7.218750000000,0.000209978379
7.226562500000,0.000209752717
7.234375000000,0.000209527580
7.242187500000,0.000209302966
7.250000000000,0.000209078874
7.257812500000,0.000208855301
7.265625000000,0.000208632246
7.273437500000,0.000208409708
7.281250000000,0.000208187683
7.289062500000,0.000207966171
7.296875000000,0.000207745169
7.304687500000,0.000207524677
7.312500000000,0.000207304691
7.320312500000,0.000207085211
7.328125000000,0.000206866235
7.335937500000,0.000206647761
7.343750000000,0.000206429788
7.351562500000,0.000206212312
7.359375000000,0.000205995334
7.367187500000,0.000205778851
7.375000000000,0.000205562862
7.382812500000,0.000205347365
7.390625000000,0.000205132357
7.398437500000,0.000204917839
7.406250000000,0.000204703807
7.414062500000,0.000204490261
7.421875000000,0.000204277198
7.429687500000,0.000204064617
7.437500000000,0.000203852517
7.445312500000,0.000203640895
7.453125000000,0.000203429751
7.460937500000,0.000203219082
7.468750000000,0.000203008888
7.476562500000,0.000202799166
7.484375000000,0.000202589914
7.492187500000,0.000202381132
7.500000000000,0.000202172818
7.507812500000,0.000201964970
7.515625000000,0.000201757586
7.523437500000,0.000201550666
7.531250000000,0.000201344207
7.539062500000,0.000201138208
7.546875000000,0.000200932667
7.554687500000,0.000200727584
7.562500000000,0.000200522956
7.570312500000,0.000200318782
7.578125000000,0.000200115061
7.585937500000,0.000199911791
7.593750000000,0.000199708970
7.601562500000,0.000199506597
7.609375000000,0.000199304671
7.617187500000,0.000199103190
7.625000000000,0.000198902153
7.632812500000,0.000198701558
7.640625000000,0.000198501404
7.648437500000,0.000198301689
7.656250000000,0.000198102412
7.664062500000,0.000197903572
7.671875000000,0.000197705166
7.679687500000,0.000197507195
7.687500000000,0.000197309655
7.695312500000,0.000197112547
7.703125000000,0.000196915868
7.710937500000,0.000196719617
7.718750000000,0.000196523793
7.726562500000,0.000196328395
7.734375000000,0.000196133420
7.742187500000,0.000195938868
7.750000000000,0.000195744738
7.757812500000,0.000195551027
7.765625000000,0.000195357735
7.773437500000,0.000195164860
7.781250000000,0.000194972401
7.789062500000,0.000194780356
7.796875000000,0.000194588725
7.804687500000,0.000194397506
7.812500000000,0.000194206698
7.820312500000,0.000194016299
7.828125000000,0.000193826308
7.835937500000,0.000193636724
7.843750000000,0.000193447545
7.851562500000,0.000193258770
7.859375000000,0.000193070399
7.867187500000,0.000192882429
7.875000000000,0.000192694859
7.882812500000,0.000192507689
7.890625000000,0.000192320917
7.898437500000,0.000192134541
7.906250000000,0.000191948560
7.914062500000,0.000191762974
7.921875000000,0.000191577780
7.929687500000,0.000191392979
7.937500000000,0.000191208567
7.945312500000,0.000191024545
7.953125000000,0.000190840912
7.960937500000,0.000190657664
7.968750000000,0.000190474803
7.976562500000,0.000190292326
7.984375000000,0.000190110232
7.992187500000,0.000189928520
8.000000000000,0.000189747190
8.007812500000,0.000189566238
8.015625000000,0.000189385666
8.023437500000,0.000189205471
8.031250000000,0.000189025652
8.039062500000,0.000188846208
8.046875000000,0.000188667137
8.054687500000,0.000188488440
8.062500000000,0.000188310114
8.070312500000,0.000188132159
8.078125000000,0.000187954573
8.085937500000,0.000187777355
8.093750000000,0.000187600505
8.101562500000,0.000187424020
8.109375000000,0.000187247900
8.117187500000,0.000187072144
8.125000000000,0.000186896750
8.132812500000,0.000186721718
8.140625000000,0.000186547046
8.148437500000,0.000186372734
8.156250000000,0.000186198780
8.164062500000,0.000186025183
8.171875000000,0.000185851943
8.179687500000,0.000185679057
8.187500000000,0.000185506525
8.195312500000,0.000185334346
8.203125000000,0.000185162519
8.210937500000,0.000184991043
8.218750000000,0.000184819916
8.226562500000,0.000184649138
8.234375000000,0.000184478707
8.242187500000,0.000184308624
8.250000000000,0.000184138885
8.257812500000,0.000183969492
8.265625000000,0.000183800441
8.273437500000,0.000183631733
8.281250000000,0.000183463367
8.289062500000,0.000183295341
8.296875000000,0.000183127654
8.304687500000,0.000182960306
8.312500000000,0.000182793295
8.320312500000,0.000182626621
8.328125000000,0.000182460282
8.335937500000,0.000182294277
8.343750000000,0.000182128606
8.351562500000,0.000181963267
8.359375000000,0.000181798260
8.367187500000,0.000181633583
8.375000000000,0.000181469236
8.382812500000,0.000181305217
8.390625000000,0.000181141526
8.398437500000,0.000180978162
8.406250000000,0.000180815123
8.414062500000,0.000180652409
8.421875000000,0.000180490018
8.429687500000,0.000180327951
8.437500000000,0.000180166205
8.445312500000,0.000180004780
8.453125000000,0.000179843676
8.460937500000,0.000179682890
8.468750000000,0.000179522423
8.476562500000,0.000179362272
8.484375000000,0.000179202438
8.492187500000,0.000179042920
8.500000000000,0.000178883716
8.507812500000,0.000178724825
8.515625000000,0.000178566248
8.523437500000,0.000178407982
8.531250000000,0.000178250026
8.539062500000,0.000178092381
8.546875000000,0.000177935045
8.554687500000,0.000177778017
8.562500000000,0.000177621297
8.570312500000,0.000177464883
8.578125000000,0.000177308774
8.585937500000,0.000177152970
8.593750000000,0.000176997470
8.601562500000,0.000176842273
8.609375000000,0.000176687378
8.617187500000,0.000176532784
8.625000000000,0.000176378491
8.632812500000,0.000176224497
8.640625000000,0.000176070801
8.648437500000,0.000175917404
8.656250000000,0.000175764304
8.664062500000,0.000175611499
8.671875000000,0.000175458990
8.679687500000,0.000175306775
8.687500000000,0.000175154854
8.695312500000,0.000175003226
8.703125000000,0.000174851890
8.710937500000,0.000174700845
8.718750000000,0.000174550090
8.726562500000,0.000174399625
8.734375000000,0.000174249449
8.742187500000,0.000174099560
8.750000000000,0.000173949958
8.757812500000,0.000173800643
8.765625000000,0.000173651613
8.773437500000,0.000173502868
8.781250000000,0.000173354407
8.789062500000,0.000173206229
8.796875000000,0.000173058333
8.804687500000,0.000172910719
8.812500000000,0.000172763386
8.820312500000,0.000172616332
8.828125000000,0.000172469558
8.835937500000,0.000172323062
8.843750000000,0.000172176844
8.851562500000,0.000172030903
8.859375000000,0.000171885237
8.867187500000,0.000171739848
8.875000000000,0.000171594732
8.882812500000,0.000171449891
8.890625000000,0.000171305323
8.898437500000,0.000171161026
8.906250000000,0.000171017002
8.914062500000,0.000170873248
8.921875000000,0.000170729765
8.929687500000,0.000170586551
8.937500000000,0.000170443605
8.945312500000,0.000170300928
8.953125000000,0.000170158517
8.960937500000,0.000170016373
8.968750000000,0.000169874495
8.976562500000,0.000169732882
8.984375000000,0.000169591533
8.992187500000,0.000169450447
9.000000000000,0.000169309624
9.007812500000,0.000169169064
9.015625000000,0.000169028765
9.023437500000,0.000168888726
9.031250000000,0.000168748948
9.039062500000,0.000168609428
9.046875000000,0.000168470168
9.054687500000,0.000168331165
9.062500000000,0.000168192419
9.070312500000,0.000168053930
9.078125000000,0.000167915697
9.085937500000,0.000167777719
9.093750000000,0.000167639995
9.101562500000,0.000167502525
9.109375000000,0.000167365309
9.117187500000,0.000167228344
9.125000000000,0.000167091632
9.132812500000,0.000166955170
9.140625000000,0.000166818959
9.148437500000,0.000166682997
9.156250000000,0.000166547285
9.164062500000,0.000166411820
9.171875000000,0.000166276604
9.179687500000,0.000166141635
9.187500000000,0.000166006912
9.195312500000,0.000165872435
9.203125000000,0.000165738203
9.210937500000,0.000165604215
9.218750000000,0.000165470471
9.226562500000,0.000165336971
9.234375000000,0.000165203713
9.242187500000,0.000165070697
9.250000000000,0.000164937922
9.257812500000,0.000164805387
9.265625000000,0.000164673093
9.273437500000,0.000164541038
9.281250000000,0.000164409222
9.289062500000,0.000164277644
9.296875000000,0.000164146303
9.304687500000,0.000164015199
9.312500000000,0.000163884332
9.320312500000,0.000163753700
9.328125000000,0.000163623303
9.335937500000,0.000163493140
9.343750000000,0.000163363212
9.351562500000,0.000163233516
9.359375000000,0.000163104053
9.367187500000,0.000162974822
9.375000000000,0.000162845822
9.382812500000,0.000162717053
9.390625000000,0.000162588515
9.398437500000,0.000162460205
9.406250000000,0.000162332125
9.414062500000,0.000162204273
9.421875000000,0.000162076649
9.429687500000,0.000161949252
9.437500000000,0.000161822082
9.445312500000,0.000161695138
9.453125000000,0.000161568419
9.460937500000,0.000161441925
9.468750000000,0.000161315655
9.476562500000,0.000161189609
9.484375000000,0.000161063787
9.492187500000,0.000160938187
9.500000000000,0.000160812808
9.507812500000,0.000160687652
9.515625000000,0.000160562716
9.523437500000,0.000160438000
9.531250000000,0.000160313504
9.539062500000,0.000160189228
9.546875000000,0.000160065170
9.554687500000,0.000159941330
9.562500000000,0.000159817707
9.570312500000,0.000159694302
9.578125000000,0.000159571113
9.585937500000,0.000159448140
9.593750000000,0.000159325382
9.601562500000,0.000159202839
9.609375000000,0.000159080510
9.617187500000,0.000158958395
9.625000000000,0.000158836493
9.632812500000,0.000158714804
9.640625000000,0.000158593327
9.648437500000,0.000158472061
9.656250000000,0.000158351006
9.664062500000,0.000158230162
9.671875000000,0.000158109528
9.679687500000,0.000157989103
9.687500000000,0.000157868887
9.695312500000,0.000157748880
9.703125000000,0.000157629080
9.710937500000,0.000157509488
9.718750000000,0.000157390102
9.726562500000,0.000157270923
9.734375000000,0.000157151950
9.742187500000,0.000157033182
9.750000000000,0.000156914618
9.757812500000,0.000156796259
9.765625000000,0.000156678104
9.773437500000,0.000156560152
9.781250000000,0.000156442403
9.789062500000,0.000156324856
9.796875000000,0.000156207511
9.804687500000,0.000156090367
9.812500000000,0.000155973423
9.820312500000,0.000155856680
9.828125000000,0.000155740137
9.835937500000,0.000155623793
9.843750000000,0.000155507648
9.851562500000,0.000155391701
9.859375000000,0.000155275952
9.867187500000,0.000155160400
9.875000000000,0.000155045045
9.882812500000,0.000154929887
9.890625000000,0.000154814924
9.898437500000,0.000154700157
9.906250000000,0.000154585585
9.914062500000,0.000154471207
9.921875000000,0.000154357023
9.929687500000,0.000154243032
9.937500000000,0.000154129235
9.945312500000,0.000154015630
9.953125000000,0.000153902217
9.960937500000,0.000153788996
9.968750000000,0.000153675966
9.976562500000,0.000153563127
9.984375000000,0.000153450478
9.992187500000,0.000153338018
10.000000000000,0.000153225748
10.007812500000,0.000153113667
10.015625000000,0.000153001774
10.023437500000,0.000152890070
10.031250000000,0.000152778552
10.039062500000,0.000152667222
10.046875000000,0.000152556078
10.054687500000,0.000152445121
10.062500000000,0.000152334349
10.070312500000,0.000152223762
10.078125000000,0.000152113360
10.085937500000,0.000152003143
10.093750000000,0.000151893109
10.101562500000,0.000151783259
10.109375000000,0.000151673592
10.117187500000,0.000151564108
10.125000000000,0.000151454805
10.132812500000,0.000151345685
10.140625000000,0.000151236745
10.148437500000,0.000151127987
10.156250000000,0.000151019409
10.164062500000,0.000150911011
10.171875000000,0.000150802793
10.179687500000,0.000150694753
10.187500000000,0.000150586893
10.195312500000,0.000150479211
10.203125000000,0.000150371706
10.210937500000,0.000150264380
10.218750000000,0.000150157230
10.226562500000,0.000150050257
10.234375000000,0.000149943460
10.242187500000,0.000149836838
10.250000000000,0.000149730393
10.257812500000,0.000149624122
10.265625000000,0.000149518026
10.273437500000,0.000149412103
10.281250000000,0.000149306355
10.289062500000,0.000149200780
10.296875000000,0.000149095378
10.304687500000,0.000148990148
10.312500000000,0.000148885091
10.320312500000,0.000148780205
10.328125000000,0.000148675490
10.335937500000,0.000148570947
10.343750000000,0.000148466574
10.351562500000,0.000148362371
10.359375000000,0.000148258338
10.367187500000,0.000148154474
10.375000000000,0.000148050779
10.382812500000,0.000147947252
10.390625000000,0.000147843894
10.398437500000,0.000147740704
10.406250000000,0.000147637680
10.414062500000,0.000147534824
10.421875000000,0.000147432135
10.429687500000,0.000147329611
10.437500000000,0.000147227254
10.445312500000,0.000147125062
10.453125000000,0.000147023035
10.460937500000,0.000146921173
10.468750000000,0.000146819475
10.476562500000,0.000146717940
10.484375000000,0.000146616570
10.492187500000,0.000146515363
10.500000000000,0.000146414318
10.507812500000,0.000146313436
10.515625000000,0.000146212716
10.523437500000,0.000146112158
10.531250000000,0.000146011760
10.539062500000,0.000145911524
10.546875000000,0.000145811449
10.554687500000,0.000145711534
10.562500000000,0.000145611778
10.570312500000,0.000145512182
10.578125000000,0.000145412745
10.585937500000,0.000145313467
10.593750000000,0.000145214347
10.601562500000,0.000145115386
10.609375000000,0.000145016582
10.617187500000,0.000144917935
10.625000000000,0.000144819446
10.632812500000,0.000144721112
10.640625000000,0.000144622936
10.648437500000,0.000144524915
10.656250000000,0.000144427049
10.664062500000,0.000144329339
10.671875000000,0.000144231784
10.679687500000,0.000144134383
10.687500000000,0.000144037137
10.695312500000,0.000143940044
10.703125000000,0.000143843105
10.710937500000,0.000143746318
10.718750000000,0.000143649685
10.726562500000,0.000143553204
10.734375000000,0.000143456875
10.742187500000,0.000143360698
10.750000000000,0.000143264672
10.757812500000,0.000143168798
10.765625000000,0.000143073074
10.773437500000,0.000142977500
10.781250000000,0.000142882077
10.789062500000,0.000142786803
10.796875000000,0.000142691679
10.804687500000,0.000142596704
10.812500000000,0.000142501877
10.820312500000,0.000142407199
10.828125000000,0.000142312669
10.835937500000,0.000142218287
10.843750000000,0.000142124052
10.851562500000,0.000142029964
10.859375000000,0.000141936023
10.867187500000,0.000141842229
10.875000000000,0.000141748580
10.882812500000,0.000141655078
10.890625000000,0.000141561721
10.898437500000,0.000141468509
10.906250000000,0.000141375442
10.914062500000,0.000141282519
10.921875000000,0.000141189741
10.929687500000,0.000141097106
10.937500000000,0.000141004615
10.945312500000,0.000140912268
10.953125000000,0.000140820063
10.960937500000,0.000140728001
10.968750000000,0.000140636081
10.976562500000,0.000140544303
10.984375000000,0.000140452667
10.992187500000,0.000140361173
11.000000000000,0.000140269819
11.007812500000,0.000140178606
11.015625000000,0.000140087534
11.023437500000,0.000139996602
11.031250000000,0.000139905810
11.039062500000,0.000139815157
11.046875000000,0.000139724643
11.054687500000,0.000139634269
11.062500000000,0.000139544033
11.070312500000,0.000139453935
11.078125000000,0.000139363976
11.085937500000,0.000139274154
11.093750000000,0.000139184470
11.101562500000,0.000139094923
11.109375000000,0.000139005513
11.117187500000,0.000138916239
11.125000000000,0.000138827101
11.132812500000,0.000138738100
11.140625000000,0.000138649234
11.148437500000,0.000138560504
11.156250000000,0.000138471909
11.164062500000,0.000138383448
11.171875000000,0.000138295122
11.179687500000,0.000138206930
11.187500000000,0.000138118873
11.195312500000,0.000138030949
11.203125000000,0.000137943158
11.210937500000,0.000137855500
11.218750000000,0.000137767976
11.226562500000,0.000137680583
11.234375000000,0.000137593323
11.242187500000,0.000137506195
11.250000000000,0.000137419199
11.257812500000,0.000137332334
11.265625000000,0.000137245600
11.273437500000,0.000137158997
11.281250000000,0.000137072524
11.289062500000,0.000136986182
11.296875000000,0.000136899970
11.304687500000,0.000136813888
11.312500000000,0.000136727935
11.320312500000,0.000136642111
11.328125000000,0.000136556416
11.335937500000,0.000136470850
11.343750000000,0.000136385412
11.351562500000,0.000136300102
11.359375000000,0.000136214921
11.367187500000,0.000136129866
11.375000000000,0.000136044939
11.382812500000,0.000135960139
11.390625000000,0.000135875466
11.398437500000,0.000135790919
11.406250000000,0.000135706499
11.414062500000,0.000135622204
11.421875000000,0.000135538036
11.429687500000,0.000135453992
11.437500000000,0.000135370074
11.445312500000,0.000135286281
11.453125000000,0.000135202612
11.460937500000,0.000135119068
11.468750000000,0.000135035648
11.476562500000,0.000134952352
11.484375000000,0.000134869179
11.492187500000,0.000134786130
11.500000000000,0.000134703204
11.507812500000,0.000134620401
11.515625000000,0.000134537720
11.523437500000,0.000134455162
11.531250000000,0.000134372726
11.539062500000,0.000134290411
11.546875000000,0.000134208218
11.554687500000,0.000134126147
11.562500000000,0.000134044197
11.570312500000,0.000133962367
11.578125000000,0.000133880658
11.585937500000,0.000133799070
11.593750000000,0.000133717601
11.601562500000,0.000133636253
11.609375000000,0.000133555024
11.617187500000,0.000133473914
11.625000000000,0.000133392923
11.632812500000,0.000133312052
11.640625000000,0.000133231298
11.648437500000,0.000133150664
11.656250000000,0.000133070147
11.664062500000,0.000132989748
11.671875000000,0.000132909467
11.679687500000,0.000132829304
11.687500000000,0.000132749257
11.695312500000,0.000132669328
11.703125000000,0.000132589515
11.710937500000,0.000132509819
11.718750000000,0.000132430239
11.726562500000,0.000132350774
11.734375000000,0.000132271426
11.742187500000,0.000132192193
11.750000000000,0.000132113076
11.757812500000,0.000132034073
11.765625000000,0.000131955185
11.773437500000,0.000131876412
11.781250000000,0.000131797753
11.789062500000,0.000131719209
11.796875000000,0.000131640778
11.804687500000,0.000131562461
11.812500000000,0.000131484257
11.820312500000,0.000131406166
11.828125000000,0.000131328189
11.835937500000,0.000131250324
11.843750000000,0.000131172572
11.851562500000,0.000131094932
11.859375000000,0.000131017404
11.867187500000,0.000130939988
11.875000000000,0.000130862683
11.882812500000,0.000130785490
11.890625000000,0.000130708408
11.898437500000,0.000130631437
11.906250000000,0.000130554577
11.914062500000,0.000130477827
11.921875000000,0.000130401188
11.929687500000,0.000130324659
11.937500000000,0.000130248239
11.945312500000,0.000130171929
11.953125000000,0.000130095729
11.960937500000,0.000130019637
11.968750000000,0.000129943655
11.976562500000,0.000129867781
11.984375000000,0.000129792016
11.992187500000,0.000129716360
12.000000000000,0.000129640811
12.007812500000,0.000129565370
12.015625000000,0.000129490037
12.023437500000,0.000129414812
12.031250000000,0.000129339694
12.039062500000,0.000129264682
12.046875000000,0.000129189778
12.054687500000,0.000129114980
12.062500000000,0.000129040289
12.070312500000,0.000128965704
12.078125000000,0.000128891224
12.085937500000,0.000128816851
12.093750000000,0.000128742583
12.101562500000,0.000128668421
12.109375000000,0.000128594364
12.117187500000,0.000128520411
12.125000000000,0.000128446564
12.132812500000,0.000128372821
12.140625000000,0.000128299182
12.148437500000,0.000128225648
12.156250000000,0.000128152217
12.164062500000,0.000128078890
12.171875000000,0.000128005667
12.179687500000,0.000127932547
12.187500000000,0.000127859530
12.195312500000,0.000127786616
12.203125000000,0.000127713805
12.210937500000,0.000127641096
12.218750000000,0.000127568490
12.226562500000,0.000127495986
12.234375000000,0.000127423583
12.242187500000,0.000127351283
12.250000000000,0.000127279084
12.257812500000,0.000127206986
12.265625000000,0.000127134990
12.273437500000,0.000127063094
12.281250000000,0.000126991299
12.289062500000,0.000126919605
12.296875000000,0.000126848011
12.304687500000,0.000126776517
12.312500000000,0.000126705123
12.320312500000,0.000126633830
12.328125000000,0.000126562635
12.335937500000,0.000126491540
12.343750000000,0.000126420544
12.351562500000,0.000126349648
12.359375000000,0.000126278850
12.367187500000,0.000126208150
12.375000000000,0.000126137550
12.382812500000,0.000126067047
12.390625000000,0.000125996642
12.398437500000,0.000125926336
12.406250000000,0.000125856127
12.414062500000,0.000125786016
12.421875000000,0.000125716001
12.429687500000,0.000125646085
12.437500000000,0.000125576265
12.445312500000,0.000125506541
12.453125000000,0.000125436915
12.460937500000,0.000125367385
12.468750000000,0.000125297951
12.476562500000,0.000125228613
12.484375000000,0.000125159371
12.492187500000,0.000125090224
12.500000000000,0.000125021173
12.507812500000,0.000124952218
12.515625000000,0.000124883357
12.523437500000,0.000124814592
12.531250000000,0.000124745921
12.539062500000,0.000124677345
12.546875000000,0.000124608863
12.554687500000,0.000124540475
12.562500000000,0.000124472182
12.570312500000,0.000124403982
12.578125000000,0.000124335877
12.585937500000,0.000124267864
12.593750000000,0.000124199945
12.601562500000,0.000124132120
12.609375000000,0.000124064387
12.617187500000,0.000123996747
12.625000000000,0.000123929199
12.632812500000,0.000123861745
12.640625000000,0.000123794382
12.648437500000,0.000123727112
12.656250000000,0.000123659933
12.664062500000,0.000123592847
12.671875000000,0.000123525852
12.679687500000,0.000123458948
12.687500000000,0.000123392136
12.695312500000,0.000123325415
12.703125000000,0.000123258784
12.710937500000,0.000123192245
12.718750000000,0.000123125796
12.726562500000,0.000123059438
12.734375000000,0.000122993170
12.742187500000,0.000122926992
12.750000000000,0.000122860903
12.757812500000,0.000122794905
12.765625000000,0.000122728996
12.773437500000,0.000122663177
12.781250000000,0.000122597447
12.789062500000,0.000122531806
12.796875000000,0.000122466254
12.804687500000,0.000122400791
12.812500000000,0.000122335416
12.820312500000,0.000122270130
12.828125000000,0.000122204932
12.835937500000,0.000122139822
12.843750000000,0.000122074800
12.851562500000,0.000122009866
12.859375000000,0.000121945020
12.867187500000,0.000121880261
12.875000000000,0.000121815589
12.882812500000,0.000121751005
12.890625000000,0.000121686507
12.898437500000,0.000121622097
12.906250000000,0.000121557773
12.914062500000,0.000121493535
12.921875000000,0.000121429384
12.929687500000,0.000121365319
12.937500000000,0.000121301341
12.945312500000,0.000121237448
12.953125000000,0.000121173640
12.960937500000,0.000121109919
12.968750000000,0.000121046283
12.976562500000,0.000120982732
12.984375000000,0.000120919266
12.992187500000,0.000120855885
13.000000000000,0.000120792589
13.007812500000,0.000120729378
13.015625000000,0.000120666251
13.023437500000,0.000120603208
13.031250000000,0.000120540250
13.039062500000,0.000120477375
13.046875000000,0.000120414585
13.054687500000,0.000120351878
13.062500000000,0.000120289255
13.070312500000,0.000120226715
13.078125000000,0.000120164259
13.085937500000,0.000120101885
13.093750000000,0.000120039595
13.101562500000,0.000119977388
13.109375000000,0.000119915263
13.117187500000,0.000119853221
13.125000000000,0.000119791261
13.132812500000,0.000119729383
13.140625000000,0.000119667587
13.148437500000,0.000119605874
13.156250000000,0.000119544242
13.164062500000,0.000119482692
13.171875000000,0.000119421223
13.179687500000,0.000119359836
13.187500000000,0.000119298530
13.195312500000,0.000119237305
13.203125000000,0.000119176161
13.210937500000,0.000119115097
13.218750000000,0.000119054115
13.226562500000,0.000118993212
13.234375000000,0.000118932391
13.242187500000,0.000118871649
13.250000000000,0.000118810987
13.257812500000,0.000118750406
13.265625000000,0.000118689904
13.273437500000,0.000118629482
13.281250000000,0.000118569139
13.289062500000,0.000118508876
13.296875000000,0.000118448691
13.304687500000,0.000118388586
13.312500000000,0.000118328560
13.320312500000,0.000118268613
13.328125000000,0.000118208744
13.335937500000,0.000118148954
13.343750000000,0.000118089242
13.351562500000,0.000118029609
13.359375000000,0.000117970053
13.367187500000,0.000117910576
13.375000000000,0.000117851176
13.382812500000,0.000117791854
13.390625000000,0.000117732610
13.398437500000,0.000117673443
13.406250000000,0.000117614353
13.414062500000,0.000117555341
13.421875000000,0.000117496405
13.429687500000,0.000117437547
13.437500000000,0.000117378765
13.445312500000,0.000117320060
13.453125000000,0.000117261431
13.460937500000,0.000117202878
13.468750000000,0.000117144402
13.476562500000,0.000117086002
13.484375000000,0.000117027678
13.492187500000,0.000116969429
13.500000000000,0.000116911257
13.507812500000,0.000116853160
13.515625000000,0.000116795138
13.523437500000,0.000116737191
13.531250000000,0.000116679320
13.539062500000,0.000116621524
13.546875000000,0.000116563803
13.554687500000,0.000116506156
13.562500000000,0.000116448584
13.570312500000,0.000116391087
13.578125000000,0.000116333664
13.585937500000,0.000116276315
13.593750000000,0.000116219040
13.601562500000,0.000116161839
13.609375000000,0.000116104713
13.617187500000,0.000116047660
13.625000000000,0.000115990680
13.632812500000,0.000115933774
13.640625000000,0.000115876942
13.648437500000,0.000115820182
13.656250000000,0.000115763496
13.664062500000,0.000115706883
13.671875000000,0.000115650342
13.679687500000,0.000115593875
13.687500000000,0.000115537480
13.695312500000,0.000115481157
13.703125000000,0.000115424907
13.710937500000,0.000115368729
13.718750000000,0.000115312623
13.726562500000,0.000115256589
13.734375000000,0.000115200627
13.742187500000,0.000115144737
13.750000000000,0.000115088918
13.757812500000,0.000115033171
13.765625000000,0.000114977495
13.773437500000,0.000114921891
13.781250000000,0.000114866357
13.789062500000,0.000114810895
13.796875000000,0.000114755504
13.804687500000,0.000114700183
13.812500000000,0.000114644933
13.820312500000,0.000114589754
13.828125000000,0.000114534644
13.835937500000,0.000114479606
13.843750000000,0.000114424637
13.851562500000,0.000114369739
13.859375000000,0.000114314910
13.867187500000,0.000114260151
13.875000000000,0.000114205462
13.882812500000,0.000114150843
13.890625000000,0.000114096293
13.898437500000,0.000114041812
13.906250000000,0.000113987401
13.914062500000,0.000113933059
13.921875000000,0.000113878785
13.929687500000,0.000113824581
13.937500000000,0.000113770445
13.945312500000,0.000113716378
13.953125000000,0.000113662380
13.960937500000,0.000113608450
13.968750000000,0.000113554588
13.976562500000,0.000113500795
13.984375000000,0.000113447069
13.992187500000,0.000113393412
14.000000000000,0.000113339823
14.007812500000,0.000113286301
14.015625000000,0.000113232847
14.023437500000,0.000113179460
14.031250000000,0.000113126141
14.039062500000,0.000113072889
14.046875000000,0.000113019704
14.054687500000,0.000112966586
14.062500000000,0.000112913536
14.070312500000,0.000112860552
14.078125000000,0.000112807635
14.085937500000,0.000112754784
14.093750000000,0.000112702000
14.101562500000,0.000112649283
14.109375000000,0.000112596631
14.117187500000,0.000112544046
14.125000000000,0.000112491527
14.132812500000,0.000112439074
14.140625000000,0.000112386687
14.148437500000,0.000112334365
14.156250000000,0.000112282110
14.164062500000,0.000112229919
14.171875000000,0.000112177794
14.179687500000,0.000112125735
14.187500000000,0.000112073741
14.195312500000,0.000112021811
14.203125000000,0.000111969947
14.210937500000,0.000111918148
14.218750000000,0.000111866413
14.226562500000,0.000111814744
14.234375000000,0.000111763138
14.242187500000,0.000111711597
14.250000000000,0.000111660121
14.257812500000,0.000111608709
14.265625000000,0.000111557361
14.273437500000,0.000111506077
14.281250000000,0.000111454857
14.289062500000,0.000111403700
14.296875000000,0.000111352608
14.304687500000,0.000111301579
14.312500000000,0.000111250614
14.320312500000,0.000111199712
14.328125000000,0.000111148873
14.335937500000,0.000111098098
14.343750000000,0.000111047386
14.351562500000,0.000110996736
14.359375000000,0.000110946150
14.367187500000,0.000110895626
14.375000000000,0.000110845166
14.382812500000,0.000110794767
14.390625000000,0.000110744432
14.398437500000,0.000110694158
14.406250000000,0.000110643947
14.414062500000,0.000110593798
14.421875000000,0.000110543712
14.429687500000,0.000110493687
14.437500000000,0.000110443724
14.445312500000,0.000110393823
14.453125000000,0.000110343984
14.460937500000,0.000110294206
14.468750000000,0.000110244490
14.476562500000,0.000110194835
14.484375000000,0.000110145242
14.492187500000,0.000110095709
14.500000000000,0.000110046238
14.507812500000,0.000109996828
14.515625000000,0.000109947479
14.523437500000,0.000109898190
14.531250000000,0.000109848962
14.539062500000,0.000109799795
14.546875000000,0.000109750689
14.554687500000,0.000109701642
14.562500000000,0.000109652657
14.570312500000,0.000109603731
14.578125000000,0.000109554865
14.585937500000,0.000109506060
14.593750000000,0.000109457315
14.601562500000,0.000109408629
14.609375000000,0.000109360003
14.617187500000,0.000109311437
14.625000000000,0.000109262930
14.632812500000,0.000109214483
14.640625000000,0.000109166095
14.648437500000,0.000109117767
14.656250000000,0.000109069497
14.664062500000,0.000109021287
14.671875000000,0.000108973136
14.679687500000,0.000108925043
14.687500000000,0.000108877010
14.695312500000,0.000108829035
14.703125000000,0.000108781119
14.710937500000,0.000108733261
14.718750000000,0.000108685462
14.726562500000,0.000108637721
14.734375000000,0.000108590039
14.742187500000,0.000108542414
14.750000000000,0.000108494848
14.757812500000,0.000108447340
14.765625000000,0.000108399889
14.773437500000,0.000108352497
14.781250000000,0.000108305162
14.789062500000,0.000108257885
14.796875000000,0.000108210665
14.804687500000,0.000108163502
14.812500000000,0.000108116398
14.820312500000,0.000108069350
14.828125000000,0.000108022359
14.835937500000,0.000107975426
14.843750000000,0.000107928549
14.851562500000,0.000107881730
14.859375000000,0.000107834967
14.867187500000,0.000107788261
14.875000000000,0.000107741612
14.882812500000,0.000107695019
14.890625000000,0.000107648483
14.898437500000,0.000107602003
14.906250000000,0.000107555579
14.914062500000,0.000107509212
14.921875000000,0.000107462900
14.929687500000,0.000107416645
14.937500000000,0.000107370446
14.945312500000,0.000107324302
14.953125000000,0.000107278214
14.960937500000,0.000107232182
14.968750000000,0.000107186206
14.976562500000,0.000107140285
14.984375000000,0.000107094419
14.992187500000,0.000107048609
15.000000000000,0.000107002854
15.007812500000,0.000106957154
15.015625000000,0.000106911510
15.023437500000,0.000106865920
15.031250000000,0.000106820385
15.039062500000,0.000106774905
15.046875000000,0.000106729480
15.054687500000,0.000106684110
15.062500000000,0.000106638794
15.070312500000,0.000106593532
15.078125000000,0.000106548325
15.085937500000,0.000106503172
15.093750000000,0.000106458074
15.101562500000,0.000106413030
15.109375000000,0.000106368039
15.117187500000,0.000106323103
15.125000000000,0.000106278221
15.132812500000,0.000106233392
15.140625000000,0.000106188617
15.148437500000,0.000106143896
15.156250000000,0.000106099229
15.164062500000,0.000106054615
15.171875000000,0.000106010054
15.179687500000,0.000105965547
15.187500000000,0.000105921093
15.195312500000,0.000105876692
15.203125000000,0.000105832344
15.210937500000,0.000105788050
15.218750000000,0.000105743808
15.226562500000,0.000105699619
15.234375000000,0.000105655483
15.242187500000,0.000105611399
15.250000000000,0.000105567369
15.257812500000,0.000105523390
15.265625000000,0.000105479465
15.273437500000,0.000105435591
15.281250000000,0.000105391770
15.289062500000,0.000105348001
15.296875000000,0.000105304284
15.304687500000,0.000105260620
15.312500000000,0.000105217007
15.320312500000,0.000105173446
15.328125000000,0.000105129937
15.335937500000,0.000105086480
15.343750000000,0.000105043074
15.351562500000,0.000104999720
15.359375000000,0.000104956418
15.367187500000,0.000104913167
15.375000000000,0.000104869967
15.382812500000,0.000104826819
15.390625000000,0.000104783722
15.398437500000,0.000104740676
15.406250000000,0.000104697681
15.414062500000,0.000104654737
15.421875000000,0.000104611844
15.429687500000,0.000104569001
15.437500000000,0.000104526210
15.445312500000,0.000104483469
15.453125000000,0.000104440779
15.460937500000,0.000104398139
15.468750000000,0.000104355550
15.476562500000,0.000104313011
15.484375000000,0.000104270522
15.492187500000,0.000104228084
15.500000000000,0.000104185696
15.507812500000,0.000104143358
15.515625000000,0.000104101070
15.523437500000,0.000104058832
15.531250000000,0.000104016643
15.539062500000,0.000103974505
15.546875000000,0.000103932416
15.554687500000,0.000103890377
15.562500000000,0.000103848387
15.570312500000,0.000103806447
15.578125000000,0.000103764556
15.585937500000,0.000103722715
15.593750000000,0.000103680923
15.601562500000,0.000103639180
15.609375000000,0.000103597486
15.617187500000,0.000103555841
15.625000000000,0.000103514246
15.632812500000,0.000103472699
15.640625000000,0.000103431201
15.648437500000,0.000103389752
15.656250000000,0.000103348351
15.664062500000,0.000103306999
15.671875000000,0.000103265696
15.679687500000,0.000103224441
15.687500000000,0.000103183234
15.695312500000,0.000103142076
15.703125000000,0.000103100966
15.710937500000,0.000103059905
15.718750000000,0.000103018891
15.726562500000,0.000102977926
15.734375000000,0.000102937008
15.742187500000,0.000102896139
15.750000000000,0.000102855317
15.757812500000,0.000102814543
15.765625000000,0.000102773817
15.773437500000,0.000102733138
15.781250000000,0.000102692507
15.789062500000,0.000102651924
15.796875000000,0.000102611388
15.804687500000,0.000102570899
15.812500000000,0.000102530457
15.820312500000,0.000102490063
15.828125000000,0.000102449716
15.835937500000,0.000102409416
15.843750000000,0.000102369163
15.851562500000,0.000102328957
15.859375000000,0.000102288798
15.867187500000,0.000102248686
15.875000000000,0.000102208620
15.882812500000,0.000102168602
15.890625000000,0.000102128629
15.898437500000,0.000102088704
15.906250000000,0.000102048824
15.914062500000,0.000102008992
15.921875000000,0.000101969205
15.929687500000,0.000101929465
15.937500000000,0.000101889771
15.945312500000,0.000101850123
15.953125000000,0.000101810522
15.960937500000,0.000101770966
15.968750000000,0.000101731456
15.976562500000,0.000101691992
15.984375000000,0.000101652574
15.992187500000,0.000101613202
16.000000000000,0.000101573876
16.007812500000,0.000101534595
16.015625000000,0.000101495359
16.023437500000,0.000101456169
16.031250000000,0.000101417025
16.039062500000,0.000101377926
16.046875000000,0.000101338872
16.054687500000,0.000101299863
16.062500000000,0.000101260900
16.070312500000,0.000101221982
16.078125000000,0.000101183108
16.085937500000,0.000101144280
16.093750000000,0.000101105497
16.101562500000,0.000101066758
16.109375000000,0.000101028065
16.117187500000,0.000100989416
16.125000000000,0.000100950811
16.132812500000,0.000100912252
16.140625000000,0.000100873736
16.148437500000,0.000100835266
16.156250000000,0.000100796839
16.164062500000,0.000100758457
16.171875000000,0.000100720120
16.179687500000,0.000100681826
16.187500000000,0.000100643577
16.195312500000,0.000100605372
16.203125000000,0.000100567211
16.210937500000,0.000100529093
16.218750000000,0.000100491020
16.226562500000,0.000100452991
16.234375000000,0.000100415005
16.242187500000,0.000100377063
16.250000000000,0.000100339165
16.257812500000,0.000100301310
16.265625000000,0.000100263499
16.273437500000,0.000100225732
16.281250000000,0.000100188007
16.289062500000,0.000100150327
16.296875000000,0.000100112689
16.304687500000,0.000100075095
16.312500000000,0.000100037544
16.320312500000,0.000100000036
16.328125000000,0.000099962571
16.335937500000,0.000099925149
16.343750000000,0.000099887770
16.351562500000,0.000099850434
16.359375000000,0.000099813141
16.367187500000,0.000099775890
16.375000000000,0.000099738682
16.382812500000,0.000099701517
16.390625000000,0.000099664395
16.398437500000,0.000099627315
16.406250000000,0.000099590277
16.414062500000,0.000099553282
16.421875000000,0.000099516329
16.429687500000,0.000099479418
16.437500000000,0.000099442550
16.445312500000,0.000099405724
16.453125000000,0.000099368940
16.460937500000,0.000099332198
16.468750000000,0.000099295498
16.476562500000,0.000099258840
16.484375000000,0.000099222224
16.492187500000,0.000099185650
16.500000000000,0.000099149117
16.507812500000,0.000099112626
16.515625000000,0.000099076177
16.523437500000,0.000099039769
16.531250000000,0.000099003403
16.539062500000,0.000098967079
16.546875000000,0.000098930796
16.554687500000,0.000098894554
16.562500000000,0.000098858353
16.570312500000,0.000098822194
16.578125000000,0.000098786076
16.585937500000,0.000098749999
16.593750000000,0.000098713964
16.601562500000,0.000098677969
16.609375000000,0.000098642015
16.617187500000,0.000098606102
16.625000000000,0.000098570230
16.632812500000,0.000098534399
16.640625000000,0.000098498609
16.648437500000,0.000098462859
16.656250000000,0.000098427150
16.664062500000,0.000098391481
16.671875000000,0.000098355853
16.679687500000,0.000098320266
16.687500000000,0.000098284719
16.695312500000,0.000098249212
16.703125000000,0.000098213746
16.710937500000,0.000098178320
16.718750000000,0.000098142934
16.726562500000,0.000098107588
16.734375000000,0.000098072282
16.742187500000,0.000098037017
16.750000000000,0.000098001791
16.757812500000,0.000097966605
16.765625000000,0.000097931460
16.773437500000,0.000097896354
16.781250000000,0.000097861287
16.789062500000,0.000097826261
16.796875000000,0.000097791274
16.804687500000,0.000097756327
16.812500000000,0.000097721419
16.820312500000,0.000097686551
16.828125000000,0.000097651722
16.835937500000,0.000097616933
16.843750000000,0.000097582183
16.851562500000,0.000097547472
16.859375000000,0.000097512801
16.867187500000,0.000097478168
16.875000000000,0.000097443575
16.882812500000,0.000097409021
16.890625000000,0.000097374506
16.898437500000,0.000097340030
16.906250000000,0.000097305593
16.914062500000,0.000097271195
16.921875000000,0.000097236835
16.929687500000,0.000097202515
16.937500000000,0.000097168233
16.945312500000,0.000097133989
16.953125000000,0.000097099785
16.960937500000,0.000097065619
16.968750000000,0.000097031491
16.976562500000,0.000096997402
16.984375000000,0.000096963351
16.992187500000,0.000096929339
17.000000000000,0.000096895365
17.007812500000,0.000096861429
17.015625000000,0.000096827532
17.023437500000,0.000096793672
17.031250000000,0.000096759851
17.039062500000,0.000096726068
17.046875000000,0.000096692323
17.054687500000,0.000096658616
17.062500000000,0.000096624946
17.070312500000,0.000096591315
17.078125000000,0.000096557721
17.085937500000,0.000096524165
17.093750000000,0.000096490647
17.101562500000,0.000096457166
17.109375000000,0.000096423723
17.117187500000,0.000096390318
17.125000000000,0.000096356950
17.132812500000,0.000096323620
17.140625000000,0.000096290327
17.148437500000,0.000096257071
17.156250000000,0.000096223853
17.164062500000,0.000096190672
17.171875000000,0.000096157528
17.179687500000,0.000096124422
17.187500000000,0.000096091352
17.195312500000,0.000096058320
17.203125000000,0.000096025324
17.210937500000,0.000095992366
17.218750000000,0.000095959444
17.226562500000,0.000095926559
17.234375000000,0.000095893712
17.242187500000,0.000095860901
17.250000000000,0.000095828126
17.257812500000,0.000095795389
17.265625000000,0.000095762688
17.273437500000,0.000095730023
17.281250000000,0.000095697396
17.289062500000,0.000095664804
17.296875000000,0.000095632249
17.304687500000,0.000095599731
17.312500000000,0.000095567249
17.320312500000,0.000095534803
17.328125000000,0.000095502393
17.335937500000,0.000095470020
17.343750000000,0.000095437683
17.351562500000,0.000095405382
17.359375000000,0.000095373117
17.367187500000,0.000095340888
17.375000000000,0.000095308695
17.382812500000,0.000095276538
17.390625000000,0.000095244417
17.398437500000,0.000095212332
17.406250000000,0.000095180282
17.414062500000,0.000095148268
17.421875000000,0.000095116290
17.429687500000,0.000095084348
17.437500000000,0.000095052441
17.445312500000,0.000095020570
17.453125000000,0.000094988734
17.460937500000,0.000094956934
17.468750000000,0.000094925169
17.476562500000,0.000094893440
17.484375000000,0.000094861746
17.492187500000,0.000094830087
17.500000000000,0.000094798464
17.507812500000,0.000094766876
17.515625000000,0.000094735323
17.523437500000,0.000094703805
17.531250000000,0.000094672322
17.539062500000,0.000094640874
17.546875000000,0.000094609461
17.554687500000,0.000094578083
17.562500000000,0.000094546740
17.570312500000,0.000094515432
17.578125000000,0.000094484158
17.585937500000,0.000094452920
17.593750000000,0.000094421716
17.601562500000,0.000094390547
17.609375000000,0.000094359412
17.617187500000,0.000094328312
17.625000000000,0.000094297246
17.632812500000,0.000094266215
17.640625000000,0.000094235219
17.648437500000,0.000094204257
17.656250000000,0.000094173329
17.664062500000,0.000094142436
17.671875000000,0.000094111576
17.679687500000,0.000094080752
17.687500000000,0.000094049961
17.695312500000,0.000094019204
17.703125000000,0.000093988482
17.710937500000,0.000093957794
17.718750000000,0.000093927139
17.726562500000,0.000093896519
17.734375000000,0.000093865932
17.742187500000,0.000093835380
17.750000000000,0.000093804861
17.757812500000,0.000093774376
17.765625000000,0.000093743925
17.773437500000,0.000093713508
17.781250000000,0.000093683124
17.789062500000,0.000093652774
17.796875000000,0.000093622458
17.804687500000,0.000093592175
17.812500000000,0.000093561926
17.820312500000,0.000093531710
17.828125000000,0.000093501527
17.835937500000,0.000093471378
17.843750000000,0.000093441263
17.851562500000,0.000093411180
17.859375000000,0.000093381131
17.867187500000,0.000093351115
17.875000000000,0.000093321133
17.882812500000,0.000093291183
17.890625000000,0.000093261267
17.898437500000,0.000093231383
17.906250000000,0.000093201533
17.914062500000,0.000093171716
17.921875000000,0.000093141931
17.929687500000,0.000093112180
17.937500000000,0.000093082461
17.945312500000,0.000093052775
17.953125000000,0.000093023122
17.960937500000,0.000092993502
17.968750000000,0.000092963914
17.976562500000,0.000092934359
17.984375000000,0.000092904837
17.992187500000,0.000092875347
18.000000000000,0.000092845890
18.007812500000,0.000092816465
18.015625000000,0.000092787073
18.023437500000,0.000092757713
18.031250000000,0.000092728385
18.039062500000,0.000092699090
18.046875000000,0.000092669827
18.054687500000,0.000092640597
18.062500000000,0.000092611398
18.070312500000,0.000092582232
18.078125000000,0.000092553098
18.085937500000,0.000092523996
18.093750000000,0.000092494926
18.101562500000,0.000092465889
18.109375000000,0.000092436883
18.117187500000,0.000092407909
18.125000000000,0.000092378967
18.132812500000,0.000092350057
18.140625000000,0.000092321178
18.148437500000,0.000092292332
18.156250000000,0.000092263517
18.164062500000,0.000092234734
18.171875000000,0.000092205983
18.179687500000,0.000092177263
18.187500000000,0.000092148575
18.195312500000,0.000092119918
18.203125000000,0.000092091293
18.210937500000,0.000092062700
18.218750000000,0.000092034137
18.226562500000,0.000092005607
18.234375000000,0.000091977107
18.242187500000,0.000091948639
18.250000000000,0.000091920203
18.257812500000,0.000091891797
18.265625000000,0.000091863423
18.273437500000,0.000091835080
18.281250000000,0.000091806768
18.289062500000,0.000091778487
18.296875000000,0.000091750237
18.304687500000,0.000091722019
18.312500000000,0.000091693831
18.320312500000,0.000091665674
18.328125000000,0.000091637548
18.335937500000,0.000091609453
18.343750000000,0.000091581389
18.351562500000,0.000091553356
18.359375000000,0.000091525353
18.367187500000,0.000091497382
18.375000000000,0.000091469441
18.382812500000,0.000091441530
18.390625000000,0.000091413650
18.398437500000,0.000091385801
18.406250000000,0.000091357983
18.414062500000,0.000091330194
18.421875000000,0.000091302437
18.429687500000,0.000091274710
18.437500000000,0.000091247013
18.445312500000,0.000091219346
18.453125000000,0.000091191710
18.460937500000,0.000091164105
18.468750000000,0.000091136529
18.476562500000,0.000091108984
18.484375000000,0.000091081469
18.492187500000,0.000091053984
18.500000000000,0.000091026529
18.507812500000,0.000090999104
18.515625000000,0.000090971709
18.523437500000,0.000090944345
18.531250000000,0.000090917010
18.539062500000,0.000090889705
18.546875000000,0.000090862431
18.554687500000,0.000090835186
18.562500000000,0.000090807971
18.570312500000,0.000090780785
18.578125000000,0.000090753630
18.585937500000,0.000090726504
18.593750000000,0.000090699408
18.601562500000,0.000090672341
18.609375000000,0.000090645304
18.617187500000,0.000090618297
18.625000000000,0.000090591320
18.632812500000,0.000090564371
18.640625000000,0.000090537453
18.648437500000,0.000090510564
18.656250000000,0.000090483704
18.664062500000,0.000090456874
18.671875000000,0.000090430072
18.679687500000,0.000090403301
18.687500000000,0.000090376558
18.695312500000,0.000090349845
18.703125000000,0.000090323161
18.710937500000,0.000090296506
18.718750000000,0.000090269881
18.726562500000,0.000090243284
18.734375000000,0.000090216717
18.742187500000,0.000090190179
18.750000000000,0.000090163669
18.757812500000,0.000090137189
18.765625000000,0.000090110737
18.773437500000,0.000090084315
18.781250000000,0.000090057921
18.789062500000,0.000090031556
18.796875000000,0.000090005220
18.804687500000,0.000089978913
18.812500000000,0.000089952635
18.820312500000,0.000089926385
18.828125000000,0.000089900164
18.835937500000,0.000089873972
18.843750000000,0.000089847808
18.851562500000,0.000089821672
18.859375000000,0.000089795566
18.867187500000,0.000089769488
18.875000000000,0.000089743438
18.882812500000,0.000089717417
18.890625000000,0.000089691424
18.898437500000,0.000089665459
18.906250000000,0.000089639523
18.914062500000,0.000089613616
18.921875000000,0.000089587736
18.929687500000,0.000089561885
18.937500000000,0.000089536062
18.945312500000,0.000089510267
18.953125000000,0.000089484501
18.960937500000,0.000089458762
18.968750000000,0.000089433052
18.976562500000,0.000089407369
18.984375000000,0.000089381715
18.992187500000,0.000089356089
19.000000000000,0.000089330490
19.007812500000,0.000089304920
19.015625000000,0.000089279377
19.023437500000,0.000089253863
19.031250000000,0.000089228376
19.039062500000,0.000089202917
19.046875000000,0.000089177486
19.054687500000,0.000089152082
19.062500000000,0.000089126706
19.070312500000,0.000089101358
19.078125000000,0.000089076038
19.085937500000,0.000089050745
19.093750000000,0.000089025480
19.101562500000,0.000089000242
19.109375000000,0.000088975032
19.117187500000,0.000088949849
19.125000000000,0.000088924694
19.132812500000,0.000088899566
19.140625000000,0.000088874466
19.148437500000,0.000088849393
19.156250000000,0.000088824347
19.164062500000,0.000088799329
19.171875000000,0.000088774338
19.179687500000,0.000088749374
19.187500000000,0.000088724438
19.195312500000,0.000088699528
19.203125000000,0.000088674646
19.210937500000,0.000088649791
19.218750000000,0.000088624963
19.226562500000,0.000088600162
19.234375000000,0.000088575388
19.242187500000,0.000088550641
19.250000000000,0.000088525921
19.257812500000,0.000088501228
19.265625000000,0.000088476562
19.273437500000,0.000088451923
19.281250000000,0.000088427311
19.289062500000,0.000088402725
19.296875000000,0.000088378166
19.304687500000,0.000088353634
19.312500000000,0.000088329129
19.320312500000,0.000088304651
19.328125000000,0.000088280199
19.335937500000,0.000088255774
19.343750000000,0.000088231375
19.351562500000,0.000088207003
19.359375000000,0.000088182658
19.367187500000,0.000088158339
19.375000000000,0.000088134046
19.382812500000,0.000088109781
19.390625000000,0.000088085541
19.398437500000,0.000088061328
19.406250000000,0.000088037141
19.414062500000,0.000088012981
19.421875000000,0.000087988847
19.429687500000,0.000087964739
19.437500000000,0.000087940658
19.445312500000,0.000087916603
19.453125000000,0.000087892574
19.460937500000,0.000087868571
19.468750000000,0.000087844594
19.476562500000,0.000087820644
19.484375000000,0.000087796719
19.492187500000,0.000087772821
19.500000000000,0.000087748949
19.507812500000,0.000087725102
19.515625000000,0.000087701282
19.523437500000,0.000087677488
19.531250000000,0.000087653719
19.539062500000,0.000087629977
19.546875000000,0.000087606260
19.554687500000,0.000087582569
19.562500000000,0.000087558904
19.570312500000,0.000087535265
19.578125000000,0.000087511651
19.585937500000,0.000087488064
19.593750000000,0.000087464502
19.601562500000,0.000087440965
19.609375000000,0.000087417455
19.617187500000,0.000087393969
19.625000000000,0.000087370510
19.632812500000,0.000087347076
19.640625000000,0.000087323667
19.648437500000,0.000087300284
19.656250000000,0.000087276927
19.664062500000,0.000087253595
19.671875000000,0.000087230288
19.679687500000,0.000087207007
19.687500000000,0.000087183751
19.695312500000,0.000087160521
19.703125000000,0.000087137316
19.710937500000,0.000087114136
19.718750000000,0.000087090981
19.726562500000,0.000087067852
19.734375000000,0.000087044748
19.742187500000,0.000087021669
19.750000000000,0.000086998615
19.757812500000,0.000086975586
19.765625000000,0.000086952582
19.773437500000,0.000086929604
19.781250000000,0.000086906650
19.789062500000,0.000086883722
19.796875000000,0.000086860818
19.804687500000,0.000086837940
19.812500000000,0.000086815086
19.820312500000,0.000086792257
19.828125000000,0.000086769454
19.835937500000,0.000086746675
19.843750000000,0.000086723920
19.851562500000,0.000086701191
19.859375000000,0.000086678487
19.867187500000,0.000086655807
19.875000000000,0.000086633152
19.882812500000,0.000086610521
19.890625000000,0.000086587916
19.898437500000,0.000086565335
19.906250000000,0.000086542778
19.914062500000,0.000086520246
19.921875000000,0.000086497739
19.929687500000,0.000086475256
19.937500000000,0.000086452798
19.945312500000,0.000086430364
19.953125000000,0.000086407955
19.960937500000,0.000086385570
19.968750000000,0.000086363210
19.976562500000,0.000086340874
19.984375000000,0.000086318562
19.992187500000,0.000086296275
20.000000000000,0.000086274012
20.007812500000,0.000086251773
20.015625000000,0.000086229559
20.023437500000,0.000086207368
20.031250000000,0.000086185202
20.039062500000,0.000086163060
20.046875000000,0.000086140943
20.054687500000,0.000086118849
20.062500000000,0.000086096780
20.070312500000,0.000086074734
20.078125000000,0.000086052713
20.085937500000,0.000086030716
20.093750000000,0.000086008743
20.101562500000,0.000085986793
20.109375000000,0.000085964868
20.117187500000,0.000085942967
20.125000000000,0.000085921089
20.132812500000,0.000085899235
20.140625000000,0.000085877406
20.148437500000,0.000085855600
20.156250000000,0.000085833818
20.164062500000,0.000085812059
20.171875000000,0.000085790325
20.179687500000,0.000085768614
20.187500000000,0.000085746927
20.195312500000,0.000085725263
20.203125000000,0.000085703624
20.210937500000,0.000085682007
20.218750000000,0.000085660415
20.226562500000,0.000085638846
20.234375000000,0.000085617301
20.242187500000,0.000085595779
20.250000000000,0.000085574280
20.257812500000,0.000085552805
20.265625000000,0.000085531354
20.273437500000,0.000085509926
20.281250000000,0.000085488522
20.289062500000,0.000085467141
20.296875000000,0.000085445783
20.304687500000,0.000085424448
20.312500000000,0.000085403137
20.320312500000,0.000085381849
20.328125000000,0.000085360585
20.335937500000,0.000085339344
20.343750000000,0.000085318126
20.351562500000,0.000085296931
20.359375000000,0.000085275759
20.367187500000,0.000085254611
20.375000000000,0.000085233485
20.382812500000,0.000085212383
20.390625000000,0.000085191304
20.398437500000,0.000085170248
20.406250000000,0.000085149215
20.414062500000,0.000085128205
20.421875000000,0.000085107217
20.429687500000,0.000085086253
20.437500000000,0.000085065312
20.445312500000,0.000085044394
20.453125000000,0.000085023499
20.460937500000,0.000085002626
20.468750000000,0.000084981776
20.476562500000,0.000084960950
20.484375000000,0.000084940146
20.492187500000,0.000084919365
20.500000000000,0.000084898606
20.507812500000,0.000084877870
20.515625000000,0.000084857157
20.523437500000,0.000084836467
20.531250000000,0.000084815799
20.539062500000,0.000084795154
20.546875000000,0.000084774532
20.554687500000,0.000084753932
20.562500000000,0.000084733355
20.570312500000,0.000084712800
20.578125000000,0.000084692268
20.585937500000,0.000084671759
20.593750000000,0.000084651272
20.601562500000,0.000084630807
20.609375000000,0.000084610365
20.617187500000,0.000084589945
20.625000000000,0.000084569548
20.632812500000,0.000084549173
20.640625000000,0.000084528820
20.648437500000,0.000084508490
20.656250000000,0.000084488181
20.664062500000,0.000084467896
20.671875000000,0.000084447632
20.679687500000,0.000084427391
20.687500000000,0.000084407172
20.695312500000,0.000084386975
20.703125000000,0.000084366800
20.710937500000,0.000084346648
20.718750000000,0.000084326518
20.726562500000,0.000084306409
20.734375000000,0.000084286323
20.742187500000,0.000084266259
20.750000000000,0.000084246217
20.757812500000,0.000084226197
20.765625000000,0.000084206199
20.773437500000,0.000084186223
20.781250000000,0.000084166269
20.789062500000,0.000084146337
20.796875000000,0.000084126426
20.804687500000,0.000084106538
20.812500000000,0.000084086671
20.820312500000,0.000084066827
20.828125000000,0.000084047004
20.835937500000,0.000084027203
20.843750000000,0.000084007424
20.851562500000,0.000083987666
20.859375000000,0.000083967930
20.867187500000,0.000083948216
20.875000000000,0.000083928524
20.882812500000,0.000083908854
20.890625000000,0.000083889205
20.898437500000,0.000083869577
20.906250000000,0.000083849971
20.914062500000,0.000083830387
20.921875000000,0.000083810825
20.929687500000,0.000083791284
20.937500000000,0.000083771764
20.945312500000,0.000083752266
20.953125000000,0.000083732790
20.960937500000,0.000083713335
20.968750000000,0.000083693901
20.976562500000,0.000083674489
20.984375000000,0.000083655098
20.992187500000,0.000083635729
21.000000000000,0.000083616381
21.007812500000,0.000083597054
21.015625000000,0.000083577749
21.023437500000,0.000083558465
21.031250000000,0.000083539202
21.039062500000,0.000083519961
21.046875000000,0.000083500741
21.054687500000,0.000083481542
21.062500000000,0.000083462364
21.070312500000,0.000083443207
21.078125000000,0.000083424072
21.085937500000,0.000083404957
21.093750000000,0.000083385864
21.101562500000,0.000083366792
21.109375000000,0.000083347741
21.117187500000,0.000083328711
21.125000000000,0.000083309702
21.132812500000,0.000083290714
21.140625000000,0.000083271747
21.148437500000,0.000083252801
21.156250000000,0.000083233876
21.164062500000,0.000083214972
21.171875000000,0.000083196089
21.179687500000,0.000083177227
21.187500000000,0.000083158385
21.195312500000,0.000083139565
21.203125000000,0.000083120765
21.210937500000,0.000083101986
21.218750000000,0.000083083228
21.226562500000,0.000083064491
21.234375000000,0.000083045775
21.242187500000,0.000083027079
21.250000000000,0.000083008404
21.257812500000,0.000082989749
21.265625000000,0.000082971116
21.273437500000,0.000082952503
21.281250000000,0.000082933910
21.289062500000,0.000082915339
21.296875000000,0.000082896787
21.304687500000,0.000082878257
21.312500000000,0.000082859747
21.320312500000,0.000082841257
21.328125000000,0.000082822788
21.335937500000,0.000082804340
21.343750000000,0.000082785912
21.351562500000,0.000082767505
21.359375000000,0.000082749118
21.367187500000,0.000082730751
21.375000000000,0.000082712405
21.382812500000,0.000082694079
21.390625000000,0.000082675774
21.398437500000,0.000082657488
21.406250000000,0.000082639224
21.414062500000,0.000082620979
21.421875000000,0.000082602755
21.429687500000,0.000082584551
21.437500000000,0.000082566368
21.445312500000,0.000082548204
21.453125000000,0.000082530061
21.460937500000,0.000082511938
21.468750000000,0.000082493836
21.476562500000,0.000082475753
21.484375000000,0.000082457691
21.492187500000,0.000082439648
21.500000000000,0.000082421626
21.507812500000,0.000082403624
21.515625000000,0.000082385642
21.523437500000,0.000082367680
21.531250000000,0.000082349738
21.539062500000,0.000082331816
21.546875000000,0.000082313914
21.554687500000,0.000082296032
21.562500000000,0.000082278170
21.570312500000,0.000082260328
21.578125000000,0.000082242506
21.585937500000,0.000082224704
21.593750000000,0.000082206921
21.601562500000,0.000082189159
21.609375000000,0.000082171416
21.617187500000,0.000082153693
21.625000000000,0.000082135990
21.632812500000,0.000082118307
21.640625000000,0.000082100644
21.648437500000,0.000082083000
21.656250000000,0.000082065376
21.664062500000,0.000082047772
21.671875000000,0.000082030187
21.679687500000,0.000082012623
21.687500000000,0.000081995078
21.695312500000,0.000081977552
21.703125000000,0.000081960046
21.710937500000,0.000081942560
21.718750000000,0.000081925093
21.726562500000,0.000081907646
21.734375000000,0.000081890219
21.742187500000,0.000081872811
21.750000000000,0.000081855422
21.757812500000,0.000081838054
21.765625000000,0.000081820704
21.773437500000,0.000081803374
21.781250000000,0.000081786064
21.789062500000,0.000081768773
21.796875000000,0.000081751501
21.804687500000,0.000081734249
21.812500000000,0.000081717016
21.820312500000,0.000081699803
21.828125000000,0.000081682608
21.835937500000,0.000081665434
21.843750000000,0.000081648278
21.851562500000,0.000081631142
21.859375000000,0.000081614025
21.867187500000,0.000081596928
21.875000000000,0.000081579849
21.882812500000,0.000081562790
21.890625000000,0.000081545750
21.898437500000,0.000081528729
21.906250000000,0.000081511728
21.914062500000,0.000081494745
21.921875000000,0.000081477782
21.929687500000,0.000081460838
21.937500000000,0.000081443913
21.945312500000,0.000081427007
21.953125000000,0.000081410120
21.960937500000,0.000081393253
21.968750000000,0.000081376404
21.976562500000,0.000081359574
21.984375000000,0.000081342763
21.992187500000,0.000081325972
22.000000000000,0.000081309199
22.007812500000,0.000081292445
22.015625000000,0.000081275710
22.023437500000,0.000081258995
22.031250000000,0.000081242298
22.039062500000,0.000081225619
22.046875000000,0.000081208960
22.054687500000,0.000081192320
22.062500000000,0.000081175698
22.070312500000,0.000081159096
22.078125000000,0.000081142512
22.085937500000,0.000081125947
22.093750000000,0.000081109400
22.101562500000,0.000081092873
22.109375000000,0.000081076364
22.117187500000,0.000081059874
22.125000000000,0.000081043403
22.132812500000,0.000081026950
22.140625000000,0.000081010516
22.148437500000,0.000080994101
22.156250000000,0.000080977704
22.164062500000,0.000080961326
22.171875000000,0.000080944966
22.179687500000,0.000080928625
22.187500000000,0.000080912303
22.195312500000,0.000080896000
22.203125000000,0.000080879714
22.210937500000,0.000080863448
22.218750000000,0.000080847200
22.226562500000,0.000080830970
22.234375000000,0.000080814759
22.242187500000,0.000080798566
22.250000000000,0.000080782392
22.257812500000,0.000080766236
22.265625000000,0.000080750099
22.273437500000,0.000080733980
22.281250000000,0.000080717879
22.289062500000,0.000080701797
22.296875000000,0.000080685733
22.304687500000,0.000080669688
22.312500000000,0.000080653661
22.320312500000,0.000080637652
22.328125000000,0.000080621661
22.335937500000,0.000080605689
22.343750000000,0.000080589735
22.351562500000,0.000080573799
22.359375000000,0.000080557882
22.367187500000,0.000080541982
22.375000000000,0.000080526101
22.382812500000,0.000080510238
22.390625000000,0.000080494393
22.398437500000,0.000080478567
22.406250000000,0.000080462758
22.414062500000,0.000080446968
22.421875000000,0.000080431196
22.429687500000,0.000080415441
22.437500000000,0.000080399705
22.445312500000,0.000080383987
22.453125000000,0.000080368287
22.460937500000,0.000080352605
22.468750000000,0.000080336941
22.476562500000,0.000080321295
22.484375000000,0.000080305668
22.492187500000,0.000080290058
22.500000000000,0.000080274465
22.507812500000,0.000080258891
22.515625000000,0.000080243335
22.523437500000,0.000080227797
22.531250000000,0.000080212277
22.539062500000,0.000080196774
22.546875000000,0.000080181290
22.554687500000,0.000080165823
22.562500000000,0.000080150374
22.570312500000,0.000080134943
22.578125000000,0.000080119529
22.585937500000,0.000080104134
22.593750000000,0.000080088756
22.601562500000,0.000080073396
22.609375000000,0.000080058054
22.617187500000,0.000080042729
22.625000000000,0.000080027423
22.632812500000,0.000080012133
22.640625000000,0.000079996862
22.648437500000,0.000079981608
22.656250000000,0.000079966372
22.664062500000,0.000079951154
22.671875000000,0.000079935953
22.679687500000,0.000079920770
22.687500000000,0.000079905604
22.695312500000,0.000079890456
22.703125000000,0.000079875326
22.710937500000,0.000079860213
22.718750000000,0.000079845117
22.726562500000,0.000079830039
22.734375000000,0.000079814979
22.742187500000,0.000079799936
22.750000000000,0.000079784911
22.757812500000,0.000079769903
22.765625000000,0.000079754913
22.773437500000,0.000079739940
22.781250000000,0.000079724984
22.789062500000,0.000079710046
22.796875000000,0.000079695125
22.804687500000,0.000079680222
22.812500000000,0.000079665336
22.820312500000,0.000079650467
22.828125000000,0.000079635616
22.835937500000,0.000079620782
22.843750000000,0.000079605965
22.851562500000,0.000079591166
22.859375000000,0.000079576384
22.867187500000,0.000079561619
22.875000000000,0.000079546871
22.882812500000,0.000079532141
22.890625000000,0.000079517428
22.898437500000,0.000079502732
22.906250000000,0.000079488053
22.914062500000,0.000079473391
22.921875000000,0.000079458747
22.929687500000,0.000079444120
22.937500000000,0.000079429510
22.945312500000,0.000079414917
22.953125000000,0.000079400341
22.960937500000,0.000079385782
22.968750000000,0.000079371241
22.976562500000,0.000079356716
22.984375000000,0.000079342209
22.992187500000,0.000079327718
23.000000000000,0.000079313245
23.007812500000,0.000079298789
23.015625000000,0.000079284349
23.023437500000,0.000079269927
23.031250000000,0.000079255521
23.039062500000,0.000079241133
23.046875000000,0.000079226761
23.054687500000,0.000079212407
23.062500000000,0.000079198069
23.070312500000,0.000079183748
23.078125000000,0.000079169445
23.085937500000,0.000079155158
23.093750000000,0.000079140888
23.101562500000,0.000079126634
23.109375000000,0.000079112398
23.117187500000,0.000079098178
23.125000000000,0.000079083976
23.132812500000,0.000079069790
23.140625000000,0.000079055621
23.148437500000,0.000079041468
23.156250000000,0.000079027333
23.164062500000,0.000079013214
23.171875000000,0.000078999112
23.179687500000,0.000078985026
23.187500000000,0.000078970958
23.195312500000,0.000078956906
23.203125000000,0.000078942870
23.210937500000,0.000078928852
23.218750000000,0.000078914850
23.226562500000,0.000078900865
23.234375000000,0.000078886896
23.242187500000,0.000078872944
23.250000000000,0.000078859008
23.257812500000,0.000078845090
23.265625000000,0.000078831187
23.273437500000,0.000078817302
23.281250000000,0.000078803432
23.289062500000,0.000078789580
23.296875000000,0.000078775744
23.304687500000,0.000078761924
23.312500000000,0.000078748121
23.320312500000,0.000078734334
23.328125000000,0.000078720564
23.335937500000,0.000078706811
23.343750000000,0.000078693073
23.351562500000,0.000078679353
23.359375000000,0.000078665648
23.367187500000,0.000078651961
23.375000000000,0.000078638289
23.382812500000,0.000078624634
23.390625000000,0.000078610995
23.398437500000,0.000078597373
23.406250000000,0.000078583767
23.414062500000,0.000078570177
23.421875000000,0.000078556604
23.429687500000,0.000078543047
23.437500000000,0.000078529506
23.445312500000,0.000078515981
23.453125000000,0.000078502473
23.460937500000,0.000078488981
23.468750000000,0.000078475506
23.476562500000,0.000078462046
23.484375000000,0.000078448603
23.492187500000,0.000078435176
23.500000000000,0.000078421765
23.507812500000,0.000078408371
23.515625000000,0.000078394992
23.523437500000,0.000078381630
23.531250000000,0.000078368284
23.539062500000,0.000078354954
23.546875000000,0.000078341640
23.554687500000,0.000078328342
23.562500000000,0.000078315061
23.570312500000,0.000078301795
23.578125000000,0.000078288546
23.585937500000,0.000078275312
23.593750000000,0.000078262095
23.601562500000,0.000078248893
23.609375000000,0.000078235708
23.617187500000,0.000078222539
23.625000000000,0.000078209386
23.632812500000,0.000078196248
23.640625000000,0.000078183127
23.648437500000,0.000078170022
23.656250000000,0.000078156933
23.664062500000,0.000078143859
23.671875000000,0.000078130802
23.679687500000,0.000078117760
23.687500000000,0.000078104735
23.695312500000,0.000078091725
23.703125000000,0.000078078731
23.710937500000,0.000078065753
23.718750000000,0.000078052791
23.726562500000,0.000078039845
23.734375000000,0.000078026914
23.742187500000,0.000078014000
23.750000000000,0.000078001101
23.757812500000,0.000077988218
23.765625000000,0.000077975351
23.773437500000,0.000077962499
23.781250000000,0.000077949664
23.789062500000,0.000077936844
23.796875000000,0.000077924040
23.804687500000,0.000077911251
23.812500000000,0.000077898479
23.820312500000,0.000077885722
23.828125000000,0.000077872981
23.835937500000,0.000077860255
23.843750000000,0.000077847545
23.851562500000,0.000077834851
23.859375000000,0.000077822172
23.867187500000,0.000077809509
23.875000000000,0.000077796862
23.882812500000,0.000077784231
23.890625000000,0.000077771614
23.898437500000,0.000077759014
23.906250000000,0.000077746429
23.914062500000,0.000077733860
23.921875000000,0.000077721306
23.929687500000,0.000077708768
23.937500000000,0.000077696245
23.945312500000,0.000077683738
23.953125000000,0.000077671247
23.960937500000,0.000077658770
23.968750000000,0.000077646310
23.976562500000,0.000077633865
23.984375000000,0.000077621435
23.992187500000,0.000077609021
24.000000000000,0.000077596622
24.007812500000,0.000077584239
24.015625000000,0.000077571871
24.023437500000,0.000077559519
24.031250000000,0.000077547182
24.039062500000,0.000077534860
24.046875000000,0.000077522554
24.054687500000,0.000077510263
24.062500000000,0.000077497987
24.070312500000,0.000077485727
24.078125000000,0.000077473482
24.085937500000,0.000077461253
24.093750000000,0.000077449039
24.101562500000,0.000077436840
24.109375000000,0.000077424656
24.117187500000,0.000077412488
24.125000000000,0.000077400335
24.132812500000,0.000077388197
24.140625000000,0.000077376075
24.148437500000,0.000077363967
24.156250000000,0.000077351875
24.164062500000,0.000077339799
24.171875000000,0.000077327737
24.179687500000,0.000077315691
24.187500000000,0.000077303659
24.195312500000,0.000077291643
24.203125000000,0.000077279642
24.210937500000,0.000077267657
24.218750000000,0.000077255686
24.226562500000,0.000077243731
24.234375000000,0.000077231791
24.242187500000,0.000077219865
24.250000000000,0.000077207955
24.257812500000,0.000077196060
24.265625000000,0.000077184180
24.273437500000,0.000077172316
24.281250000000,0.000077160466
24.289062500000,0.000077148631
24.296875000000,0.000077136811
24.304687500000,0.000077125007
24.312500000000,0.000077113217
24.320312500000,0.000077101443
24.328125000000,0.000077089683
24.335937500000,0.000077077938
24.343750000000,0.000077066209
24.351562500000,0.000077054494
24.359375000000,0.000077042794
24.367187500000,0.000077031110
24.375000000000,0.000077019440
24.382812500000,0.000077007785
24.390625000000,0.000076996145
24.398437500000,0.000076984520
24.406250000000,0.000076972910
24.414062500000,0.000076961314
24.421875000000,0.000076949734
24.429687500000,0.000076938168
24.437500000000,0.000076926618
24.445312500000,0.000076915082
24.453125000000,0.000076903561
24.460937500000,0.000076892054
24.468750000000,0.000076880563
24.476562500000,0.000076869086
24.484375000000,0.000076857625
24.492187500000,0.000076846178
24.500000000000,0.000076834745
24.507812500000,0.000076823328
24.515625000000,0.000076811925
24.523437500000,0.000076800537
24.531250000000,0.000076789164
24.539062500000,0.000076777806
24.546875000000,0.000076766462
24.554687500000,0.000076755133
24.562500000000,0.000076743818
24.570312500000,0.000076732519
24.578125000000,0.000076721234
24.585937500000,0.000076709963
24.593750000000,0.000076698707
24.601562500000,0.000076687466
24.609375000000,0.000076676240
24.617187500000,0.000076665028
24.625000000000,0.000076653831
24.632812500000,0.000076642648
24.640625000000,0.000076631480
24.648437500000,0.000076620327
24.656250000000,0.000076609188
24.664062500000,0.000076598064
24.671875000000,0.000076586954
24.679687500000,0.000076575859
24.687500000000,0.000076564779
24.695312500000,0.000076553712
24.703125000000,0.000076542661
24.710937500000,0.000076531624
24.718750000000,0.000076520601
24.726562500000,0.000076509593
24.734375000000,0.000076498600
24.742187500000,0.000076487621
24.750000000000,0.000076476656
24.757812500000,0.000076465706
24.765625000000,0.000076454770
24.773437500000,0.000076443849
24.781250000000,0.000076432942
24.789062500000,0.000076422049
24.796875000000,0.000076411171
24.804687500000,0.000076400308
24.812500000000,0.000076389458
24.820312500000,0.000076378623
24.828125000000,0.000076367803
24.835937500000,0.000076356997
24.843750000000,0.000076346205
24.851562500000,0.000076335427
24.859375000000,0.000076324664
24.867187500000,0.000076313915
24.875000000000,0.000076303181
24.882812500000,0.000076292461
24.890625000000,0.000076281755
24.898437500000,0.000076271063
24.906250000000,0.000076260386
24.914062500000,0.000076249723
24.921875000000,0.000076239074
24.929687500000,0.000076228439
24.937500000000,0.000076217819
24.945312500000,0.000076207213
24.953125000000,0.000076196621
24.960937500000,0.000076186043
24.968750000000,0.000076175480
24.976562500000,0.000076164930
24.984375000000,0.000076154395
24.992187500000,0.000076143874
25.000000000000,0.000076133367
25.007812500000,0.000076122875
25.015625000000,0.000076112396
25.023437500000,0.000076101932
25.031250000000,0.000076091482
25.039062500000,0.000076081046
25.046875000000,0.000076070624
25.054687500000,0.000076060216
25.062500000000,0.000076049822
25.070312500000,0.000076039442
25.078125000000,0.000076029077
25.085937500000,0.000076018725
25.093750000000,0.000076008388
25.101562500000,0.000075998064
25.109375000000,0.000075987755
25.117187500000,0.000075977459
25.125000000000,0.000075967178
25.132812500000,0.000075956911
25.140625000000,0.000075946657
25.148437500000,0.000075936418
25.156250000000,0.000075926193
25.164062500000,0.000075915981
25.171875000000,0.000075905784
25.179687500000,0.000075895601
25.187500000000,0.000075885431
25.195312500000,0.000075875276
25.203125000000,0.000075865134
25.210937500000,0.000075855006
25.218750000000,0.000075844893
25.226562500000,0.000075834793
25.234375000000,0.000075824707
25.242187500000,0.000075814635
25.250000000000,0.000075804577
25.257812500000,0.000075794532
25.265625000000,0.000075784502
25.273437500000,0.000075774486
25.281250000000,0.000075764483
25.289062500000,0.000075754494
25.296875000000,0.000075744519
25.304687500000,0.000075734558
25.312500000000,0.000075724610
25.320312500000,0.000075714677
25.328125000000,0.000075704757
25.335937500000,0.000075694851
25.343750000000,0.000075684959
25.351562500000,0.000075675081
25.359375000000,0.000075665216
25.367187500000,0.000075655365
25.375000000000,0.000075645528
25.382812500000,0.000075635704
25.390625000000,0.000075625895
25.398437500000,0.000075616099
25.406250000000,0.000075606317
25.414062500000,0.000075596548
25.421875000000,0.000075586793
25.429687500000,0.000075577052
25.437500000000,0.000075567325
25.445312500000,0.000075557611
25.453125000000,0.000075547911
25.460937500000,0.000075538225
25.468750000000,0.000075528552
25.476562500000,0.000075518893
25.484375000000,0.000075509247
25.492187500000,0.000075499615
25.500000000000,0.000075489997
25.507812500000,0.000075480392
25.515625000000,0.000075470801
25.523437500000,0.000075461224
25.531250000000,0.000075451660
25.539062500000,0.000075442110
25.546875000000,0.000075432573
25.554687500000,0.000075423050
25.562500000000,0.000075413540
25.570312500000,0.000075404044
25.578125000000,0.000075394562
25.585937500000,0.000075385093
25.593750000000,0.000075375637
25.601562500000,0.000075366195
25.609375000000,0.000075356767
25.617187500000,0.000075347352
25.625000000000,0.000075337951
25.632812500000,0.000075328563
25.640625000000,0.000075319188
25.648437500000,0.000075309827
25.656250000000,0.000075300480
25.664062500000,0.000075291146
25.671875000000,0.000075281825
25.679687500000,0.000075272518
25.687500000000,0.000075263224
25.695312500000,0.000075253944
25.703125000000,0.000075244677
25.710937500000,0.000075235423
25.718750000000,0.000075226183
25.726562500000,0.000075216956
25.734375000000,0.000075207743
25.742187500000,0.000075198543
25.750000000000,0.000075189356
25.757812500000,0.000075180183
25.765625000000,0.000075171023
25.773437500000,0.000075161876
25.781250000000,0.000075152743
25.789062500000,0.000075143623
25.796875000000,0.000075134517
25.804687500000,0.000075125423
25.812500000000,0.000075116343
25.820312500000,0.000075107277
25.828125000000,0.000075098223
25.835937500000,0.000075089183
25.843750000000,0.000075080156
25.851562500000,0.000075071143
25.859375000000,0.000075062143
25.867187500000,0.000075053156
25.875000000000,0.000075044182
25.882812500000,0.000075035221
25.890625000000,0.000075026274
25.898437500000,0.000075017340
25.906250000000,0.000075008419
25.914062500000,0.000074999511
25.921875000000,0.000074990617
25.929687500000,0.000074981736
25.937500000000,0.000074972868
25.945312500000,0.000074964013
25.953125000000,0.000074955171
25.960937500000,0.000074946342
25.968750000000,0.000074937527
25.976562500000,0.000074928725
25.984375000000,0.000074919936
25.992187500000,0.000074911160
26.000000000000,0.000074902397
26.007812500000,0.000074893647
26.015625000000,0.000074884910
26.023437500000,0.000074876187
26.031250000000,0.000074867477
26.039062500000,0.000074858779
26.046875000000,0.000074850095
26.054687500000,0.000074841424
26.062500000000,0.000074832766
26.070312500000,0.000074824121
26.078125000000,0.000074815489
26.085937500000,0.000074806870
26.093750000000,0.000074798264
26.101562500000,0.000074789671
26.109375000000,0.000074781092
26.117187500000,0.000074772525
26.125000000000,0.000074763971
26.132812500000,0.000074755430
26.140625000000,0.000074746903
26.148437500000,0.000074738388
26.156250000000,0.000074729886
26.164062500000,0.000074721397
26.171875000000,0.000074712922
26.179687500000,0.000074704459
26.187500000000,0.000074696009
26.195312500000,0.000074687572
26.203125000000,0.000074679148
26.210937500000,0.000074670737
26.218750000000,0.000074662339
26.226562500000,0.000074653954
26.234375000000,0.000074645581
26.242187500000,0.000074637222
26.250000000000,0.000074628876
26.257812500000,0.000074620542
26.265625000000,0.000074612221
26.273437500000,0.000074603914
26.281250000000,0.000074595619
26.289062500000,0.000074587337
26.296875000000,0.000074579067
26.304687500000,0.000074570811
26.312500000000,0.000074562568
26.320312500000,0.000074554337
26.328125000000,0.000074546119
26.335937500000,0.000074537914
26.343750000000,0.000074529722
26.351562500000,0.000074521543
26.359375000000,0.000074513376
26.367187500000,0.000074505223
26.375000000000,0.000074497082
26.382812500000,0.000074488954
26.390625000000,0.000074480838
26.398437500000,0.000074472736
26.406250000000,0.000074464646
26.414062500000,0.000074456569
26.421875000000,0.000074448505
26.429687500000,0.000074440453
26.437500000000,0.000074432415
26.445312500000,0.000074424388
26.453125000000,0.000074416375
26.460937500000,0.000074408375
26.468750000000,0.000074400387
26.476562500000,0.000074392412
26.484375000000,0.000074384449
26.492187500000,0.000074376499
26.500000000000,0.000074368562
26.507812500000,0.000074360638
26.515625000000,0.000074352726
26.523437500000,0.000074344827
26.531250000000,0.000074336941
26.539062500000,0.000074329067
26.546875000000,0.000074321206
26.554687500000,0.000074313358
26.562500000000,0.000074305522
26.570312500000,0.000074297699
26.578125000000,0.000074289889
26.585937500000,0.000074282091
26.593750000000,0.000074274306
26.601562500000,0.000074266533
26.609375000000,0.000074258773
26.617187500000,0.000074251025
26.625000000000,0.000074243291
26.632812500000,0.000074235568
26.640625000000,0.000074227859
26.648437500000,0.000074220162
26.656250000000,0.000074212477
26.664062500000,0.000074204805
26.671875000000,0.000074197146
26.679687500000,0.000074189499
26.687500000000,0.000074181864
26.695312500000,0.000074174243
26.703125000000,0.000074166633
26.710937500000,0.000074159037
26.718750000000,0.000074151452
26.726562500000,0.000074143881
26.734375000000,0.000074136321
26.742187500000,0.000074128775
26.750000000000,0.000074121240
26.757812500000,0.000074113719
26.765625000000,0.000074106209
26.773437500000,0.000074098713
26.781250000000,0.000074091228
26.789062500000,0.000074083756
26.796875000000,0.000074076297
26.804687500000,0.000074068850
26.812500000000,0.000074061416
26.820312500000,0.000074053994
26.828125000000,0.000074046584
26.835937500000,0.000074039187
26.843750000000,0.000074031802
26.851562500000,0.000074024430
26.859375000000,0.000074017070
26.867187500000,0.000074009722
26.875000000000,0.000074002387
26.882812500000,0.000073995064
26.890625000000,0.000073987754
26.898437500000,0.000073980456
26.906250000000,0.000073973170
26.914062500000,0.000073965897
26.921875000000,0.000073958636
26.929687500000,0.000073951387
26.937500000000,0.000073944151
26.945312500000,0.000073936927
26.953125000000,0.000073929716
26.960937500000,0.000073922516
26.968750000000,0.000073915330
26.976562500000,0.000073908155
26.984375000000,0.000073900993
26.992187500000,0.000073893843
27.000000000000,0.000073886705
27.007812500000,0.000073879580
27.015625000000,0.000073872467
27.023437500000,0.000073865366
27.031250000000,0.000073858278
27.039062500000,0.000073851201
27.046875000000,0.000073844138
27.054687500000,0.000073837086
27.062500000000,0.000073830047
27.070312500000,0.000073823019
27.078125000000,0.000073816004
27.085937500000,0.000073809002
27.093750000000,0.000073802011
27.101562500000,0.000073795033
27.109375000000,0.000073788067
27.117187500000,0.000073781114
27.125000000000,0.000073774172
27.132812500000,0.000073767243
27.140625000000,0.000073760326
27.148437500000,0.000073753421
27.156250000000,0.000073746528
27.164062500000,0.000073739647
27.171875000000,0.000073732779
27.179687500000,0.000073725923
27.187500000000,0.000073719079
27.195312500000,0.000073712247
27.203125000000,0.000073705427
27.210937500000,0.000073698620
27.218750000000,0.000073691824
27.226562500000,0.000073685041
27.234375000000,0.000073678270
27.242187500000,0.000073671511
27.250000000000,0.000073664764
27.257812500000,0.000073658030
27.265625000000,0.000073651307
27.273437500000,0.000073644596
27.281250000000,0.000073637898
27.289062500000,0.000073631212
27.296875000000,0.000073624538
27.304687500000,0.000073617875
27.312500000000,0.000073611225
27.320312500000,0.000073604588
27.328125000000,0.000073597962
27.335937500000,0.000073591348
27.343750000000,0.000073584746
27.351562500000,0.000073578156
27.359375000000,0.000073571579
27.367187500000,0.000073565013
27.375000000000,0.000073558460
27.382812500000,0.000073551918
27.390625000000,0.000073545389
27.398437500000,0.000073538871
27.406250000000,0.000073532366
27.414062500000,0.000073525873
27.421875000000,0.000073519391
27.429687500000,0.000073512922
27.437500000000,0.000073506464
27.445312500000,0.000073500019
27.453125000000,0.000073493586
27.460937500000,0.000073487164
27.468750000000,0.000073480755
27.476562500000,0.000073474357
27.484375000000,0.000073467972
27.492187500000,0.000073461598
27.500000000000,0.000073455237
27.507812500000,0.000073448887
27.515625000000,0.000073442550
27.523437500000,0.000073436224
27.531250000000,0.000073429910
27.539062500000,0.000073423608
27.546875000000,0.000073417319
27.554687500000,0.000073411041
27.562500000000,0.000073404775
27.570312500000,0.000073398520
27.578125000000,0.000073392278
27.585937500000,0.000073386048
27.593750000000,0.000073379830
27.601562500000,0.000073373623
27.609375000000,0.000073367428
27.617187500000,0.000073361246
27.625000000000,0.000073355075
27.632812500000,0.000073348916
27.640625000000,0.000073342769
27.648437500000,0.000073336634
27.656250000000,0.000073330510
27.664062500000,0.000073324399
27.671875000000,0.000073318299
27.679687500000,0.000073312211
27.687500000000,0.000073306135
27.695312500000,0.000073300071
27.703125000000,0.000073294019
27.710937500000,0.000073287979
27.718750000000,0.000073281950
27.726562500000,0.000073275933
27.734375000000,0.000073269928
27.742187500000,0.000073263935
27.750000000000,0.000073257954
27.757812500000,0.000073251984
27.765625000000,0.000073246026
27.773437500000,0.000073240080
27.781250000000,0.000073234146
27.789062500000,0.000073228224
27.796875000000,0.000073222313
27.804687500000,0.000073216414
27.812500000000,0.000073210527
27.820312500000,0.000073204652
27.828125000000,0.000073198788
27.835937500000,0.000073192937
27.843750000000,0.000073187096
27.851562500000,0.000073181268
27.859375000000,0.000073175452
27.867187500000,0.000073169647
27.875000000000,0.000073163854
27.882812500000,0.000073158072
27.890625000000,0.000073152303
27.898437500000,0.000073146545
27.906250000000,0.000073140799
27.914062500000,0.000073135064
27.921875000000,0.000073129341
27.929687500000,0.000073123630
27.937500000000,0.000073117931
27.945312500000,0.000073112243
27.953125000000,0.000073106567
27.960937500000,0.000073100903
27.968750000000,0.000073095250
27.976562500000,0.000073089609
27.984375000000,0.000073083980
27.992187500000,0.000073078362
28.000000000000,0.000073072756
28.007812500000,0.000073067162
28.015625000000,0.000073061579
28.023437500000,0.000073056008
28.031250000000,0.000073050449
28.039062500000,0.000073044901
28.046875000000,0.000073039365
28.054687500000,0.000073033840
28.062500000000,0.000073028328
28.070312500000,0.000073022826
28.078125000000,0.000073017337
28.085937500000,0.000073011859
28.093750000000,0.000073006392
28.101562500000,0.000073000938
28.109375000000,0.000072995494
28.117187500000,0.000072990063
28.125000000000,0.000072984643
28.132812500000,0.000072979235
28.140625000000,0.000072973838
28.148437500000,0.000072968452
28.156250000000,0.000072963079
28.164062500000,0.000072957717
28.171875000000,0.000072952366
28.179687500000,0.000072947027
28.187500000000,0.000072941700
28.195312500000,0.000072936384
28.203125000000,0.000072931080
28.210937500000,0.000072925787
28.218750000000,0.000072920506
28.226562500000,0.000072915236
28.234375000000,0.000072909978
28.242187500000,0.000072904732
28.250000000000,0.000072899496
28.257812500000,0.000072894273
28.265625000000,0.000072889061
28.273437500000,0.000072883860
28.281250000000,0.000072878671
28.289062500000,0.000072873494
28.296875000000,0.000072868328
28.304687500000,0.000072863174
28.312500000000,0.000072858031
28.320312500000,0.000072852899
28.328125000000,0.000072847779
28.335937500000,0.000072842670
28.343750000000,0.000072837573
28.351562500000,0.000072832488
28.359375000000,0.000072827414
28.367187500000,0.000072822351
28.375000000000,0.000072817300
28.382812500000,0.000072812260
28.390625000000,0.000072807232
28.398437500000,0.000072802215
28.406250000000,0.000072797210
28.414062500000,0.000072792216
28.421875000000,0.000072787233
28.429687500000,0.000072782262
28.437500000000,0.000072777303
28.445312500000,0.000072772355
28.453125000000,0.000072767418
28.460937500000,0.000072762493
28.468750000000,0.000072757579
28.476562500000,0.000072752676
28.484375000000,0.000072747785
28.492187500000,0.000072742905
28.500000000000,0.000072738037
28.507812500000,0.000072733180
28.515625000000,0.000072728335
28.523437500000,0.000072723501
28.531250000000,0.000072718678
28.539062500000,0.000072713867
28.546875000000,0.000072709067
28.554687500000,0.000072704278
28.562500000000,0.000072699501
28.570312500000,0.000072694735
28.578125000000,0.000072689981
28.585937500000,0.000072685238
28.593750000000,0.000072680506
28.601562500000,0.000072675786
28.609375000000,0.000072671076
28.617187500000,0.000072666379
28.625000000000,0.000072661692
28.632812500000,0.000072657017
28.640625000000,0.000072652354
28.648437500000,0.000072647701
28.656250000000,0.000072643060
28.664062500000,0.000072638431
28.671875000000,0.000072633812
28.679687500000,0.000072629205
28.687500000000,0.000072624610
28.695312500000,0.000072620025
28.703125000000,0.000072615452
28.710937500000,0.000072610890
28.718750000000,0.000072606340
28.726562500000,0.000072601801
28.734375000000,0.000072597273
28.742187500000,0.000072592756
28.750000000000,0.000072588251
28.757812500000,0.000072583757
28.765625000000,0.000072579274
28.773437500000,0.000072574803
28.781250000000,0.000072570342
28.789062500000,0.000072565893
28.796875000000,0.000072561456
28.804687500000,0.000072557029
28.812500000000,0.000072552614
28.820312500000,0.000072548210
28.828125000000,0.000072543818
28.835937500000,0.000072539436
28.843750000000,0.000072535066
28.851562500000,0.000072530707
28.859375000000,0.000072526360
28.867187500000,0.000072522023
28.875000000000,0.000072517698
28.882812500000,0.000072513384
28.890625000000,0.000072509081
28.898437500000,0.000072504790
28.906250000000,0.000072500509
28.914062500000,0.000072496240
28.921875000000,0.000072491982
28.929687500000,0.000072487736
28.937500000000,0.000072483500
28.945312500000,0.000072479276
28.953125000000,0.000072475063
28.960937500000,0.000072470861
28.968750000000,0.000072466671
28.976562500000,0.000072462491
28.984375000000,0.000072458323
28.992187500000,0.000072454166
29.000000000000,0.000072450020
29.007812500000,0.000072445885
29.015625000000,0.000072441762
29.023437500000,0.000072437649
29.031250000000,0.000072433548
29.039062500000,0.000072429458
29.046875000000,0.000072425379
29.054687500000,0.000072421311
29.062500000000,0.000072417255
29.070312500000,0.000072413209
29.078125000000,0.000072409175
29.085937500000,0.000072405152
29.093750000000,0.000072401140
29.101562500000,0.000072397139
29.109375000000,0.000072393150
29.117187500000,0.000072389171
29.125000000000,0.000072385204
29.132812500000,0.000072381247
29.140625000000,0.000072377302
29.148437500000,0.000072373368
29.156250000000,0.000072369445
29.164062500000,0.000072365533
29.171875000000,0.000072361633
29.179687500000,0.000072357743
29.187500000000,0.000072353865
29.195312500000,0.000072349997
29.203125000000,0.000072346141
29.210937500000,0.000072342296
29.218750000000,0.000072338462
29.226562500000,0.000072334639
29.234375000000,0.000072330827
29.242187500000,0.000072327026
29.250000000000,0.000072323236
29.257812500000,0.000072319458
29.265625000000,0.000072315690
29.273437500000,0.000072311934
29.281250000000,0.000072308188
29.289062500000,0.000072304454
29.296875000000,0.000072300731
29.304687500000,0.000072297018
29.312500000000,0.000072293317
29.320312500000,0.000072289627
29.328125000000,0.000072285948
29.335937500000,0.000072282280
29.343750000000,0.000072278623
29.351562500000,0.000072274977
29.359375000000,0.000072271343
29.367187500000,0.000072267719
29.375000000000,0.000072264106
29.382812500000,0.000072260504
29.390625000000,0.000072256914
29.398437500000,0.000072253334
29.406250000000,0.000072249765
29.414062500000,0.000072246208
29.421875000000,0.000072242661
29.429687500000,0.000072239126
29.437500000000,0.000072235601
29.445312500000,0.000072232088
29.453125000000,0.000072228585
29.460937500000,0.000072225094
29.468750000000,0.000072221613
29.476562500000,0.000072218144
29.484375000000,0.000072214685
29.492187500000,0.000072211238
29.500000000000,0.000072207801
29.507812500000,0.000072204376
29.515625000000,0.000072200961
29.523437500000,0.000072197558
29.531250000000,0.000072194165
29.539062500000,0.000072190784
29.546875000000,0.000072187413
29.554687500000,0.000072184054
29.562500000000,0.000072180705
29.570312500000,0.000072177368
29.578125000000,0.000072174041
29.585937500000,0.000072170725
29.593750000000,0.000072167421
29.601562500000,0.000072164127
29.609375000000,0.000072160844
29.617187500000,0.000072157572
29.625000000000,0.000072154311
29.632812500000,0.000072151062
29.640625000000,0.000072147823
29.648437500000,0.000072144595
29.656250000000,0.000072141378
29.664062500000,0.000072138171
29.671875000000,0.000072134976
29.679687500000,0.000072131792
29.687500000000,0.000072128619
29.695312500000,0.000072125456
29.703125000000,0.000072122305
29.710937500000,0.000072119165
29.718750000000,0.000072116035
29.726562500000,0.000072112916
29.734375000000,0.000072109809
29.742187500000,0.000072106712
29.750000000000,0.000072103626
29.757812500000,0.000072100551
29.765625000000,0.000072097487
29.773437500000,0.000072094434
29.781250000000,0.000072091392
29.789062500000,0.000072088360
29.796875000000,0.000072085340
29.804687500000,0.000072082330
29.812500000000,0.000072079332
29.820312500000,0.000072076344
29.828125000000,0.000072073367
29.835937500000,0.000072070401
29.843750000000,0.000072067446
29.851562500000,0.000072064502
29.859375000000,0.000072061569
29.867187500000,0.000072058646
29.875000000000,0.000072055735
29.882812500000,0.000072052834
29.890625000000,0.000072049945
29.898437500000,0.000072047066
29.906250000000,0.000072044198
29.914062500000,0.000072041341
29.921875000000,0.000072038494
29.929687500000,0.000072035659
29.937500000000,0.000072032834
29.945312500000,0.000072030021
29.953125000000,0.000072027218
29.960937500000,0.000072024426
29.968750000000,0.000072021645
29.976562500000,0.000072018875
29.984375000000,0.000072016115
29.992187500000,0.000072013367
30.000000000000,0.000072010629
30.007812500000,0.000072007902
30.015625000000,0.000072005186
30.023437500000,0.000072002481
30.031250000000,0.000071999787
30.039062500000,0.000071997104
30.046875000000,0.000071994431
30.054687500000,0.000071991769
30.062500000000,0.000071989118
30.070312500000,0.000071986478
30.078125000000,0.000071983849
30.085937500000,0.000071981230
30.093750000000,0.000071978623
30.101562500000,0.000071976026
30.109375000000,0.000071973440
30.117187500000,0.000071970865
30.125000000000,0.000071968300
30.132812500000,0.000071965747
30.140625000000,0.000071963204
30.148437500000,0.000071960672
30.156250000000,0.000071958151
30.164062500000,0.000071955641
30.171875000000,0.000071953141
30.179687500000,0.000071950652
30.187500000000,0.000071948175
30.195312500000,0.000071945707
30.203125000000,0.000071943251
30.210937500000,0.000071940806
30.218750000000,0.000071938371
30.226562500000,0.000071935947
30.234375000000,0.000071933534
30.242187500000,0.000071931132
30.250000000000,0.000071928740
30.257812500000,0.000071926359
30.265625000000,0.000071923989
30.273437500000,0.000071921630
30.281250000000,0.000071919282
30.289062500000,0.000071916944
30.296875000000,0.000071914617
30.304687500000,0.000071912301
30.312500000000,0.000071909996
30.320312500000,0.000071907701
30.328125000000,0.000071905417
30.335937500000,0.000071903144
30.343750000000,0.000071900882
30.351562500000,0.000071898631
30.359375000000,0.000071896390
30.367187500000,0.000071894160
30.375000000000,0.000071891941
30.382812500000,0.000071889732
30.390625000000,0.000071887534
30.398437500000,0.000071885348
30.406250000000,0.000071883171
30.414062500000,0.000071881006
30.421875000000,0.000071878851
30.429687500000,0.000071876707
30.437500000000,0.000071874574
30.445312500000,0.000071872452
30.453125000000,0.000071870340
30.460937500000,0.000071868239
30.468750000000,0.000071866149
30.476562500000,0.000071864069
30.484375000000,0.000071862001
30.492187500000,0.000071859943
30.500000000000,0.000071857895
30.507812500000,0.000071855859
30.515625000000,0.000071853833
30.523437500000,0.000071851818
30.531250000000,0.000071849813
30.539062500000,0.000071847820
30.546875000000,0.000071845837
30.554687500000,0.000071843865
30.562500000000,0.000071841903
30.570312500000,0.000071839952
30.578125000000,0.000071838012
30.585937500000,0.000071836083
30.593750000000,0.000071834165
30.601562500000,0.000071832257
30.609375000000,0.000071830359
30.617187500000,0.000071828473
30.625000000000,0.000071826597
30.632812500000,0.000071824732
30.640625000000,0.000071822878
30.648437500000,0.000071821034
30.656250000000,0.000071819201
30.664062500000,0.000071817379
30.671875000000,0.000071815568
30.679687500000,0.000071813767
30.687500000000,0.000071811977
30.695312500000,0.000071810197
30.703125000000,0.000071808429
30.710937500000,0.000071806671
30.718750000000,0.000071804923
30.726562500000,0.000071803187
30.734375000000,0.000071801461
30.742187500000,0.000071799745
30.750000000000,0.000071798041
30.757812500000,0.000071796347
30.765625000000,0.000071794664
30.773437500000,0.000071792991
30.781250000000,0.000071791329
30.789062500000,0.000071789678
30.796875000000,0.000071788038
30.804687500000,0.000071786408
30.812500000000,0.000071784789
30.820312500000,0.000071783180
30.828125000000,0.000071781583
30.835937500000,0.000071779996
30.843750000000,0.000071778419
30.851562500000,0.000071776854
30.859375000000,0.000071775298
30.867187500000,0.000071773754
30.875000000000,0.000071772220
30.882812500000,0.000071770697
30.890625000000,0.000071769185
30.898437500000,0.000071767683
30.906250000000,0.000071766192
30.914062500000,0.000071764712
30.921875000000,0.000071763242
30.929687500000,0.000071761783
30.937500000000,0.000071760335
30.945312500000,0.000071758897
30.953125000000,0.000071757470
30.960937500000,0.000071756053
30.968750000000,0.000071754648
30.976562500000,0.000071753252
30.984375000000,0.000071751868
30.992187500000,0.000071750494
31.000000000000,0.000071749131
31.007812500000,0.000071747779
31.015625000000,0.000071746437
31.023437500000,0.000071745105
31.031250000000,0.000071743785
31.039062500000,0.000071742475
31.046875000000,0.000071741176
31.054687500000,0.000071739887
31.062500000000,0.000071738609
31.070312500000,0.000071737342
31.078125000000,0.000071736085
31.085937500000,0.000071734839
31.093750000000,0.000071733604
31.101562500000,0.000071732379
31.109375000000,0.000071731165
31.117187500000,0.000071729961
31.125000000000,0.000071728768
31.132812500000,0.000071727586
31.140625000000,0.000071726415
31.148437500000,0.000071725254
31.156250000000,0.000071724103
31.164062500000,0.000071722964
31.171875000000,0.000071721835
31.179687500000,0.000071720716
31.187500000000,0.000071719608
31.195312500000,0.000071718511
31.203125000000,0.000071717425
31.210937500000,0.000071716349
31.218750000000,0.000071715283
31.226562500000,0.000071714229
31.234375000000,0.000071713185
31.242187500000,0.000071712151
31.250000000000,0.000071711129
31.257812500000,0.000071710116
31.265625000000,0.000071709115
31.273437500000,0.000071708124
31.281250000000,0.000071707144
31.289062500000,0.000071706174
31.296875000000,0.000071705215
31.304687500000,0.000071704267
31.312500000000,0.000071703329
31.320312500000,0.000071702401
31.328125000000,0.000071701485
31.335937500000,0.000071700579
31.343750000000,0.000071699684
31.351562500000,0.000071698799
31.359375000000,0.000071697925
31.367187500000,0.000071697061
31.375000000000,0.000071696208
31.382812500000,0.000071695366
31.390625000000,0.000071694534
31.398437500000,0.000071693713
31.406250000000,0.000071692903
31.414062500000,0.000071692103
31.421875000000,0.000071691314
31.429687500000,0.000071690535
31.437500000000,0.000071689767
31.445312500000,0.000071689010
31.453125000000,0.000071688263
31.460937500000,0.000071687527
31.468750000000,0.000071686801
31.476562500000,0.000071686086
31.484375000000,0.000071685382
31.492187500000,0.000071684688
31.500000000000,0.000071684005
31.507812500000,0.000071683332
31.515625000000,0.000071682670
31.523437500000,0.000071682019
31.531250000000,0.000071681378
31.539062500000,0.000071680748
31.546875000000,0.000071680128
31.554687500000,0.000071679519
31.562500000000,0.000071678921
31.570312500000,0.000071678333
31.578125000000,0.000071677756
31.585937500000,0.000071677189
31.593750000000,0.000071676633
31.601562500000,0.000071676088
31.609375000000,0.000071675553
31.617187500000,0.000071675029
31.625000000000,0.000071674515
31.632812500000,0.000071674012
31.640625000000,0.000071673520
31.648437500000,0.000071673038
31.656250000000,0.000071672567
31.664062500000,0.000071672106
31.671875000000,0.000071671656
31.679687500000,0.000071671217
31.687500000000,0.000071670788
31.695312500000,0.000071670370
31.703125000000,0.000071669962
31.710937500000,0.000071669565
31.718750000000,0.000071669178
31.726562500000,0.000071668803
31.734375000000,0.000071668437
31.742187500000,0.000071668083
31.750000000000,0.000071667738
31.757812500000,0.000071667405
31.765625000000,0.000071667082
31.773437500000,0.000071666770
31.781250000000,0.000071666468
31.789062500000,0.000071666177
31.796875000000,0.000071665896
31.804687500000,0.000071665626
31.812500000000,0.000071665367
31.820312500000,0.000071665118
31.828125000000,0.000071664880
31.835937500000,0.000071664652
31.843750000000,0.000071664435
31.851562500000,0.000071664229
31.859375000000,0.000071664033
31.867187500000,0.000071663848
31.875000000000,0.000071663673
31.882812500000,0.000071663509
31.890625000000,0.000071663355
31.898437500000,0.000071663212
31.906250000000,0.000071663080
31.914062500000,0.000071662958
31.921875000000,0.000071662847
31.929687500000,0.000071662747
31.937500000000,0.000071662657
31.945312500000,0.000071662577
31.953125000000,0.000071662508
31.960937500000,0.000071662450
31.968750000000,0.000071662402
31.976562500000,0.000071662365
31.984375000000,0.000071662339
31.992187500000,0.000071662323
32.000000000000,0.000035831159
