time,x1,x2
0.000000000000,1.000000000000,0.000000000000
0.015625000000,0.996096414067,0.000853380009
0.031250000000,0.984417588750,0.003400195067
0.046875000000,0.965059049446,0.007600628799
0.062500000000,0.938179100732,0.013388847316
0.078125000000,0.903997478087,0.020673783380
0.093750000000,0.862793476951,0.029340222416
0.109375000000,0.814903575575,0.039250178703
0.125000000000,0.760718572565,0.050244546940
0.140625000000,0.700680264302,0.062145011408
0.156250000000,0.635277691414,0.074756192152
0.171875000000,0.565042987285,0.087868005020
0.187500000000,0.490546865042,0.101258210051
0.203125000000,0.412393782579,0.114695120608
0.218750000000,0.331216828025,0.127940443867
0.234375000000,0.247672370404,0.140752221731
0.250000000000,0.162434522286,0.152887840109
0.265625000000,0.076189462788,0.164107073592
0.281250000000,-0.010370329549,0.174175132075
0.296875000000,-0.096551883789,0.182865675703
0.312500000000,-0.181667533054,0.189963764678
0.328125000000,-0.265040650108,0.195268711012
0.343750000000,-0.346011272427,0.198596800174
0.359375000000,-0.423941568196,0.199783851780
0.375000000000,-0.498221096190,0.198687590001
0.390625000000,-0.568271814425,0.195189796211
0.406250000000,-0.633552794798,0.189198218524
0.421875000000,-0.693564603661,0.180648215249
0.437500000000,-0.747853311312,0.169504111975
0.453125000000,-0.796014096790,0.155760254836
0.468750000000,-0.837694418032,0.139441745584
0.484375000000,-0.872596721385,0.120604847318
0.500000000000,-0.900480668633,0.099337053086
0.515625000000,-0.921164864029,0.075756813006
0.531250000000,-0.934528068315,0.050012919106
0.546875000000,-0.940509891307,0.022283550610
0.562500000000,-0.939110959264,-0.007225014075
0.578125000000,-0.930392557925,-0.038280008871
0.593750000000,-0.914475756773,-0.070624101878
0.609375000000,-0.891540024614,-0.103977611042
0.625000000000,-0.861821351087,-0.138040993995
0.640625000000,-0.825609893003,-0.172497589408
0.656250000000,-0.783247168580,-0.207016584450
0.671875000000,-0.735122826527,-0.241256180389
0.687500000000,-0.681671020629,-0.274866926113
0.703125000000,-0.623366423795,-0.307495187347
0.718750000000,-0.560719918648,-0.338786717695
0.734375000000,-0.494274004351,-0.368390296250
0.750000000000,-0.424597961782,-0.395961395558
0.765625000000,-0.352282821030,-0.421165843022
0.781250000000,-0.277936176771,-0.443683438601
0.796875000000,-0.202176898165,-0.463211491674
0.812500000000,-0.125629780622,-0.479468240467
0.828125000000,-0.048920187013,-0.492196118190
0.843750000000,0.027331274248,-0.501164831246
0.859375000000,0.102513987458,-0.506174216405
0.875000000000,0.176032438434,-0.507056845687
0.890625000000,0.247311149558,-0.503680349901
0.906250000000,0.315799398551,-0.495949434277
0.921875000000,0.380975680699,-0.483807562395
0.937500000000,0.442351876827,-0.467238287664
0.953125000000,0.499477092199,-0.446266214822
0.968750000000,0.551941134736,-0.420957577411
0.984375000000,0.599377604413,-0.391420420785
1.000000000000,0.641466569395,-0.357804383931
1.015625000000,0.677936808406,-0.320300077264
1.031250000000,0.708567602875,-0.279138057406
1.046875000000,0.733190066614,-0.234587403905
1.062500000000,0.751688005091,-0.186953906733
1.078125000000,0.763998300669,-0.136577877247
1.093750000000,0.770110824549,-0.083831599048
1.109375000000,0.770067880444,-0.029116438781
1.125000000000,0.763963189275,0.027140359596
1.140625000000,0.751940428268,0.084489170348
1.156250000000,0.734191341844,0.142461741485
1.171875000000,0.710953445435,0.200575177749
1.187500000000,0.682507346983,0.258336116044
1.203125000000,0.649173714128,0.315245056134
1.218750000000,0.611309918173,0.370800807631
1.234375000000,0.569306388617,0.424505012821
1.250000000000,0.523582714424,0.475866703800
1.265625000000,0.474583530257,0.524406851681
1.281250000000,0.422774227553,0.569662865337
1.296875000000,0.368636531596,0.611192997247
1.312500000000,0.312663986651,0.648580614477
1.328125000000,0.255357391688,0.681438293772
1.343750000000,0.197220229315,0.709411700978
1.359375000000,0.138754130244,0.732183216714
1.375000000000,0.080454414871,0.749475272241
1.390625000000,0.022805752482,0.761053361887
1.406250000000,-0.033722022886,0.766728701084
1.421875000000,-0.088677902734,0.766360502137
1.437500000000,-0.141633465490,0.759857843140
1.453125000000,-0.192186376454,0.747181109031
1.468750000000,-0.239963596503,0.728342987567
1.484375000000,-0.284624272822,0.703409006949
1.500000000000,-0.325862288157,0.672497605992
1.515625000000,-0.363408448578,0.635779731922
1.531250000000,-0.397032293357,0.593477965206
1.546875000000,-0.426543514322,0.545865175172
1.562500000000,-0.451792975907,0.493262714484
1.578125000000,-0.472673331002,0.436038164822
1.593750000000,-0.489119231660,0.374602650324
1.609375000000,-0.501107137586,0.309407739405
1.625000000000,-0.508654729208,0.240941959461
1.640625000000,-0.511819935835,0.169726952675
1.656250000000,-0.510699593082,0.096313304596
1.671875000000,-0.505427747137,0.021276080349
1.687500000000,-0.496173626741,-0.054789893785
1.703125000000,-0.483139306765,-0.131274963110
1.718750000000,-0.466557090045,-0.207559749088
1.734375000000,-0.446686636619,-0.283020381419
1.750000000000,-0.423811871722,-0.357033811884
1.765625000000,-0.398237705739,-0.428983163174
1.781250000000,-0.370286600854,-0.498263065377
1.796875000000,-0.340295020316,-0.564284932558
1.812500000000,-0.308609797031,-0.626482132225
1.828125000000,-0.275584458675,-0.684315001078
1.843750000000,-0.241575546571,-0.737275661642
1.859375000000,-0.206938965278,-0.784892595888
1.875000000000,-0.172026399218,-0.826734933893
1.890625000000,-0.137181831624,-0.862416417963
1.906250000000,-0.102738199755,-0.891599005302
1.921875000000,-0.069014218638,-0.913996075424
1.937500000000,-0.036311403612,-0.929375211809
1.953125000000,-0.004911319671,-0.937560531040
1.968750000000,0.024926916958,-0.938434536514
1.984375000000,0.052968862317,-0.931939478012
2.000000000000,0.079006673623,-0.918078202699
2.015625000000,0.102860727080,-0.896914487641
2.031250000000,0.124380911376,-0.868572848452
2.046875000000,0.143447587110,-0.833237823391
2.062500000000,0.159972205874,-0.791152736831
2.078125000000,0.173897586275,-0.742617950718
2.093750000000,0.185197847706,-0.687988617185
2.109375000000,0.193878006246,-0.627671949994
2.125000000000,0.199973240481,-0.562124036786
2.140625000000,0.203547838429,-0.491846218280
2.156250000000,0.204693839958,-0.417381064504
2.171875000000,0.203529392186,-0.339307981763
2.187500000000,0.200196838173,-0.258238487463
2.203125000000,0.194860561912,-0.174811192950
2.218750000000,0.187704614999,-0.089686537194
2.234375000000,0.178930152500,-0.003541316496
2.250000000000,0.168752707372,0.082936942699
2.265625000000,0.157399334313,0.169055719303
2.281250000000,0.145105655141,0.254123291741
2.296875000000,0.132112838655,0.337454540496
2.312500000000,0.118664548450,0.418376708568
2.328125000000,0.105003892359,0.496235069678
2.343750000000,0.091370407010,0.570398454758
2.359375000000,0.077997110467,0.640264588428
2.375000000000,0.065107655078,0.705265188766
2.390625000000,0.052913611462,0.764870785706
2.406250000000,0.041611913063,0.818595215804
2.421875000000,0.031382488892,0.865999753913
2.437500000000,0.022386109993,0.906696845485
2.453125000000,0.014762472810,0.940353406672
2.468750000000,0.008628540061,0.966693663196
2.484375000000,0.004077156911,0.985501502998
2.500000000000,0.001175957259,0.996622321919
2.515625000000,-0.000033428161,0.999964346166
2.531250000000,0.000464146563,0.995499419848
2.546875000000,0.002657176223,0.983263250654
2.562500000000,0.006507655255,0.963355111435
2.578125000000,0.011951543891,0.935937000299
2.593750000000,0.018899544621,0.901232266563
2.609375000000,0.027238180558,0.859523714618
2.625000000000,0.036831164048,0.811151202348
2.640625000000,0.047521040751,0.756508755191
2.656250000000,0.059131091418,0.696041221176
2.671875000000,0.071467470818,0.630240496304
2.687500000000,0.084321560672,0.559641353383
2.703125000000,0.097472511097,0.484816910901
2.718750000000,0.110689942994,0.406373781657
2.734375000000,0.123736782005,0.324946943627
2.750000000000,0.136372193145,0.241194377952
2.765625000000,0.148354584056,0.155791520923
2.781250000000,0.159444643971,0.069425578388
2.796875000000,0.169408384948,-0.017210247827
2.812500000000,0.178020151786,-0.103422571220
2.828125000000,0.185065567194,-0.188523619148
2.843750000000,0.190344379337,-0.271836968270
2.859375000000,0.193673179728,-0.352703167285
2.875000000000,0.194887960655,-0.430485198415
2.890625000000,0.193846482854,-0.504573730637
2.906250000000,0.190430425976,-0.574392119598
2.921875000000,0.184547296529,-0.639401111525
2.937500000000,0.176132070369,-0.699103211137
2.953125000000,0.165148549455,-0.753046676652
2.968750000000,0.151590415472,-0.800829108398
2.984375000000,0.135481965960,-0.842100601199
3.000000000000,0.116878521817,-0.876566434676
3.015625000000,0.095866498424,-0.903989279758
3.031250000000,0.072563136042,-0.924190904061
3.046875000000,0.047115888701,-0.937053363280
3.062500000000,0.019701474305,-0.942519670329
3.078125000000,-0.009475407776,-0.940593938637
3.093750000000,-0.040183681848,-0.931341000656
3.109375000000,-0.072167810592,-0.914885507320
3.125000000000,-0.105150002840,-0.891410518724
3.140625000000,-0.138832694778,-0.861155600826
3.156250000000,-0.172901281956,-0.824414447242
3.171875000000,-0.207027076726,-0.781532049375
3.187500000000,-0.240870463182,-0.732901442017
3.203125000000,-0.274084219412,-0.678960055216
3.218750000000,-0.306316974912,-0.620185706562
3.234375000000,-0.337216769311,-0.557092271073
3.250000000000,-0.366434677251,-0.490225068578
3.265625000000,-0.393628463234,-0.420156010776
3.281250000000,-0.418466229635,-0.347478552110
3.296875000000,-0.440630020760,-0.272802490098
3.312500000000,-0.459819345967,-0.196748661863
3.328125000000,-0.475754585262,-0.119943584285
3.343750000000,-0.488180241658,-0.043014085434
3.359375000000,-0.496868005727,0.033418025256
3.375000000000,-0.501619599332,0.108741201233
3.390625000000,-0.502269367378,0.182359271686
3.406250000000,-0.498686588637,0.253696378690
3.421875000000,-0.490777479156,0.322201696133
3.437500000000,-0.478486864574,0.387353890180
3.453125000000,-0.461799500672,0.448665283583
3.468750000000,-0.440741024734,0.505685689084
3.484375000000,-0.415378523752,0.558005880340
3.500000000000,-0.385820709119,0.605260672330
3.515625000000,-0.352217691184,0.647131586867
3.531250000000,-0.314760350882,0.683349082813
3.546875000000,-0.273679309530,0.713694334642
3.562500000000,-0.229243501818,0.738000547238
3.578125000000,-0.181758360861,0.756153799082
3.593750000000,-0.131563628071,0.768093410356
3.609375000000,-0.079030804303,0.773811836826
3.625000000000,-0.024560262358,0.773354094678
3.640625000000,0.031421955624,0.766816725725
3.656250000000,0.088467629127,0.754346316542
3.671875000000,0.146110108778,0.736137589032
3.687500000000,0.203868291902,0.712431083740
3.703125000000,0.261250789123,0.683510460784
3.718750000000,0.317760244860,0.649699446590
3.734375000000,0.372897772792,0.611358457636
3.750000000000,0.426167465895,0.568880935141
3.765625000000,0.477080939583,0.522689427007
3.781250000000,0.525161865798,0.473231455356
3.796875000000,0.569950455597,0.420975209676
3.812500000000,0.611007847890,0.366405106833
3.828125000000,0.647920362490,0.310017260114
3.843750000000,0.680303576529,0.252314899933
3.859375000000,0.707806184608,0.193803788909
3.875000000000,0.730113604715,0.134987673692
3.890625000000,0.746951293992,0.076363815216
3.906250000000,0.758087740849,0.018418637915
3.921875000000,0.763337102618,-0.038376463012
3.937500000000,0.762561461022,-0.093569119050
3.953125000000,0.755672671011,-0.146729755482
3.968750000000,0.742633782103,-0.197455095593
3.984375000000,0.723460015162,-0.245371372190
4.000000000000,0.698219281498,-0.290137219684
4.015625000000,0.667032235296,-0.331446223287
4.031250000000,0.630071854631,-0.369029105310
4.046875000000,0.587562550588,-0.402655532235
4.062500000000,0.539778808366,-0.432135529948
4.078125000000,0.487043368573,-0.457320498420
4.093750000000,0.429724961154,-0.478103821015
4.109375000000,0.368235608621,-0.494421067528
4.125000000000,0.303027519295,-0.506249793978
4.140625000000,0.234589595139,-0.513608946025
4.156250000000,0.163443582481,-0.516557876617
4.171875000000,0.090139897354,-0.515194992116
4.187500000000,0.015253160342,-0.509656044595
4.203125000000,-0.060622521274,-0.500112091256
4.218750000000,-0.136878483769,-0.486767144965
4.234375000000,-0.212896607117,-0.469855542637
4.250000000000,-0.288054540719,-0.449639060753
4.265625000000,-0.361731008986,-0.426403809418
4.281250000000,-0.433311150069,-0.400456938281
4.296875000000,-0.502191840424,-0.372123189148
4.312500000000,-0.567786957752,-0.341741331277
4.328125000000,-0.629532535159,-0.309660516177
4.343750000000,-0.686891760056,-0.276236589169
4.359375000000,-0.739359772496,-0.241828395026
4.375000000000,-0.786468219156,-0.206794114739
4.390625000000,-0.827789521190,-0.171487669769
4.406250000000,-0.862940816462,-0.136255229147
4.421875000000,-0.891587539446,-0.101431853416
4.437500000000,-0.913446605109,-0.067338307738
4.453125000000,-0.928289166466,-0.034278074463
4.468750000000,-0.935942919207,-0.002534593203
4.484375000000,-0.936293930664,0.027631246109
4.500000000000,-0.929287974580,0.055983334487
4.515625000000,-0.914931357450,0.082312279791
4.531250000000,-0.893291226658,0.106437030720
4.546875000000,-0.864495355265,0.128206175708
4.562500000000,-0.828731402881,0.147498906939
4.578125000000,-0.786245656768,0.164225643230
4.593750000000,-0.737341261922,0.178328309048
4.609375000000,-0.682375953492,0.189780270524
4.625000000000,-0.621759309338,0.198585932816
4.640625000000,-0.555949544867,0.204780006671
4.656250000000,-0.485449876423,0.208426455364
4.671875000000,-0.410804483420,0.209617136459
4.687500000000,-0.332594103065,0.208470155876
4.703125000000,-0.251431294858,0.205127954640
4.718750000000,-0.167955415129,0.199755151326
4.734375000000,-0.082827344502,0.192536165628
4.750000000000,0.003275986468,0.183672650594
4.765625000000,0.089667226385,0.173380762932
4.781250000000,0.175654338209,0.161888302293
4.796875000000,0.260546390908,0.149431751656
4.812500000000,0.343659357292,0.136253251815
4.828125000000,0.424321867614,0.122597543471
4.843750000000,0.501880868774,0.108708910632
4.859375000000,0.575707139758,0.094828158845
4.875000000000,0.645200615067,0.081189661253
4.890625000000,0.709795469554,0.068018504635
4.906250000000,0.768964920085,0.055527766389
4.921875000000,0.822225701898,0.043915951909
4.937500000000,0.869142180334,0.033364619998
4.953125000000,0.909330061792,0.024036221888
4.968750000000,0.942459671238,0.016072177055
4.984375000000,0.968258767402,0.009591206459
5.000000000000,0.986514870847,0.004687941016
5.015625000000,0.997077084337,0.001431820151
5.031250000000,0.999857389440,-0.000133707877
5.046875000000,0.994831407855,0.000008324590
5.062500000000,0.982038620699,0.001848230538
5.078125000000,0.961582043739,0.005349811285
5.093750000000,0.933627361344,0.010450814923
5.109375000000,0.898401526713,0.017063705105
5.125000000000,0.856190840609,0.025076731814
5.140625000000,0.807338525425,0.034355292462
5.156250000000,0.752241815859,0.044743568553
5.171875000000,0.691348591686,0.056066420170
5.187500000000,0.625153582162,0.068131517744
5.203125000000,0.554194175331,0.080731687988
5.218750000000,0.479045868943,0.093647448529
5.234375000000,0.400317402845,0.106649703681
5.250000000000,0.318645615433,0.119502572004
5.265625000000,0.234690069148,0.131966314806
5.281250000000,0.149127491989,0.143800333534
5.296875000000,0.062646083529,0.154766203185
5.312500000000,-0.024060264903,0.164630708319
5.328125000000,-0.110297785602,0.173168848121
5.343750000000,-0.195378634866,0.180166777113
5.359375000000,-0.278626628097,0.185424648669
5.375000000000,-0.359382859979,0.188759329336
5.390625000000,-0.437011161232,0.190006953182
5.406250000000,-0.510903344970,0.189025286910
5.421875000000,-0.580484197686,0.185695878335
5.437500000000,-0.645216172204,0.179925962903
5.453125000000,-0.704603742736,0.171650105390
5.468750000000,-0.758197385213,0.160831556507
5.484375000000,-0.805597149526,0.147463307038
5.500000000000,-0.846455793962,0.131568825182
5.515625000000,-0.880481456127,0.113202465990
5.531250000000,-0.907439838796,0.092449545144
5.546875000000,-0.927155893499,0.069426072775
5.562500000000,-0.939514989149,0.044278146514
5.578125000000,-0.944463557639,0.017181006534
5.593750000000,-0.942009212958,-0.011662241155
5.609375000000,-0.932220345099,-0.042022223385
5.625000000000,-0.915225194640,-0.073645207307
5.640625000000,-0.891210418486,-0.106255300208
5.656250000000,-0.860419161724,-0.139556922029
5.671875000000,-0.823148654865,-0.173237527998
5.687500000000,-0.779747359873,-0.206970556025
5.703125000000,-0.730611692300,-0.240418570969
5.718750000000,-0.676182350482,-0.273236575633
5.734375000000,-0.616940286105,-0.305075456393
5.750000000000,-0.553402353474,-0.335585529646
5.765625000000,-0.486116677523,-0.364420154004
5.781250000000,-0.415657782873,-0.391239372098
5.796875000000,-0.342621528192,-0.415713545257
5.812500000000,-0.267619891613,-0.437526944048
5.828125000000,-0.191275654041,-0.456381257722
5.843750000000,-0.114217027848,-0.471998986119
5.859375000000,-0.037072278686,-0.484126678367
5.875000000000,0.039535612069,-0.492537983916
5.890625000000,0.114994197367,-0.497036482971
5.906250000000,0.188706681207,-0.497458265283
5.921875000000,0.260096857676,-0.493674228402
5.937500000000,0.328613829841,-0.485592069057
5.953125000000,0.393736468230,-0.473157944027
5.968750000000,0.454977571281,-0.456357779946
5.984375000000,0.511887693025,-0.435218214717
6.000000000000,0.564058606526,-0.409807156639
6.015625000000,0.611126375073,-0.380233950979
6.031250000000,0.652774006874,-0.346649147452
6.046875000000,0.688733672908,-0.309243865879
6.062500000000,0.718788471722,-0.268248761200
6.078125000000,0.742773729142,-0.223932592914
6.093750000000,0.760577825204,-0.176600407887
6.109375000000,0.772142544953,-0.126591349300
6.125000000000,0.777462954094,-0.074276108270
6.140625000000,0.776586804842,-0.020054038211
6.156250000000,0.769613481505,0.035650044480
6.171875000000,0.756692499518,0.092389346666
6.187500000000,0.738021575581,0.149698841848
6.203125000000,0.713844290361,0.207099238161
6.218750000000,0.684447368780,0.264101136022
6.234375000000,0.650157606217,0.320209338328
6.250000000000,0.611338471979,0.374927274304
6.265625000000,0.568386424103,0.427761496673
6.281250000000,0.521726971948,0.478226210744
6.296875000000,0.471810525032,0.525847793333
6.312500000000,0.419108068247,0.570169259164
6.328125000000,0.364106704839,0.610754632490
6.343750000000,0.307305109396,0.647193182199
6.359375000000,0.249208933596,0.679103479578
6.375000000000,0.190326207487,0.706137239221
6.390625000000,0.131162778774,0.727982905238
6.406250000000,0.072217831820,0.744368946985
6.421875000000,0.013979526999,0.755066830939
6.437500000000,-0.043079200514,0.759893638072
6.453125000000,-0.098504645226,0.758714299115
6.468750000000,-0.151866104012,0.751443423438
6.484375000000,-0.202759384433,0.738046700813
6.500000000000,-0.250810018892,0.718541859139
6.515625000000,-0.295676157911,0.692999165165
6.531250000000,-0.337051119081,0.661541459362
6.546875000000,-0.374665571724,0.624343720315
6.562500000000,-0.408289340958,0.581632158322
6.578125000000,-0.437732818622,0.533682842183
6.593750000000,-0.462847972403,0.480819867501
6.609375000000,-0.483528948390,0.423413079063
6.625000000000,-0.499712266260,0.361875364070
6.640625000000,-0.511376610182,0.296659536999
6.656250000000,-0.518542222383,0.228254840784
6.671875000000,-0.521269910098,0.157183092666
6.687500000000,-0.519659680218,0.083994506488
6.703125000000,-0.513849019438,0.009263226397
6.718750000000,-0.504010840945,-0.066417390256
6.734375000000,-0.490351121742,-0.142439700481
6.750000000000,-0.473106257442,-0.218186871173
6.765625000000,-0.452540163907,-0.293038098307
6.781250000000,-0.428941157246,-0.366373904102
6.796875000000,-0.402618645582,-0.437581465478
6.812500000000,-0.373899667505,-0.506059926555
6.828125000000,-0.343125313313,-0.571225647814
6.843750000000,-0.310647065925,-0.632517344832
6.859375000000,-0.276823098818,-0.689401070223
6.875000000000,-0.242014568385,-0.741374993571
6.890625000000,-0.206581937821,-0.787973935716
6.906250000000,-0.170881368972,-0.828773615711
6.921875000000,-0.135261217578,-0.863394571139
6.937500000000,-0.100058665945,-0.891505715200
6.953125000000,-0.065596525420,-0.912827497054
6.968750000000,-0.032180239024,-0.927134635281
6.984375000000,-0.000095112297,-0.934258398014
7.000000000000,0.030396202108,-0.934088407200
7.015625000000,0.059055943392,-0.926573948630
7.031250000000,0.085673185408,-0.911724773674
7.046875000000,0.110065466750,-0.889611383148
7.062500000000,0.132080094936,-0.860364788323
7.078125000000,0.151595114899,-0.824175748702
7.093750000000,0.168519935531,-0.781293490883
7.109375000000,0.182795611571,-0.732023917414
7.125000000000,0.194394781700,-0.676727319171
7.140625000000,0.203321267228,-0.615815609200
7.156250000000,0.209609339219,-0.549749100321
7.171875000000,0.213322665289,-0.479032852893
7.187500000000,0.214552950527,-0.404212623057
7.203125000000,0.213418290063,-0.325870445404
7.218750000000,0.210061253682,-0.244619887374
7.234375000000,0.204646725548,-0.161101015692
7.250000000000,0.197359524483,-0.075975117844
7.265625000000,0.188401832398,0.010080776152
7.281250000000,0.177990460293,0.096379524511
7.296875000000,0.166353982793,0.182229608358
7.312500000000,0.153729773368,0.266940920662
7.328125000000,0.140360973273,0.349830559150
7.343750000000,0.126493427747,0.430228572836
7.359375000000,0.112372623217,0.507483612037
7.375000000000,0.098240659044,0.580968432561
7.390625000000,0.084333286854,0.650085205912
7.406250000000,0.070877049637,0.714270589015
7.421875000000,0.058086551595,0.773000508986
7.437500000000,0.046161888224,0.825794620935
7.453125000000,0.035286264301,0.872220399617
7.468750000000,0.025623825352,0.911896828919
7.484375000000,0.017317725843,0.944497656675
7.500000000000,0.010488454709,0.969754186101
7.515625000000,0.005232436079,0.987457579203
7.531250000000,0.001620920037,0.997460651787
7.546875000000,-0.000300824847,0.999679144154
7.562500000000,-0.000514008746,0.994092456197
7.578125000000,0.000973497568,0.980743840294
7.593750000000,0.004127297994,0.959740050200
7.609375000000,0.008886921840,0.931250448895
7.625000000000,0.015166584993,0.895505583128
7.640625000000,0.022856253136,0.852795237088
7.656250000000,0.031822995395,0.803465982205
7.671875000000,0.041912613675,0.747918244526
7.687500000000,0.052951529933,0.686602915344
7.703125000000,0.064748910900,0.620017534753
7.718750000000,0.077099007130,0.548702081560
7.734375000000,0.089783680936,0.473234406416
7.750000000000,0.102575095677,0.394225348126
7.765625000000,0.115238537080,0.312313575861
7.781250000000,0.127535335742,0.228160202360
7.796875000000,0.139225858831,0.142443215159
7.812500000000,0.150072538095,0.055851774425
7.828125000000,0.159842900838,-0.030919572902
7.843750000000,0.168312570292,-0.117176712338
7.859375000000,0.175268202055,-0.202231763877
7.875000000000,0.180510323753,-0.285408816519
7.890625000000,0.183856045973,-0.366049545674
7.906250000000,0.185141613714,-0.443518664967
7.921875000000,0.184224769133,-0.517209165513
7.937500000000,0.180986898193,-0.586547297743
7.953125000000,0.175334935957,-0.650997253210
7.968750000000,0.167203007658,-0.710065506579
7.984375000000,0.156553785325,-0.763304781094
8.000000000000,0.143379542603,-0.810317604255
8.015625000000,0.127702893460,-0.850759424143
8.031250000000,0.109577203710,-0.884341260798
8.046875000000,0.089086667593,-0.910831871252
8.062500000000,0.066346045130,-0.930059411183
8.078125000000,0.041500059472,-0.941912580669
8.093750000000,0.014722456985,-0.946341246113
8.109375000000,-0.013785263656,-0.943356535104
8.125000000000,-0.043795443592,-0.933030405631
8.140625000000,-0.075056163964,-0.915494695738
8.156250000000,-0.107293437708,-0.890939664272
8.171875000000,-0.140213673340,-0.859612037875
8.187500000000,-0.173506388185,-0.821812583652
8.203125000000,-0.206847145696,-0.777893231114
8.218750000000,-0.239900689057,-0.728253770865
8.234375000000,-0.272324240926,-0.673338161169
8.250000000000,-0.303770937295,-0.613630476851
8.265625000000,-0.333893361712,-0.549650538029
8.281250000000,-0.362347144832,-0.481949258830
8.296875000000,-0.388794593242,-0.411103758557
8.312500000000,-0.412908310901,-0.337712279652
8.328125000000,-0.434374776229,-0.262388958336
8.343750000000,-0.452897838007,-0.185758494826
8.359375000000,-0.468202093698,-0.108450770744
8.375000000000,-0.480036114616,-0.031095461470
8.390625000000,-0.488175483575,0.045683308969
8.406250000000,-0.492425612188,0.121272223566
8.421875000000,-0.492624306833,0.195073892724
8.437500000000,-0.488644054528,0.266511795005
8.453125000000,-0.480394002433,0.335034995762
8.468750000000,-0.467821607462,0.400122603451
8.484375000000,-0.450913935537,0.461287925992
8.500000000000,-0.429698593232,0.518082292538
8.515625000000,-0.404244278017,0.570098509207
8.531250000000,-0.374660936905,0.616973920864
8.546875000000,-0.341099527047,0.658393054776
8.562500000000,-0.303751375617,0.694089825919
8.578125000000,-0.262847140229,0.723849287797
8.593750000000,-0.218655375019,0.747508916892
8.609375000000,-0.171480711385,0.764959423149
8.625000000000,-0.121661666206,0.776145083297
8.640625000000,-0.069568094094,0.781063598119
8.656250000000,-0.015598303794,0.779765479151
8.671875000000,0.039824137687,0.772352974512
8.687500000000,0.096253886458,0.758978547705
8.703125000000,0.153227558834,0.739842927218
8.718750000000,0.210267691651,0.715192748517
8.734375000000,0.266886890850,0.685317813599
8.750000000000,0.322592131268,0.650547996603
8.765625000000,0.376889168784,0.611249826942
8.781250000000,0.429287024550,0.567822784193
8.796875000000,0.479302499962,0.520695341309
8.812500000000,0.526464680370,0.470320794749
8.828125000000,0.570319385266,0.417172921779
8.843750000000,0.610433522766,0.361741506436
8.859375000000,0.646399306781,0.304527776511
8.875000000000,0.677838296148,0.246039794389
8.890625000000,0.704405216323,0.186787844609
8.906250000000,0.725791525936,0.127279860684
8.921875000000,0.741728692544,0.068016932968
8.937500000000,0.751991144354,0.009488938244
8.953125000000,0.756398867399,-0.047829669833
8.968750000000,0.754819620718,-0.103483872113
8.984375000000,0.747170745396,-0.157041862068
9.000000000000,0.733420546880,-0.208098558062
9.015625000000,0.713589233806,-0.256278819982
9.031250000000,0.687749400498,-0.301240343536
9.046875000000,0.656026044446,-0.342676208775
9.062500000000,0.618596114265,-0.380317062935
9.078125000000,0.575687587947,-0.413932921306
9.093750000000,0.527578085528,-0.443334573662
9.109375000000,0.474593024599,-0.468374587624
9.125000000000,0.417103331340,-0.488947904284
9.140625000000,0.355522723954,-0.504992025333
9.156250000000,0.290304589362,-0.516486794878
9.171875000000,0.221938477936,-0.523453782983
9.187500000000,0.150946244681,-0.525955281720
9.203125000000,0.077877868705,-0.524092928164
9.218750000000,0.003306985968,-0.518005972211
9.234375000000,-0.072173826858,-0.507869210374
9.250000000000,-0.147957977077,-0.493890609729
9.265625000000,-0.223429946686,-0.476308648970
9.281250000000,-0.297970504859,-0.455389406027
9.296875000000,-0.370961996521,-0.431423423870
9.312500000000,-0.441793660371,-0.404722387999
9.328125000000,-0.509866929175,-0.375615650643
9.343750000000,-0.574600665009,-0.344446637836
9.359375000000,-0.635436282447,-0.311569176370
9.375000000000,-0.691842713431,-0.277343778037
9.390625000000,-0.743321168719,-0.242133918645
9.406250000000,-0.789409652382,-0.206302348987
9.421875000000,-0.829687187818,-0.170207474266
9.437500000000,-0.863777716095,-0.134199837460
9.453125000000,-0.891353630206,-0.098618740729
9.468750000000,-0.912138911856,-0.063789037278
9.484375000000,-0.925911840835,-0.030018124075
9.500000000000,-0.932507250673,0.002406836472
9.515625000000,-0.931818308247,0.033221440341
9.531250000000,-0.923797799115,0.062186288483
9.546875000000,-0.908458904725,0.089088936435
9.562500000000,-0.885875462098,0.113745530413
9.578125000000,-0.856181701163,0.136002116666
9.593750000000,-0.819571459564,0.155735614325
9.609375000000,-0.776296879403,0.172854445478
9.625000000000,-0.726666595030,0.187298819791
9.640625000000,-0.671043425524,0.199040674538
9.656250000000,-0.609841589999,0.208083274441
9.671875000000,-0.543523468158,0.214460479216
9.687500000000,-0.472595932616,0.218235690046
9.703125000000,-0.397606283455,0.219500489495
9.718750000000,-0.319137819044,0.218372992390
9.734375000000,-0.237805080539,0.214995928132
9.750000000000,-0.154248810446,0.209534477510
9.765625000000,-0.069130668311,0.202173889508
9.781250000000,0.016872251145,0.193116905743
9.796875000000,0.103073050249,0.182581021988
9.812500000000,0.188780762323,0.170795617777
9.828125000000,0.273306137673,0.157998986280
9.843750000000,0.355967431387,0.144435297532
9.859375000000,0.436096142576,0.130351528572
9.875000000000,0.513042655007,0.115994394285
9.890625000000,0.586181729851,0.101607312518
9.906250000000,0.654917802484,0.087427436538
9.921875000000,0.718690036927,0.073682787056
9.937500000000,0.776977093570,0.060589514813
9.953125000000,0.829301568268,0.048349323252
9.968750000000,0.875234063786,0.037147078974
9.984375000000,0.914396857695,0.027148635573
10.000000000000,0.946467134387,0.018498894105
10.015625000000,0.971179752669,0.011320120855
10.031250000000,0.988329524439,0.005710540247
10.046875000000,0.997772984274,0.001743217787
10.062500000000,0.999429634191,-0.000534755237
10.078125000000,0.993282652488,-0.001102766795
10.093750000000,0.979379060247,0.000033126255
10.109375000000,0.957829343900,0.002840325705
10.125000000000,0.928806537001,0.007260135072
10.140625000000,0.892544769146,0.013208513178
10.156250000000,0.849337294642,0.020577129878
10.171875000000,0.799534018130,0.029234712325
10.187500000000,0.743538538764,0.039028667043
10.203125000000,0.681804738805,0.049786960099
10.218750000000,0.614832946465,0.061320234870
10.234375000000,0.543165706567,0.073424144319
10.250000000000,0.467383196041,0.085881872365
10.265625000000,0.388098324322,0.098466816825
10.281250000000,0.305951561511,0.110945404627
10.296875000000,0.221605539456,0.123080008479
10.312500000000,0.135739472907,0.134631933026
10.328125000000,0.049043449364,0.145364437639
10.343750000000,-0.037787362607,0.155045762502
10.359375000000,-0.124058536236,0.163452124491
10.375000000000,-0.209082190000,0.170370649502
10.390625000000,-0.292182721359,0.175602208450
10.406250000000,-0.372702421168,0.178964124990
10.421875000000,-0.450006920308,0.180292724257
10.437500000000,-0.523490421666,0.179445693420
10.453125000000,-0.592580672597,0.176304226692
10.468750000000,-0.656743635368,0.170774929567
10.484375000000,-0.715487815884,0.162791459438
10.500000000000,-0.768368214100,0.152315882409
10.515625000000,-0.814989862953,0.139339728961
10.531250000000,-0.855010926399,0.123884734188
10.546875000000,-0.888145331085,0.106003251541
10.562500000000,-0.914164910417,0.085778332348
10.578125000000,-0.932901044152,0.063323466855
10.593750000000,-0.944245781140,0.038781985969
10.609375000000,-0.948152437489,0.012326126507
10.625000000000,-0.944635667062,-0.015844233814
10.640625000000,-0.933771005938,-0.045503161866
10.656250000000,-0.915693897064,-0.076400561932
10.671875000000,-0.890598205983,-0.108264359412
10.687500000000,-0.858734242925,-0.140802955842
10.703125000000,-0.820406310901,-0.173707932668
10.718750000000,-0.775969803563,-0.206656978499
10.734375000000,-0.725827880473,-0.239317012017
10.750000000000,-0.670427751083,-0.271347470498
10.765625000000,-0.610256602031,-0.302403731923
10.781250000000,-0.545837205403,-0.332140637008
10.796875000000,-0.477723248262,-0.360216076175
10.812500000000,-0.406494426013,-0.386294605466
10.828125000000,-0.332751344106,-0.410051054815
10.843750000000,-0.257110274013,-0.431174091796
10.859375000000,-0.180197810522,-0.449369704073
10.875000000000,-0.102645477999,-0.464364564258
10.890625000000,-0.025084333460,-0.475909241680
10.906250000000,0.051860385915,-0.483781226796
10.921875000000,0.127574523890,-0.487787735496
10.937500000000,0.201460129026,-0.487768262415
10.953125000000,0.272940396943,-0.483596854584
10.968750000000,0.341464388496,-0.475184079240
10.984375000000,0.406511483694,-0.462478662355
11.000000000000,0.467595533783,-0.445468777521
11.015625000000,0.524268676878,-0.424182968020
11.031250000000,0.576124785779,-0.398690688367
11.046875000000,0.622802520134,-0.369102455240
11.062500000000,0.663987958863,-0.335569601369
11.078125000000,0.699416792702,-0.298283629846
11.093750000000,0.728876060861,-0.257475170142
11.109375000000,0.752205420018,-0.213412541015
11.125000000000,0.769297938190,-0.166399929367
11.140625000000,0.780100410396,-0.116775197908
11.156250000000,0.784613197387,-0.064907338219
11.171875000000,0.782889593047,-0.011193589351
11.187500000000,0.775034730333,0.043943754449
11.203125000000,0.761204039719,0.100060820096
11.218750000000,0.741601278150,0.156695886343
11.234375000000,0.716476150220,0.213373336286
11.250000000000,0.686121546927,0.269607796768
11.265625000000,0.650870430604,0.324908427668
11.281250000000,0.611092397681,0.378783322260
11.296875000000,0.567189953613,0.430743978428
11.312500000000,0.519594536697,0.480309799460
11.328125000000,0.468762329495,0.527012582520
11.343750000000,0.415169898226,0.570400952575
11.359375000000,0.359309701749,0.610044699744
11.375000000000,0.301685512580,0.645538978529
11.390625000000,0.242807792883,0.676508328333
11.406250000000,0.183189068383,0.702610475982
11.421875000000,0.123339342811,0.723539882668
11.437500000000,0.063761594735,0.739030999798
11.453125000000,0.004947397493,0.748861200638
11.468750000000,-0.052627298576,0.752853357402
11.484375000000,-0.108506184270,0.750878036445
11.500000000000,-0.162256374924,0.742855287591
11.515625000000,-0.213471926469,0.728756007142
11.531250000000,-0.261777054379,0.708602857947
11.546875000000,-0.306829028809,0.682470733846
11.562500000000,-0.348320722516,0.650486759914
11.578125000000,-0.385982791684,0.612829824169
11.593750000000,-0.419585473418,0.569729640665
11.609375000000,-0.448939987477,0.521465348229
11.625000000000,-0.473899533689,0.468363653376
11.640625000000,-0.494359880438,0.410796530210
11.656250000000,-0.510259543543,0.349178494251
11.671875000000,-0.521579558802,0.283963471189
11.687500000000,-0.528342855305,0.215641285366
11.703125000000,-0.530613240408,0.144733796506
11.718750000000,-0.528494010892,0.071790716559
11.734375000000,-0.522126208279,-0.002614858299
11.750000000000,-0.511686539557,-0.077891162646
11.765625000000,-0.497384987602,-0.153432683426
11.781250000000,-0.479462138334,-0.228625245687
11.796875000000,-0.458186254178,-0.302851218170
11.812500000000,-0.433850125540,-0.375494793122
11.828125000000,-0.406767733907,-0.445947293737
11.843750000000,-0.377270761677,-0.513612462092
11.859375000000,-0.345704984986,-0.577911680336
11.875000000000,-0.312426586612,-0.638289078213
11.890625000000,-0.277798426459,-0.694216480764
11.906250000000,-0.242186307180,-0.745198151185
11.921875000000,-0.205955272187,-0.790775285471
11.937500000000,-0.169465972628,-0.830530217420
11.953125000000,-0.133071138864,-0.864090294969
11.968750000000,-0.097112190616,-0.891131391576
11.984375000000,-0.061916018235,-0.911381019459
12.000000000000,-0.027791965543,-0.924621014872
12.015625000000,0.004970957620,-0.930689769327
12.031250000000,0.036106607575,-0.929483984567
12.046875000000,0.065373960938,-0.920959933279
12.062500000000,0.092559070959,-0.905134211847
12.078125000000,0.117476709523,-0.882083975941
12.093750000000,0.139971681562,-0.851946654283
12.109375000000,0.159919802140,-0.814919140605
12.125000000000,0.177228529931,-0.771256468416
12.140625000000,0.191837254426,-0.721269977856
12.156250000000,0.203717237745,-0.665324988461
12.171875000000,0.212871215487,-0.603837996099
12.187500000000,0.219332664516,-0.537273416642
12.203125000000,0.223164748951,-0.466139903060
12.218750000000,0.224458958887,-0.390986266471
12.234375000000,0.223333459428,-0.312397035325
12.250000000000,0.219931170497,-0.230987690216
12.265625000000,0.214417600566,-0.147399614781
12.281250000000,0.206978459807,-0.062294805833
12.296875000000,0.197817080355,0.023649611931
12.312500000000,0.187151673172,0.109747019393
12.328125000000,0.175212452536,0.195307036005
12.343750000000,0.162238660410,0.279641302630
12.359375000000,0.148475523773,0.362069264004
12.375000000000,0.134171178548,0.441923900493
12.390625000000,0.119573593917,0.518557359143
12.406250000000,0.104927530656,0.591346434797
12.421875000000,0.090471566580,0.659697853317
12.437500000000,0.076435221356,0.723053310568
12.453125000000,0.063036211702,0.780894222936
12.468750000000,0.050477866549,0.832746147582
12.484375000000,0.038946729845,0.878182833538
12.500000000000,0.028610376676,0.916829867904
12.515625000000,0.019615465942,0.948367884967
12.531250000000,0.012086050282,0.972535309852
12.546875000000,0.006122161132,0.989130612416
12.562500000000,0.001798683801,0.998014051350
12.578125000000,-0.000835465684,0.999108892983
12.593750000000,-0.001757853433,0.992402093836
12.609375000000,-0.000972725103,0.977944440749
12.625000000000,0.001489113931,0.955850147129
12.640625000000,0.005570734010,0.926295908692
12.656250000000,0.011189827234,0.889519426805
12.671875000000,0.018239755745,0.845817412223
12.687500000000,0.026590890691,0.795543086623
12.703125000000,0.036092227115,0.739103203689
12.718750000000,0.046573257117,0.676954615787
12.734375000000,0.057846080768,0.609600416227
12.750000000000,0.069707731741,0.537585690826
12.765625000000,0.081942692237,0.461492915914
12.781250000000,0.094325569708,0.381937043003
12.796875000000,0.106623906119,0.299560313066
12.812500000000,0.118601088935,0.215026845702
12.828125000000,0.130019331890,0.129017050393
12.843750000000,0.140642692718,0.042221908596
12.859375000000,0.150240094538,-0.044662823573
12.875000000000,0.158588317397,-0.130942441616
12.890625000000,0.165474926682,-0.215929097314
12.906250000000,0.170701105625,-0.298947531449
12.921875000000,0.174084360005,-0.379340685005
12.937500000000,0.175461064353,-0.456475140413
12.953125000000,0.174688820497,-0.529746346017
12.968750000000,0.171648601113,-0.598583578958
12.984375000000,0.166246653080,-0.662454604053
13.000000000000,0.158416137822,-0.720869989060
13.015625000000,0.148118488474,-0.773387039839
13.031250000000,0.135344466553,-0.819613322366
13.046875000000,0.120114903871,-0.859209742297
13.062500000000,0.102481118657,-0.891893156786
13.078125000000,0.082524998155,-0.917438497438
13.093750000000,0.060358743464,-0.935680387697
13.109375000000,0.036124275813,-0.946514242467
13.125000000000,0.009992307067,-0.949896842404
13.140625000000,-0.017838919289,-0.945846379967
13.156250000000,-0.047145206920,-0.934441979037
13.171875000000,-0.077678292028,-0.915822694532
13.187500000000,-0.109168018917,-0.890186003056
13.203125000000,-0.141324786200,-0.857785800071
13.218750000000,-0.173842241095,-0.818929923415
13.234375000000,-0.206400196587,-0.773977227088
13.250000000000,-0.238667743657,-0.723334233132
13.265625000000,-0.270306528582,-0.667451393064
13.281250000000,-0.300974163333,-0.606818993634
13.296875000000,-0.330327735461,-0.541962744698
13.312500000000,-0.358027382529,-0.473439089640
13.328125000000,-0.383739895199,-0.401830281063
13.343750000000,-0.407142312413,-0.327739266332
13.359375000000,-0.427925471896,-0.251784429042
13.375000000000,-0.445797479271,-0.174594233527
13.390625000000,-0.460487059565,-0.096801820138
13.406250000000,-0.471746755719,-0.019039599204
13.421875000000,-0.479355939900,0.058066108652
13.437500000000,-0.483123604962,0.133900338866
13.453125000000,-0.482890905262,0.207864610069
13.468750000000,-0.478533418267,0.279381867645
13.484375000000,-0.469963100831,0.347901201260
13.500000000000,-0.457129916835,0.412902296173
13.515625000000,-0.440023115883,0.473899580832
13.531250000000,-0.418672145984,0.530446036154
13.546875000000,-0.393147186599,0.582136635228
13.562500000000,-0.363559292026,0.628611385642
13.578125000000,-0.330060138797,0.669557950467
13.593750000000,-0.292841374599,0.704713827851
13.609375000000,-0.252133570075,0.733868073314
13.625000000000,-0.208204778749,0.756862553106
13.640625000000,-0.161358714189,0.773592721276
13.656250000000,-0.111932557287,0.784007917514
13.671875000000,-0.060294410307,0.788111187182
13.687500000000,-0.006840417838,0.785958629274
13.703125000000,0.048008421712,0.777658282316
13.718750000000,0.103809727327,0.763368562350
13.734375000000,0.160103459500,0.743296271113
13.750000000000,0.216415864805,0.717694196323
13.765625000000,0.272263606019,0.686858329541
13.781250000000,0.327158040803,0.651124730370
13.796875000000,0.380609610191,0.610866068786
13.812500000000,0.432132296721,0.566487880081
13.828125000000,0.481248111007,0.518424569263
13.843750000000,0.527491564906,0.467135203768
13.859375000000,0.570414089190,0.413099134966
13.875000000000,0.609588353731,0.356811490180
13.890625000000,0.644612448813,0.298778577796
13.906250000000,0.675113887051,0.239513248460
13.921875000000,0.700753386780,0.179530255419
13.937500000000,0.721228399444,0.119341656682
13.953125000000,0.736276345608,0.059452300916
13.968750000000,0.745677526611,0.000355437848
13.984375000000,0.749257681655,-0.057471507596
14.000000000000,0.746890163134,-0.113570960048
14.015625000000,0.738497706372,-0.167508982228
14.031250000000,0.724053773460,-0.218878794637
14.046875000000,0.703583454722,-0.267303996646
14.062500000000,0.677163915258,-0.312441462304
14.078125000000,0.644924378131,-0.353983887471
14.093750000000,0.607045639996,-0.391661968448
14.109375000000,0.563759119232,-0.425246195896
14.125000000000,0.515345440928,-0.454548251684
14.140625000000,0.462132567414,-0.479422000155
14.156250000000,0.404493487220,-0.499764069286
14.171875000000,0.342843479521,-0.515514021124
14.187500000000,0.277636975134,-0.526654114857
14.203125000000,0.209364038980,-0.533208669713
14.218750000000,0.138546502552,-0.535243038673
14.234375000000,0.065733778349,-0.532862207609
14.250000000000,-0.008501608670,-0.526209037924
14.265625000000,-0.083568734715,-0.515462174049
14.281250000000,-0.158863195516,-0.500833640166
14.296875000000,-0.233772186879,-0.482566153328
14.312500000000,-0.307679703217,-0.460930182617
14.328125000000,-0.379971808440,-0.436220786168
14.343750000000,-0.450041932647,-0.408754259760
14.359375000000,-0.517296147567,-0.378864632172
14.375000000000,-0.581158373563,-0.346900043669
14.390625000000,-0.641075471381,-0.313219044781
14.406250000000,-0.696522172557,-0.278186852962
14.421875000000,-0.747005803621,-0.242171604766
14.437500000000,-0.792070760805,-0.205540640870
14.453125000000,-0.831302693977,-0.168656860571
14.468750000000,-0.864332360931,-0.131875181376
14.484375000000,-0.890839115881,-0.095539137891
14.500000000000,-0.910553999129,-0.059977652521
14.515625000000,-0.923262398272,-0.025502008471
14.531250000000,-0.928806255003,0.007596946796
14.546875000000,-0.927085795506,0.039051342013
14.562500000000,-0.918060766600,0.068618543722
14.578125000000,-0.901751164119,0.096083119257
14.593750000000,-0.878237444493,0.121258484533
14.609375000000,-0.847660215066,0.143988223424
14.625000000000,-0.810219403313,0.164147068944
14.640625000000,-0.766172909775,0.181641540003
14.656250000000,-0.715834754134,0.196410231051
14.671875000000,-0.659572728410,0.208423755532
14.687500000000,-0.597805575705,0.217684347571
14.703125000000,-0.530999717187,0.224225129840
14.718750000000,-0.459665554129,0.228109058898
14.734375000000,-0.384353375669,0.229427562539
14.750000000000,-0.305648906556,0.228298886794
14.765625000000,-0.224168532487,0.224866173071
14.781250000000,-0.140554243565,0.219295288598
14.796875000000,-0.055468339076,0.211772435755
14.812500000000,0.030412060995,0.202501567967
14.828125000000,0.116400650460,0.191701641724
14.843750000000,0.201807668738,0.179603735793
14.859375000000,0.285945680338,0.166448069889
14.875000000000,0.368135351778,0.152480955952
14.890625000000,0.447711175656,0.137951715684
14.906250000000,0.524027091912,0.123109598198
14.921875000000,0.596461957139,0.108200731408
14.937500000000,0.664424814037,0.093465140334
14.953125000000,0.727359914785,0.079133864552
14.968750000000,0.784751454187,0.065426205911
14.984375000000,0.836127970945,0.052547136042
15.000000000000,0.881066378284,0.040684891441
15.015625000000,0.919195588328,0.030008781768
15.031250000000,0.950199698225,0.020667234656
15.046875000000,0.973820709781,0.012786097746
15.062500000000,0.989860758489,0.006467215826
15.078125000000,0.998183832118,0.001787298005
15.093750000000,0.998716963505,-0.001202913303
15.109375000000,0.991450886828,-0.002479163077
15.125000000000,0.976440151345,-0.002043888866
15.140625000000,0.953802691355,0.000073891346
15.156250000000,0.923718855943,0.003819006975
15.171875000000,0.886429906796,0.009110873371
15.187500000000,0.842235997093,0.015844532737
15.203125000000,0.791493649025,0.023891985837
15.218750000000,0.734612751894,0.033103799813
15.234375000000,0.672053106996,0.043310974407
15.250000000000,0.604320549429,0.054327046154
15.265625000000,0.531962680700,0.065950407466
15.281250000000,0.455564249415,0.077966815247
15.296875000000,0.375742220383,0.090152061547
15.312500000000,0.293140575192,0.102274777008
15.328125000000,0.208424889651,0.114099336321
15.343750000000,0.122276735360,0.125388833774
15.359375000000,0.035387954230,0.135908096094
15.375000000000,-0.051545144237,0.145426699295
15.390625000000,-0.137827612428,0.153721956070
15.406250000000,-0.222771670273,0.160581840456
15.421875000000,-0.305702436736,0.165807817036
15.437500000000,-0.385963537582,0.169217542794
15.453125000000,-0.462922541021,0.170647410979
15.468750000000,-0.535976174443,0.169954907814
15.484375000000,-0.604555277514,0.167020754768
15.500000000000,-0.668129449284,0.161750811209
15.515625000000,-0.726211349798,0.154077714637
15.531250000000,-0.778360619810,0.143962238369
15.546875000000,-0.824187385697,0.131394349379
15.562500000000,-0.863355320392,0.116393952044
15.578125000000,-0.895584235176,0.099011306779
15.593750000000,-0.920652181376,0.079327115860
15.609375000000,-0.938397045418,0.057452272181
15.625000000000,-0.948717625206,0.033527270181
15.640625000000,-0.951574180439,0.007721281709
15.656250000000,-0.946988454126,-0.019769096902
15.671875000000,-0.935043167302,-0.048721416806
15.687500000000,-0.915880993534,-0.078889254528
15.703125000000,-0.889703024467,-0.110004379343
15.718750000000,-0.856766742055,-0.141779190612
15.734375000000,-0.817383517493,-0.173909402594
15.750000000000,-0.771915660944,-0.206076951487
15.765625000000,-0.720773050066,-0.237953096989
15.781250000000,-0.664409368942,-0.269201688391
15.796875000000,-0.603317992364,-0.299482563292
15.812500000000,-0.538027553395,-0.328455045377
15.828125000000,-0.469097234787,-0.355781506390
15.843750000000,-0.397111827095,-0.381130956440
15.859375000000,-0.322676598197,-0.404182626200
15.875000000000,-0.246412020387,-0.424629504248
15.890625000000,-0.168948402244,-0.442181792961
15.906250000000,-0.090920473092,-0.456570246799
15.921875000000,-0.012961968024,-0.467549357679
15.937500000000,0.064299738806,-0.474900353337
15.953125000000,0.140248905589,-0.478433976094
15.968750000000,0.214286553080,-0.477993011349
15.984375000000,0.285835409262,-0.473454537292
16.000000000000,0.354344626005,-0.464731869844
16.015625000000,0.419294227578,-0.451776179576
16.031250000000,0.480199253533,-0.434577760406
16.046875000000,0.536613561441,-0.413166933085
16.062500000000,0.588133258246,-0.387614569936
16.078125000000,0.634399732574,-0.358032230892
16.093750000000,0.675102264062,-0.324571904589
16.109375000000,0.709980189797,-0.287425352091
16.125000000000,0.738824612070,-0.246823054670
16.140625000000,0.761479635897,-0.203032770933
16.156250000000,0.777843129118,-0.156357712461
16.171875000000,0.787867002254,-0.107134350903
16.187500000000,0.791557009669,-0.055729873156
16.203125000000,0.788972077948,-0.002539304855
16.218750000000,0.780223171634,0.052017674233
16.234375000000,0.765471710612,0.107500196113
16.250000000000,0.744927557423,0.163449921997
16.265625000000,0.718846596557,0.219394978819
16.281250000000,0.687527931346,0.274854079965
16.296875000000,0.651310727366,0.329340793256
16.312500000000,0.610570734297,0.382367917479
16.328125000000,0.565716520843,0.433451927372
16.343750000000,0.517185459703,0.482117445912
16.359375000000,0.465439501574,0.527901702157
16.375000000000,0.410960778781,0.570358932616
16.390625000000,0.354247080380,0.609064684290
16.406250000000,0.295807241391,0.643619978049
16.421875000000,0.236156489274,0.673655291996
16.437500000000,0.175811790777,0.698834325754
16.453125000000,0.115287241899,0.718857508360
16.468750000000,0.055089542964,0.733465214507
16.484375000000,-0.004286400399,0.742440656295
16.500000000000,-0.062361711069,0.745612420423
16.515625000000,-0.118677571675,0.742856623764
16.531250000000,-0.172799018098,0.734098663637
16.546875000000,-0.224318462640,0.719314542622
16.562500000000,-0.272858917090,0.698531751564
16.578125000000,-0.318076889015,0.671829698377
16.593750000000,-0.359664927932,0.639339674354
16.609375000000,-0.397353801549,0.601244353893
16.625000000000,-0.430914285921,0.557776827847
16.640625000000,-0.460158557216,0.509219174969
16.656250000000,-0.484941176640,0.455900580247
16.671875000000,-0.505159664071,0.398195013131
16.687500000000,-0.520754659857,0.336518482793
16.703125000000,-0.531709678222,0.271325891591
16.718750000000,-0.538050459563,0.203107511703
16.734375000000,-0.539843932713,0.132385113551
16.750000000000,-0.537196801882,0.059707778025
16.765625000000,-0.530253776443,-0.014352572409
16.781250000000,-0.519195465037,-0.089205885788
16.796875000000,-0.504235958442,-0.164248895547
16.812500000000,-0.485620128506,-0.238870195723
16.828125000000,-0.463620672866,-0.312455432246
16.843750000000,-0.438534937391,-0.384392564737
16.859375000000,-0.410681550151,-0.454077152309
16.875000000000,-0.380396902195,-0.520917616363
16.890625000000,-0.348031511607,-0.584340433281
16.906250000000,-0.313946308082,-0.643795210278
16.921875000000,-0.278508875697,-0.698759598427
16.937500000000,-0.242089691599,-0.748743998113
16.953125000000,-0.205058397990,-0.793296013728
16.968750000000,-0.167780144145,-0.832004616499
16.984375000000,-0.130612034093,-0.864503976677
17.000000000000,-0.093899714265,-0.890476929129
17.015625000000,-0.057974133650,-0.909658039430
17.031250000000,-0.023148506981,-0.921836241012
17.046875000000,0.010284490822,-0.926857017574
17.062500000000,0.042055273337,-0.924624108947
17.078125000000,0.071919611644,-0.915100722731
17.093750000000,0.099660603857,-0.898310238381
17.109375000000,0.125090328609,-0.874336394877
17.125000000000,0.148051169266,-0.843322957698
17.140625000000,0.168416799093,-0.805472865433
17.156250000000,0.186092821142,-0.761046861016
17.171875000000,0.201017060200,-0.710361617170
17.187500000000,0.213159507714,-0.653787370211
17.203125000000,0.222521924173,-0.591745080764
17.218750000000,0.229137106882,-0.524703144247
17.234375000000,0.233067834468,-0.453173678052
17.250000000000,0.234405502699,-0.377708416206
17.265625000000,0.233268469262,-0.298894245900
17.281250000000,0.229800128045,-0.217348423549
17.296875000000,0.224166736135,-0.133713511031
17.312500000000,0.216555019115,-0.048652075328
17.328125000000,0.207169582425,0.037158802937
17.343750000000,0.196230158359,0.123033164801
17.359375000000,0.183968719808,0.208281903391
17.375000000000,0.170626493068,0.292218539820
17.390625000000,0.156450902893,0.374164994362
17.406250000000,0.141692483483,0.453457302634
17.421875000000,0.126601789296,0.529451226875
17.437500000000,0.111426339366,0.601527713266
17.453125000000,0.096407628306,0.669098147438
17.468750000000,0.081778236288,0.731609362064
17.484375000000,0.067759069133,0.788548352485
17.500000000000,0.054556758080,0.839446658864
17.515625000000,0.042361247034,0.883884376199
17.531250000000,0.031343592966,0.921493756781
17.546875000000,0.021654002782,0.951962373223
17.562500000000,0.013420127393,0.975035813993
17.578125000000,0.006745630907,0.990519887525
17.593750000000,0.001709049861,0.998282315232
17.609375000000,-0.001637045688,0.998253898271
17.625000000000,-0.003266580698,0.990429147516
17.640625000000,-0.003180188083,0.974866370917
17.656250000000,-0.001405104247,0.951687217196
17.671875000000,0.002005251170,0.921075679631
17.687500000000,0.006972006390,0.883276568418
17.703125000000,0.013391871090,0.838593464771
17.718750000000,0.021138460948,0.787386174529
17.734375000000,0.030063898449,0.730067703378
17.750000000000,0.040000672294,0.667100780053
17.765625000000,0.050763734956,0.598993957834
17.781250000000,0.062152815352,0.526297328353
17.796875000000,0.073954921275,0.449597885118
17.812500000000,0.085947004111,0.369514577225
17.828125000000,0.097898756621,0.286693096432
17.843750000000,0.109575513027,0.201800443045
17.859375000000,0.120741219499,0.115519318022
17.875000000000,0.131161442271,0.028542390115
17.890625000000,0.140606380132,-0.058433512031
17.906250000000,0.148853847836,-0.144713232359
17.921875000000,0.155692197208,-0.229609093814
17.937500000000,0.160923143217,-0.312446628395
17.953125000000,0.164364463177,-0.392570181262
17.968750000000,0.165852538435,-0.469348340560
17.984375000000,0.165244709438,-0.542179146218
18.000000000000,0.162421416906,-0.610495033035
18.015625000000,0.157288103944,-0.673767465826
18.031250000000,0.149776856349,-0.731511227167
18.046875000000,0.139847760981,-0.783288321485
18.062500000000,0.127489964918,-0.828711462690
18.078125000000,0.112722421197,-0.867447116304
18.093750000000,0.095594310105,-0.899218071074
18.109375000000,0.076185128353,-0.923805519273
18.125000000000,0.054604441886,-0.941050629281
18.140625000000,0.030991301568,-0.950855598613
18.156250000000,0.005513324514,-0.953184180154
18.171875000000,-0.021634552661,-0.948061679058
18.187500000000,-0.050231638933,-0.935574422484
18.203125000000,-0.080033359185,-0.915868708953
18.218750000000,-0.110773413341,-0.889149248742
18.234375000000,-0.142166204808,-0.855677111165
18.250000000000,-0.173909515763,-0.815767198914
18.265625000000,-0.205687404077,-0.769785273747
18.281250000000,-0.237173294205,-0.718144561685
18.296875000000,-0.268033232089,-0.661301969502
18.312500000000,-0.297929272224,-0.599753947591
18.328125000000,-0.326522963386,-0.534032037305
18.343750000000,-0.353478898185,-0.464698143460
18.359375000000,-0.378468290685,-0.392339574994
18.375000000000,-0.401172545695,-0.317563898583
18.390625000000,-0.421286783058,-0.240993651498
18.406250000000,-0.438523280429,-0.163260960995
18.421875000000,-0.452614798464,-0.085002118113
18.437500000000,-0.463317753195,-0.006852153927
18.453125000000,-0.470415201581,0.070560533986
18.468750000000,-0.473719607741,0.146619457825
18.484375000000,-0.473075359279,0.220725172672
18.500000000000,-0.468361005282,0.292300222052
18.515625000000,-0.459491190089,0.360793853524
18.531250000000,-0.446418259681,0.425686464182
18.546875000000,-0.429133520558,0.486493738616
18.562500000000,-0.407668134224,0.542770444886
18.578125000000,-0.382093633809,0.594113857337
18.593750000000,-0.352522052947,0.640166778659
18.609375000000,-0.319105660769,0.680620137371
18.625000000000,-0.282036300617,0.715215140913
18.640625000000,-0.241544333986,0.743744968647
18.656250000000,-0.197897195051,0.766055993374
18.671875000000,-0.151397564961,0.782048524283
18.687500000000,-0.102381178908,0.791677068644
18.703125000000,-0.051214282628,0.794950113965
18.718750000000,0.001709241429,0.791929436632
18.734375000000,0.055971054644,0.782728947346
18.750000000000,0.111131822688,0.767513087803
18.765625000000,0.166734926144,0.746494797025
18.781250000000,0.222310388849,0.719933069575
18.796875000000,0.277378989119,0.688130131403
18.812500000000,0.331456516944,0.651428262397
18.828125000000,0.384058138489,0.610206297720
18.843750000000,0.434702827851,0.564875842677
18.859375000000,0.482917825029,0.515877238255
18.875000000000,0.528243078394,0.463675316407
18.890625000000,0.570235629751,0.408754985840
18.906250000000,0.608473900209,0.351616690221
18.921875000000,0.642561835661,0.292771781596
18.937500000000,0.672132871599,0.232737852204
18.953125000000,0.696853678352,0.172034067912
18.968750000000,0.716427649542,0.111176546082
18.984375000000,0.730598098626,0.050673819917
19.000000000000,0.739151130840,-0.008977569845
19.015625000000,0.741918160582,-0.067297316579
19.031250000000,0.738778047366,-0.123825385343
19.046875000000,0.729658826746,-0.178125811210
19.062500000000,0.714539016249,-0.229790225742
19.078125000000,0.693448480078,-0.278441081865
19.093750000000,0.666468840337,-0.323734550467
19.109375000000,0.633733426630,-0.365363065425
19.125000000000,0.595426760071,-0.403057497263
19.140625000000,0.551783572042,-0.436588939361
19.156250000000,0.503087362287,-0.465770094435
19.171875000000,0.449668505257,-0.490456252936
19.187500000000,0.391901917800,-0.510545858952
19.203125000000,0.330204305458,-0.525980663177
19.218750000000,0.265031008585,-0.536745466461
19.234375000000,0.196872473377,-0.542867461311
19.250000000000,0.126250376456,-0.544415182524
19.265625000000,0.053713435081,-0.541497081746
19.281250000000,-0.020167061882,-0.534259744242
19.296875000000,-0.094801964298,-0.522885769429
19.312500000000,-0.169589172010,-0.507591339750
19.328125000000,-0.243918704514,-0.488623505262
19.343750000000,-0.317177884833,-0.466257213784
19.359375000000,-0.388756592064,-0.440792118636
19.375000000000,-0.458052536130,-0.412549197869
19.390625000000,-0.524476507800,-0.381867220366
19.406250000000,-0.587457556938,-0.349099095378
19.421875000000,-0.646448052343,-0.314608142824
19.437500000000,-0.700928577301,-0.278764322117
19.453125000000,-0.750412616190,-0.241940457310
19.468750000000,-0.794450989112,-0.204508496021
19.484375000000,-0.832635993549,-0.166835838939
19.500000000000,-0.864605214421,-0.129281775614
19.515625000000,-0.890044966754,-0.092194060857
19.531250000000,-0.908693338200,-0.055905664387
19.546875000000,-0.920342802134,-0.020731724244
19.562500000000,-0.924842375715,0.013033267736
19.578125000000,-0.922099301259,0.045118022765
19.593750000000,-0.912080233444,0.075276731416
19.609375000000,-0.894811919176,0.103291039611
19.625000000000,-0.870381361450,0.128971707701
19.640625000000,-0.838935463092,0.152159939396
19.656250000000,-0.800680150889,0.172728370786
19.671875000000,-0.755878985261,0.190581713231
19.687500000000,-0.704851265237,0.205657047456
19.703125000000,-0.647969643020,0.217923769808
19.718750000000,-0.585657266859,0.227383195156
19.734375000000,-0.518384475214,0.234067824412
19.750000000000,-0.446665069275,0.238040288039
19.765625000000,-0.371052194727,0.239391980145
19.781250000000,-0.292133867264,0.238241400868
19.796875000000,-0.210528179593,0.234732227624
19.812500000000,-0.126878230661,0.229031138458
19.828125000000,-0.041846820386,0.221325413139
19.843750000000,0.043889044574,0.211820339802
19.859375000000,0.129643786707,0.200736456734
19.875000000000,0.214728986474,0.188306660480
19.890625000000,0.298459154419,0.174773212613
19.906250000000,0.380157496381,0.160384678390
19.921875000000,0.459161621590,0.145392831033
19.937500000000,0.534829143776,0.130049555553
19.953125000000,0.606543126299,0.114603785841
19.968750000000,0.673717323550,0.099298508234
19.984375000000,0.735801172592,0.084367863898
20.000000000000,0.792284491117,0.070034381171
20.015625000000,0.842701840334,0.056506367486
20.031250000000,0.886636514262,0.043975488687
20.046875000000,0.923724120146,0.032614561442
20.062500000000,0.953655718296,0.022575582107
20.078125000000,0.976180493455,0.013988012773
20.093750000000,0.991107933909,0.006957342456
20.109375000000,0.998309498900,0.001563938365
20.125000000000,0.997719759326,-0.002137800923
20.140625000000,0.989337001403,-0.004119981837
20.156250000000,0.973223287657,-0.004381436508
20.171875000000,0.949503974379,-0.002947625954
20.187500000000,0.918366689496,0.000129772642
20.203125000000,0.880059779524,0.004773589629
20.218750000000,0.834890238972,0.010882189225
20.234375000000,0.783221140121,0.018330786980
20.250000000000,0.725468585474,0.026973043657
20.265625000000,0.662098209410,0.036642917922
20.281250000000,0.593621259501,0.047156757381
20.296875000000,0.520590291663,0.058315604962
20.312500000000,0.443594516689,0.069907695289
20.328125000000,0.363254838745,0.081711113608
20.343750000000,0.280218629104,0.093496588055
20.359375000000,0.195154280705,0.105030384523
20.375000000000,0.108745590957,0.116077272252
20.390625000000,0.021686021738,0.126403527393
20.406250000000,-0.065327113494,0.135779941306
20.421875000000,-0.151598484947,0.143984800176
20.437500000000,-0.236440553474,0.150806802732
20.453125000000,-0.319179298943,0.156047883378
20.468750000000,-0.399159820481,0.159525908912
20.484375000000,-0.475751760255,0.161077218237
20.500000000000,-0.548354504115,0.160558975952
20.515625000000,-0.616402114478,0.157851312604
20.531250000000,-0.679367953285,0.152859226445
20.546875000000,-0.736768955705,0.145514223974
20.562500000000,-0.788169518403,0.135775679152
20.578125000000,-0.833184969711,0.123631894046
20.593750000000,-0.871484592790,0.109100846701
20.609375000000,-0.902794176912,0.092230615236
20.625000000000,-0.926898076209,0.073099470502
20.640625000000,-0.943640759670,0.051815633060
20.656250000000,-0.952927840689,0.028516693746
20.671875000000,-0.954726579128,0.003368700565
20.687500000000,-0.949065853515,-0.023435081794
20.703125000000,-0.936035605732,-0.051675730094
20.718750000000,-0.915785765173,-0.081110525236
20.734375000000,-0.888524663954,-0.111475103096
20.750000000000,-0.854516959226,-0.142485874038
20.765625000000,-0.814081082928,-0.173842688655
20.781250000000,-0.767586243453,-0.205231724566
20.796875000000,-0.715449007556,-0.236328566643
20.812500000000,-0.658129494444,-0.266801450744
20.828125000000,-0.596127217308,-0.296314639172
20.843750000000,-0.529976610511,-0.324531894386
20.859375000000,-0.460242283293,-0.351120016214
20.875000000000,-0.387514043074,-0.375752406858
20.890625000000,-0.312401733306,-0.398112627357
20.906250000000,-0.235529932229,-0.417897908940
20.921875000000,-0.157532559934,-0.434822582798
20.937500000000,-0.079047441669,-0.448621392295
20.953125000000,-0.000710875497,-0.459052652492
20.968750000000,0.076847747889,-0.465901223031
20.984375000000,0.153011226121,-0.468981261985
21.000000000000,0.227179680945,-0.468138730181
21.015625000000,0.298775504488,-0.463253617658
21.031250000000,0.367248073566,-0.454241866439
21.046875000000,0.432078191960,-0.441056966571
21.062500000000,0.492782223254,-0.423691205381
21.078125000000,0.548915879829,-0.402176553135
21.093750000000,0.600077636929,-0.376585171742
21.109375000000,0.645911744271,-0.347029536673
21.125000000000,0.686110811477,-0.313662166028
21.140625000000,0.720417947614,-0.276674954445
21.156250000000,0.748628439269,-0.236298113392
21.171875000000,0.770590955863,-0.192798723267
21.187500000000,0.786208275274,-0.146478906542
21.203125000000,0.795437527216,-0.097673634968
21.218750000000,0.798289956220,-0.046748187571
21.234375000000,0.794830210400,0.005904720341
21.250000000000,0.785175166463,0.059868113510
21.265625000000,0.769492305560,0.114704211609
21.281250000000,0.747997658539,0.169958132916
21.296875000000,0.720953342990,0.225161814365
21.312500000000,0.688664717966,0.279838113173
21.328125000000,0.651477185635,0.333505053143
21.343750000000,0.609772672039,0.385680177059
21.359375000000,0.563965821900,0.435884965163
21.375000000000,0.514499944693,0.483649278746
21.390625000000,0.461842751245,0.528515787223
21.406250000000,0.406481921677,0.570044336857
21.421875000000,0.348920546769,0.607816219475
21.437500000000,0.289672485607,0.641438300042
21.453125000000,0.229257682809,0.670546962977
21.468750000000,0.168197488626,0.694811838374
21.484375000000,0.107010024808,0.713939271083
21.500000000000,0.046205638337,0.727675497634
21.515625000000,-0.013717516047,0.735809498447
21.531250000000,-0.072277725194,0.738175495538
21.546875000000,-0.129013761295,0.734655068937
21.562500000000,-0.183488684891,0.725178868421
21.578125000000,-0.235293374490,0.709727900694
21.593750000000,-0.284049753071,0.688334375945
21.609375000000,-0.329413684820,0.661082101660
21.625000000000,-0.371077518816,0.628106415683
21.640625000000,-0.408772259931,0.589593654697
21.656250000000,-0.442269350881,0.545780158568
21.671875000000,-0.471382053245,0.496950815294
21.687500000000,-0.495966419123,0.443437155555
21.703125000000,-0.515921849119,0.385615010077
21.718750000000,-0.531191236288,0.323901747156
21.734375000000,-0.541760699631,0.258753111664
21.750000000000,-0.547658914615,0.190659690657
21.765625000000,-0.548956051993,0.120143034338
21.781250000000,-0.545762339798,0.047751464461
21.796875000000,-0.538226266928,-0.025944394648
21.812500000000,-0.526532449945,-0.100356324481
21.828125000000,-0.510899187795,-0.174883419775
21.843750000000,-0.491575731908,-0.248917152461
21.859375000000,-0.468839301640,-0.321846547962
21.875000000000,-0.442991877188,-0.393063428324
21.890625000000,-0.414356803958,-0.461967675771
21.906250000000,-0.383275243905,-0.527972469803
21.921875000000,-0.350102510453,-0.590509450885
21.937500000000,-0.315204324453,-0.649033764162
21.953125000000,-0.278953028997,-0.703028937435
21.968750000000,-0.241723800983,-0.752011548842
21.984375000000,-0.203890896955,-0.795535641362
22.000000000000,-0.165823970079,-0.833196843236
22.015625000000,-0.127884494027,-0.864636155878
22.031250000000,-0.090422328173,-0.889543373592
22.046875000000,-0.053772456726,-0.907660102520
22.062500000000,-0.018251932441,-0.918782349711
22.078125000000,0.015842946838,-0.922762656859
22.093750000000,0.048239203100,-0.919511757246
22.109375000000,0.078689461709,-0.908999738568
22.125000000000,0.106973933756,-0.891256698678
22.140625000000,0.132902080619,-0.866372885731
22.156250000000,0.156313947495,-0.834498318809
22.171875000000,0.177081156152,-0.795841889694
22.187500000000,0.195107550671,-0.750669951131
22.203125000000,0.210329493551,-0.699304401478
22.218750000000,0.222715813133,-0.642120280206
22.234375000000,0.232267406864,-0.579542893103
22.250000000000,0.239016508392,-0.512044490307
22.265625000000,0.243025629897,-0.440140524351
22.281250000000,0.244386194292,-0.364385519249
22.296875000000,0.243216875032,-0.285368585186
22.312500000000,0.239661664136,-0.203708616697
22.328125000000,0.233887691716,-0.120049215080
22.343750000000,0.226082822689,-0.035053378447
22.359375000000,0.216453058505,0.050601995057
22.375000000000,0.205219773554,0.136231743516
22.390625000000,0.192616817453,0.221148168244
22.406250000000,0.178887515606,0.304666801897
22.421875000000,0.164281601297,0.386112167526
22.437500000000,0.149052113101,0.464823478372
22.453125000000,0.133452291570,0.540160228622
22.468750000000,0.117732508944,0.611507626168
22.484375000000,0.102137265154,0.678281819718
22.500000000000,0.086902282471,0.739934874329
22.515625000000,0.072251729993,0.795959451547
22.531250000000,0.058395607609,0.845893152893
22.546875000000,0.045527317293,0.889322488303
22.562500000000,0.033821447452,0.925886434407
22.578125000000,0.023431793706,0.955279551084
22.593750000000,0.014489636863,0.977254628574
22.609375000000,0.007102296061,0.991624841555
22.625000000000,0.001351972046,0.998265390887
22.640625000000,-0.002705107591,0.997114618236
22.656250000000,-0.005039232624,0.988174583421
22.671875000000,-0.005647438632,0.971511099039
22.687500000000,-0.004553417816,0.947253221715
22.703125000000,-0.001807113759,0.915592204098
22.718750000000,0.002515994913,0.876779916474
22.734375000000,0.008315913686,0.831126751554
22.750000000000,0.015469442601,0.778999030510
22.765625000000,0.023831763318,0.720815932779
22.781250000000,0.033238285177,0.657045976277
22.796875000000,0.043506729834,0.588203078692
22.812500000000,0.054439431470,0.514842234125
22.828125000000,0.065825827250,0.437554842799
22.843750000000,0.077445110594,0.356963734503
22.859375000000,0.089069018079,0.273717929201
22.875000000000,0.100464719250,0.188487180422
22.890625000000,0.111397777475,0.101956348997
22.906250000000,0.121635149126,0.014819656105
22.921875000000,0.130948187859,-0.072225134379
22.937500000000,0.139115620613,-0.158482553695
22.953125000000,0.145926462121,-0.243265235498
22.968750000000,0.151182835281,-0.325899642347
22.984375000000,0.154702665584,-0.405731661859
23.000000000000,0.156322219011,-0.482132024230
23.015625000000,0.155898454344,-0.554501494514
23.031250000000,0.153311162671,-0.622275795081
23.046875000000,0.148464868954,-0.684930216205
23.062500000000,0.141290472981,-0.741983875513
23.078125000000,0.131746609590,-0.793003590253
23.093750000000,0.119820710954,-0.837607329827
23.109375000000,0.105529756733,-0.875467219824
23.125000000000,0.088920701116,-0.906312072802
23.140625000000,0.070070569094,-0.929929425367
23.156250000000,0.049086217733,-0.946167065439
23.171875000000,0.026103761717,-0.954934038223
23.187500000000,0.001287665910,-0.956201123994
23.203125000000,-0.025170488773,-0.950000785515
23.218750000000,-0.053053556481,-0.936426587614
23.234375000000,-0.082120681416,-0.915632096094
23.250000000000,-0.112109440330,-0.887829267728
23.265625000000,-0.142738253072,-0.853286347593
23.281250000000,-0.173709038763,-0.812325294235
23.296875000000,-0.204710092466,-0.765318757335
23.312500000000,-0.235419154752,-0.712686636367
23.328125000000,-0.265506644292,-0.654892252342
23.343750000000,-0.294639021740,-0.592438168075
23.359375000000,-0.322482251486,-0.525861695311
23.375000000000,-0.348705326588,-0.455730129728
23.390625000000,-0.372983821238,-0.382635757008
23.406250000000,-0.395003434505,-0.307190675043
23.421875000000,-0.414463488832,-0.230021478752
23.437500000000,-0.431080346934,-0.151763854955
23.453125000000,-0.444590711159,-0.073057135360
23.468750000000,-0.454754770289,0.005461144196
23.484375000000,-0.461359159908,0.083160630401
23.500000000000,-0.464219704036,0.159423437905
23.515625000000,-0.463183907600,0.233649287599
23.531250000000,-0.458133171530,0.305260453373
23.546875000000,-0.448984704716,0.373706474945
23.562500000000,-0.435693109877,0.438468596697
23.578125000000,-0.418251623379,0.499063895176
23.593750000000,-0.396692992271,0.555049060906
23.609375000000,-0.371089975249,0.606023803484
23.625000000000,-0.341555457815,0.651633852541
23.640625000000,-0.308242175615,0.691573530919
23.656250000000,-0.271342043721,0.725587880462
23.671875000000,-0.231085093474,0.753474324966
23.687500000000,-0.187738022334,0.775083859121
23.703125000000,-0.141602366047,0.790321756628
23.718750000000,-0.093012306176,0.799147795094
23.734375000000,-0.042332129740,0.801575999692
23.750000000000,0.010046638776,0.797673911911
23.765625000000,0.063708409397,0.787561394007
23.781250000000,0.118216975815,0.771408983912
23.796875000000,0.173119211996,0.749435819309
23.812500000000,0.227948983829,0.721907153411
23.828125000000,0.282231241034,0.689131488507
23.843750000000,0.335486252506,0.651457356632
23.859375000000,0.387233946516,0.609269779733
23.875000000000,0.436998315853,0.562986444368
23.890625000000,0.484311846987,0.513053628328
23.906250000000,0.528719931715,0.459941918531
23.921875000000,0.569785219544,0.404141761168
23.937500000000,0.607091869238,0.346158886249
23.953125000000,0.640249658516,0.286509649542
23.968750000000,0.668897911888,0.225716335278
23.984375000000,0.692709207918,0.164302463004
24.000000000000,0.711392828983,0.102788141543
24.015625000000,0.724697918659,0.041685512233
24.031250000000,0.732416314298,-0.018505677602
24.046875000000,0.734385025144,-0.077302331551
24.062500000000,0.730488329354,-0.134242053913
24.078125000000,0.720659466660,-0.188886957214
24.093750000000,0.704881906947,-0.240827194813
24.109375000000,0.683190178814,-0.289684188856
24.125000000000,0.655670246147,-0.335113526968
24.140625000000,0.622459424811,-0.376807504419
24.156250000000,0.583745835784,-0.414497292065
24.171875000000,0.539767395285,-0.447954714059
24.187500000000,0.490810346767,-0.476993623204
24.203125000000,0.437207343874,-0.501470865678
24.218750000000,0.379335097683,-0.521286830903
24.234375000000,0.317611605669,-0.536385586270
24.250000000000,0.252492983789,-0.546754600389
24.265625000000,0.184469926899,-0.552424062445
24.281250000000,0.114063826283,-0.553465809007
24.296875000000,0.041822576458,-0.549991873297
24.312500000000,-0.031683893550,-0.542152675407
24.328125000000,-0.105868326465,-0.530134875205
24.343750000000,-0.180131040169,-0.514158912747
24.359375000000,-0.253864985760,-0.494476263749
24.375000000000,-0.326460916092,-0.471366440183
24.390625000000,-0.397312619340,-0.445133768246
24.406250000000,-0.465822171201,-0.416103977770
24.421875000000,-0.531405158946,-0.384620638683
24.437500000000,-0.593495830413,-0.351041481245
24.453125000000,-0.651552121494,-0.315734637586
24.468750000000,-0.705060516440,-0.279074842457
24.484375000000,-0.753540696541,-0.241439631169
24.500000000000,-0.796549934425,-0.203205572318
24.515625000000,-0.833687193218,-0.164744572221
24.531250000000,-0.864596892260,-0.126420286903
24.546875000000,-0.888972303861,-0.088584676085
24.562500000000,-0.906558548685,-0.051574731861
24.578125000000,-0.917155160803,-0.015709412726
24.593750000000,-0.920618197150,0.018713188735
24.609375000000,-0.916861870088,0.051418418784
24.625000000000,-0.905859685927,0.082157353220
24.640625000000,-0.887645076626,0.110708785985
24.656250000000,-0.862311516327,0.136880899104
24.671875000000,-0.830012118971,0.160512600699
24.687500000000,-0.790958717864,0.181474521336
24.703125000000,-0.745420432649,0.199669662479
24.718750000000,-0.693721733808,0.215033694460
24.734375000000,-0.636240019252,0.227534904913
24.750000000000,-0.573402722040,0.237173802231
24.765625000000,-0.505683972465,0.243982382073
24.781250000000,-0.433600841833,0.248023068340
24.796875000000,-0.357709199050,0.249387343305
24.812500000000,-0.278599214727,0.248194084661
24.828125000000,-0.196890550711,0.244587630141
24.843750000000,-0.113227275940,0.238735593037
24.859375000000,-0.028272552001,0.230826454340
24.875000000000,0.057296865975,0.221066959381
24.890625000000,0.142796265718,0.209679348676
24.906250000000,0.227538702801,0.196898454217
24.921875000000,0.310840764535,0.182968693646
24.937500000000,0.392028322648,0.168140995626
24.953125000000,0.470442224599,0.152669690223
24.968750000000,0.545443873772,0.136809398289
24.984375000000,0.616420649691,0.120811953666
25.000000000000,0.682791120668,0.104923391476
25.015625000000,0.744010003068,0.089381034921
25.031250000000,0.799572823480,0.074410711791
25.046875000000,0.849020242668,0.060224130372
25.062500000000,0.891942003041,0.047016442622
25.078125000000,0.927980464687,0.034964020372
25.093750000000,0.956833698550,0.024222467961
25.109375000000,0.978258109220,0.014924892079
25.125000000000,0.992070563912,0.007180446829
25.140625000000,0.998150008507,0.001073168969
25.156250000000,0.996438556081,-0.003338884780
25.171875000000,0.986942037918,-0.006024189793
25.187500000000,0.969730011798,-0.006977989710
25.203125000000,0.944935227058,-0.006222214851
25.218750000000,0.912752550771,-0.003805084426
25.234375000000,0.873437364083,0.000199602507
25.250000000000,0.827303442453,0.005693479080
25.265625000000,0.774720338065,0.012554914122
25.281250000000,0.716110287076,0.020640592489
25.296875000000,0.651944668538,0.029787354610
25.312500000000,0.582740045792,0.039814274828
25.328125000000,0.509053824768,0.050524955571
25.343750000000,0.431479567019,0.061710012017
25.359375000000,0.350641998315,0.073149719867
25.375000000000,0.267191756284,0.084616797025
25.390625000000,0.181799922857,0.095879288513
25.406250000000,0.095152389123,0.106703522757
25.421875000000,0.007944101639,0.116857106553
25.437500000000,-0.079126759773,0.126111925509
25.453125000000,-0.165364622181,0.134247116599
25.468750000000,-0.250082326952,0.141051979652
25.484375000000,-0.332606854136,0.146328795141
25.500000000000,-0.412284914309,0.149895516497
25.515625000000,-0.488488359624,0.151588306386
25.531250000000,-0.560619367501,0.151263887912
25.546875000000,-0.628115352468,0.148801683547
25.562500000000,-0.690453564163,0.144105716695
25.578125000000,-0.747155332342,0.137106253208
25.593750000000,-0.797789922959,0.127761162789
25.609375000000,-0.841977972890,0.116056983072
25.625000000000,-0.879394474662,0.102009672202
25.640625000000,-0.909771286602,0.085665038960
25.656250000000,-0.932899148085,0.067098842778
25.671875000000,-0.948629183964,0.046416559432
25.687500000000,-0.956873886839,0.023752811667
25.703125000000,-0.957607570476,-0.000729532474
25.718750000000,-0.950866292367,-0.026840587344
25.734375000000,-0.936747248134,-0.054364993705
25.750000000000,-0.915407645137,-0.083063765967
25.765625000000,-0.887063067243,-0.112676426301
25.781250000000,-0.851985347145,-0.142923406186
25.796875000000,-0.810499966971,-0.173508693002
25.812500000000,-0.762983011958,-0.204122696569
25.828125000000,-0.709857705896,-0.234445308062
25.843750000000,-0.651590560603,-0.264149121492
25.859375000000,-0.588687174976,-0.292902786050
25.875000000000,-0.521687722163,-0.320374455950
25.890625000000,-0.451162165955,-0.346235303157
25.906250000000,-0.377705249751,-0.370163057392
25.921875000000,-0.301931303253,-0.391845537239
25.937500000000,-0.224468913475,-0.410984135909
25.953125000000,-0.145955507603,-0.427297225362
25.968750000000,-0.067031895818,-0.440523442964
25.984375000000,0.011663177699,-0.450424825695
26.000000000000,0.089498427699,-0.456789758154
26.015625000000,0.165855317597,-0.459435702127
26.031250000000,0.240133200039,-0.458211677387
26.046875000000,0.311754263946,-0.453000465586
26.062500000000,0.380168245652,-0.443720511581
26.078125000000,0.444856864098,-0.430327499321
26.093750000000,0.505337942780,-0.412815582405
26.109375000000,0.561169184162,-0.391218252693
26.125000000000,0.611951565605,-0.365608833718
26.140625000000,0.657332329463,-0.336100589277
26.156250000000,0.697007543803,-0.302846441234
26.171875000000,0.730724214260,-0.266038294367
26.187500000000,0.758281931665,-0.225905969940
26.203125000000,0.779534044430,-0.182715753496
26.218750000000,0.794388348993,-0.136768566223
26.234375000000,0.802807296066,-0.088397772975
26.250000000000,0.804807714818,-0.037966643726
26.265625000000,0.800460061473,0.014134511265
26.281250000000,0.789887203075,0.067491508927
26.296875000000,0.773262751337,0.121669736676
26.312500000000,0.750808965443,0.176217841827
26.328125000000,0.722794246485,0.230671634724
26.343750000000,0.689530249745,0.284558170846
26.359375000000,0.651368644347,0.337399975083
26.375000000000,0.608697552781,0.388719369687
26.390625000000,0.561937705486,0.438042866009
26.406250000000,0.511538347995,0.484905579201
26.421875000000,0.457972940161,0.528855624397
26.437500000000,0.401734688508,0.569458452744
26.453125000000,0.343331954016,0.606301085785
26.468750000000,0.283283578405,0.638996207298
26.484375000000,0.222114172388,0.667186072685
26.500000000000,0.160349409367,0.690546197325
26.515625000000,0.098511367588,0.708788787082
26.531250000000,0.037113962995,0.721665876225
26.546875000000,-0.023341486222,0.728972140471
26.562500000000,-0.082370523941,0.730547355615
26.578125000000,-0.139509611806,0.726278475281
26.593750000000,-0.194319941090,0.716101304640
26.609375000000,-0.246390968122,0.700001750535
26.625000000000,-0.295343643520,0.678016632204
26.640625000000,-0.340833308654,0.650234040775
26.656250000000,-0.382552236106,0.616793239773
26.671875000000,-0.420231794463,0.577884103080
26.687500000000,-0.453644221494,0.533746091052
26.703125000000,-0.482603993635,0.484666769738
26.718750000000,-0.506968783590,0.430979882455
26.734375000000,-0.526640001888,0.373062987108
26.750000000000,-0.541562922190,0.311334676806
26.765625000000,-0.551726394104,0.246251405231
26.781250000000,-0.557162151183,0.178303942063
26.796875000000,-0.557943725552,0.108013487291
26.812500000000,-0.554184984262,0.035927476618
26.828125000000,-0.546038305974,-0.037384886814
26.843750000000,-0.533692419816,-0.111337336358
26.859375000000,-0.517369931327,-0.185331441066
26.875000000000,-0.497324563160,-0.258761657674
26.890625000000,-0.473838140707,-0.331020491229
26.906250000000,-0.447217354992,-0.401503718912
26.921875000000,-0.417790337020,-0.469615630757
26.937500000000,-0.385903079265,-0.534774240505
26.953125000000,-0.351915741139,-0.596416419794
26.968750000000,-0.316198876039,-0.654002909307
26.984375000000,-0.279129617987,-0.707023161306
27.000000000000,-0.241087865898,-0.754999969243
27.015625000000,-0.202452503166,-0.797493841792
27.031250000000,-0.163597689552,-0.834107080694
27.046875000000,-0.124889261273,-0.864487524258
27.062500000000,-0.086681273810,-0.888331921142
27.078125000000,-0.049312720151,-0.905388902176
27.093750000000,-0.013104455189,-0.915461521425
27.109375000000,0.021643645384,-0.918409341399
27.125000000000,0.054655265954,-0.914150041294
27.140625000000,0.085679948728,-0.902660531282
27.156250000000,0.114495088513,-0.883977560256
27.171875000000,0.140907607908,-0.858197808851
27.187500000000,0.164755299682,-0.825477464187
27.203125000000,0.185907826585,-0.786031277330
27.218750000000,0.204267372378,-0.740131109154
27.234375000000,0.219768941502,-0.688103974821
27.250000000000,0.232380308378,-0.630329601653
27.265625000000,0.242101620885,-0.567237519533
27.281250000000,0.248964666110,-0.499303707243
27.296875000000,0.253031809794,-0.427046822159
27.312500000000,0.254394624210,-0.351024044564
27.328125000000,0.253172222268,-0.271826571350
27.343750000000,0.249509318552,-0.190074797149
27.359375000000,0.243574040639,-0.106413223811
27.375000000000,0.235555516493,-0.021505141712
27.390625000000,0.225661265830,0.063972871462
27.406250000000,0.214114425220,0.149336587060
27.421875000000,0.201150838210,0.233899848198
27.437500000000,0.187016042944,0.316980329229
27.453125000000,0.171962190641,0.397905281856
27.468750000000,0.156244928788,0.476017217754
27.484375000000,0.140120283077,0.550679478018
27.500000000000,0.123841571951,0.621281640652
27.515625000000,0.107656387052,0.687244718584
27.531250000000,0.091803672045,0.748026102501
27.546875000000,0.076510931037,0.803124204912
27.562500000000,0.061991596322,0.852082764424
27.578125000000,0.048442583355,0.894494772129
27.593750000000,0.036042058728,0.930005985279
27.609375000000,0.024947444586,0.958317997010
27.625000000000,0.015293680298,0.979190834738
27.640625000000,0.007191759386,0.992445063971
27.656250000000,0.000727556727,0.997963378630
27.671875000000,-0.004039042098,0.995691663441
27.687500000000,-0.007074700706,0.985639518635
27.703125000000,-0.008372875787,0.967880241892
27.718750000000,-0.007953743089,0.942550267266
27.734375000000,-0.005863807040,0.909848065581
27.750000000000,-0.002175198942,0.870032515564
27.765625000000,0.003015328020,0.823420759627
27.781250000000,0.009587695429,0.770385562743
27.796875000000,0.017400073328,0.711352197263
27.812500000000,0.026290713353,0.646794880672
27.828125000000,0.036080020903,0.577232797223
27.843750000000,0.046572843388,0.503225738057
27.859375000000,0.057560949250,0.425369397734
27.875000000000,0.068825670369,0.344290368143
27.890625000000,0.080140678686,0.260640873378
27.906250000000,0.091274866372,0.175093291426
27.921875000000,0.101995297719,0.088334510348
27.937500000000,0.112070200058,0.001060168062
27.953125000000,0.121271960536,-0.086031174202
27.968750000000,0.129380095408,-0.172243874169
27.984375000000,0.136184158680,-0.256891015834
28.000000000000,0.141486557506,-0.339300131510
28.015625000000,0.145105242562,-0.418818789147
28.031250000000,0.146876242887,-0.494819996689
28.046875000000,0.146656016154,-0.566707376975
28.062500000000,0.144323587205,-0.633920068748
28.078125000000,0.139782449779,-0.695937311866
28.093750000000,0.132962208764,-0.752282677686
28.109375000000,0.123819942938,-0.802527908767
28.125000000000,0.112341270989,-0.846296335610
28.140625000000,0.098541106680,-0.883265841922
28.156250000000,0.082464092192,-0.913171353982
28.171875000000,0.064184702007,-0.935806833922
28.187500000000,0.043807013134,-0.951026761194
28.203125000000,0.021464140928,-0.958747091034
28.218750000000,-0.002682656717,-0.958945683421
28.234375000000,-0.028445200552,-0.951662200698
28.250000000000,-0.055609926812,-0.936997476748
28.265625000000,-0.083939726646,-0.915112365258
28.281250000000,-0.113176071805,-0.886226079226
28.296875000000,-0.143041407159,-0.850614038275
28.312500000000,-0.173241787694,-0.808605244691
28.328125000000,-0.203469734921,-0.760579213147
28.343750000000,-0.233407285148,-0.706962482976
28.359375000000,-0.262729199886,-0.648224745421
28.375000000000,-0.291106306685,-0.584874621564
28.390625000000,-0.318208937135,-0.517455129622
28.406250000000,-0.343710427450,-0.446538882841
28.421875000000,-0.367290646098,-0.372723061472
28.437500000000,-0.388639512366,-0.296624204094
28.453125000000,-0.407460469499,-0.218872864956
28.468750000000,-0.423473876173,-0.140108184983
28.484375000000,-0.436420280563,-0.060972424610
28.500000000000,-0.446063542114,0.017894493275
28.515625000000,-0.452193767323,0.095860382357
28.531250000000,-0.454630027406,0.172306086715
28.546875000000,-0.453222827589,0.246630623488
28.562500000000,-0.447856299977,0.318256129994
28.578125000000,-0.438450094422,0.386632572970
28.593750000000,-0.424960944608,0.451242179909
28.609375000000,-0.407383889552,0.511603555246
28.625000000000,-0.385753133962,0.567275447166
28.640625000000,-0.360142534304,0.617860134149
28.656250000000,-0.330665701012,0.663006403997
28.671875000000,-0.297475710940,0.702412101903
28.687500000000,-0.260764427975,0.735826228160
28.703125000000,-0.220761433518,0.763050570290
28.718750000000,-0.177732572404,0.783940858687
28.734375000000,-0.131978123636,0.798407439220
28.750000000000,-0.083830609079,0.806415460671
28.765625000000,-0.033652256884,0.807984579293
28.781250000000,0.018167860039,0.803188187113
28.796875000000,0.071216986842,0.792152174893
28.812500000000,0.125062124048,0.775053244806
28.828125000000,0.179253709648,0.752116791864
28.843750000000,0.233329513598,0.723614376930
28.859375000000,0.286818710021,0.689860817675
28.875000000000,0.339246090343,0.651210927160
28.890625000000,0.390136378905,0.608055932679
28.906250000000,0.439018611261,0.560819610200
28.921875000000,0.485430534355,0.509954172052
28.937500000000,0.528922987230,0.455935947466
28.953125000000,0.569064220685,0.399260897186
28.968750000000,0.605444114503,0.340440004522
28.984375000000,0.637678251452,0.279994586039
29.000000000000,0.665411808262,0.218451565446
29.015625000000,0.688323225121,0.156338754208
29.031250000000,0.706127616997,0.094180182005
29.046875000000,0.718579892177,0.032491519320
29.062500000000,0.725477545865,-0.028224366812
29.078125000000,0.726663099447,-0.087481684391
29.093750000000,0.722026159083,-0.144815777901
29.109375000000,0.711505070623,-0.199786944364
29.125000000000,0.695088151424,-0.251983971409
29.140625000000,0.672814483398,-0.301027367615
29.156250000000,0.644774255591,-0.346572258567
29.171875000000,0.611108648682,-0.388310925412
29.187500000000,0.572009257961,-0.425974966317
29.203125000000,0.527717055614,-0.459337064918
29.218750000000,0.478520897380,-0.488212353738
29.234375000000,0.424755582933,-0.512459364469
29.250000000000,0.366799483496,-0.531980561022
29.265625000000,0.305071754298,-0.546722455213
29.281250000000,0.240029153456,-0.556675308959
29.296875000000,0.172162492600,-0.561872430734
29.312500000000,0.101992748175,-0.562389077816
29.328125000000,0.030066865644,-0.558340979567
29.343750000000,-0.043046708135,-0.549882500407
29.359375000000,-0.116762726332,-0.537204464460
29.375000000000,-0.190484036958,-0.520531666886
29.390625000000,-0.263606628607,-0.500120099664
29.406250000000,-0.335524782991,-0.476253922125
29.421875000000,-0.405636288882,-0.449242208649
29.437500000000,-0.473347671191,-0.419415507841
29.453125000000,-0.538079388499,-0.387122248959
29.468750000000,-0.599270952319,-0.352725032533
29.484375000000,-0.656385921803,-0.316596842858
29.500000000000,-0.708916728419,-0.279117220467
29.515625000000,-0.756389286409,-0.240668432692
29.531250000000,-0.798367346502,-0.201631680093
29.546875000000,-0.834456552398,-0.162383375781
29.562500000000,-0.864308162029,-0.123291533625
29.578125000000,-0.887622398353,-0.084712299892
29.593750000000,-0.904151397629,-0.046986661094
29.609375000000,-0.913701726504,-0.010437358813
29.625000000000,-0.916136443034,0.024633960147
29.640625000000,-0.911376680642,0.057949332494
29.656250000000,-0.899402738266,0.089256783163
29.671875000000,-0.880254664227,0.118332326152
29.687500000000,-0.854032325856,0.144981644868
29.703125000000,-0.820894961463,0.169041438736
29.718750000000,-0.781060215853,0.190380426341
29.734375000000,-0.734802665200,0.208899998890
29.750000000000,-0.682451841687,0.224534521435
29.765625000000,-0.624389772812,0.237251282863
29.781250000000,-0.561048054666,0.247050099251
29.796875000000,-0.492904482700,0.253962578667
29.812500000000,-0.420479267549,0.258051058920
29.828125000000,-0.344330867260,0.259407233004
29.843750000000,-0.265051470818,0.258150480079
29.859375000000,-0.183262171072,0.254425922736
29.875000000000,-0.099607868068,0.248402233941
29.890625000000,-0.014751946317,0.240269219486
29.906250000000,0.070629228311,0.230235203909
29.921875000000,0.155851944656,0.218524249669
29.937500000000,0.240230866536,0.205373240922
29.953125000000,0.323084787589,0.191028864425
29.968750000000,0.403742370607,0.175744520950
29.984375000000,0.481547821269,0.159777201131
30.000000000000,0.555866446668,0.143384359810
30.015625000000,0.626090049876,0.126820822776
30.031250000000,0.691642113170,0.110335759248
30.046875000000,0.751982724280,0.094169752589
30.062500000000,0.806613202190,0.078552000535
30.078125000000,0.855080381615,0.063697674676
30.093750000000,0.896980518187,0.049805467131
30.109375000000,0.931962779672,0.037055350229
30.125000000000,0.959732292154,0.025606572650
30.140625000000,0.980052713961,0.015595912861
30.156250000000,0.992748314272,0.007136207888
30.171875000000,0.997705537669,0.000315172444
30.187500000000,0.994874040386,-0.004805479684
30.203125000000,0.984267188683,-0.008190603372
30.218750000000,0.965962014483,-0.009831873726
30.234375000000,0.940098628171,-0.009747719608
30.250000000000,0.906879093279,-0.007982940616
30.265625000000,0.866565772481,-0.004608012457
30.281250000000,0.819479158993,0.000281911060
30.296875000000,0.765995212025,0.006568287914
30.312500000000,0.706542219279,0.014110755016
30.328125000000,0.641597213670,0.022748955040
30.343750000000,0.571681975351,0.032304602534
30.359375000000,0.497358653803,0.042583766382
30.375000000000,0.419225048035,0.053379343312
30.390625000000,0.337909585995,0.064473695086
30.406250000000,0.254066046868,0.075641420212
30.421875000000,0.168368072199,0.086652229541
30.437500000000,0.081503513614,0.097273893915
30.453125000000,-0.005831333716,0.107275231220
30.468750000000,-0.092937561745,0.116429099670
30.484375000000,-0.179119493726,0.124515364015
30.500000000000,-0.263690491189,0.131323801522
30.515625000000,-0.345978673455,0.136656915154
30.531250000000,-0.425332500195,0.140332622195
30.546875000000,-0.501126168899,0.142186787831
30.562500000000,-0.572764780750,0.142075574669
30.578125000000,-0.639689230609,0.139877581049
30.593750000000,-0.701380779241,0.135495743112
30.609375000000,-0.757365268870,0.128858977949
30.625000000000,-0.807216946328,0.119923547840
30.640625000000,-0.850561861636,0.108674128372
30.656250000000,-0.887080813650,0.095124566328
30.671875000000,-0.916511818487,0.079318316381
30.687500000000,-0.938652080709,0.061328548978
30.703125000000,-0.953359451699,0.041257925211
30.718750000000,-0.960553364223,0.019238037936
30.734375000000,-0.960215236832,-0.004571478084
30.750000000000,-0.952388346475,-0.029984160764
30.765625000000,-0.937177172381,-0.056788250299
30.781250000000,-0.914746218949,-0.084748520732
30.796875000000,-0.885318329958,-0.113608397170
30.812500000000,-0.849172510879,-0.143092339256
30.828125000000,-0.806641280348,-0.172908468545
30.843750000000,-0.758107575968,-0.202751414790
30.859375000000,-0.704001243458,-0.232305353594
30.875000000000,-0.644795141735,-0.261247205751
30.890625000000,-0.581000899809,-0.289249966641
30.906250000000,-0.513164364282,-0.315986132436
30.921875000000,-0.441860778865,-0.341131188607
30.937500000000,-0.367689739479,-0.364367125271
30.953125000000,-0.291269970346,-0.385385943312
30.968750000000,-0.213233967814,-0.403893114998
30.984375000000,-0.134222559668,-0.419610962931
31.000000000000,-0.054879428145,-0.432281921658
31.015625000000,0.024154355005,-0.441671647142
31.031250000000,0.102245733446,-0.447571940481
31.046875000000,0.178774963980,-0.449803453828
31.062500000000,0.253140761094,-0.448218148345
31.078125000000,0.324765243965,-0.442701476215
31.093750000000,0.393098643581,-0.433174261240
31.109375000000,0.457623730017,-0.419594255313
31.125000000000,0.517859922644,-0.401957351035
31.140625000000,0.573367049116,-0.380298434024
31.156250000000,0.623748722332,-0.354691861823
31.171875000000,0.668655308183,-0.325251559916
31.187500000000,0.707786460767,-0.292130729037
31.203125000000,0.740893205758,-0.255521161716
31.218750000000,0.767779556855,-0.215652169869
31.234375000000,0.788303654495,-0.172789129018
31.250000000000,0.802378420446,-0.127231648581
31.265625000000,0.809971726276,-0.079311381390
31.281250000000,0.811106078137,-0.029389489256
31.296875000000,0.805857824640,0.022146215097
31.312500000000,0.794355898881,0.074884426058
31.328125000000,0.776780109842,0.128393776322
31.343750000000,0.753359002346,0.182226511542
31.359375000000,0.724367308567,0.235922376092
31.375000000000,0.690123017595,0.289012675266
31.390625000000,0.650984092895,0.341024477187
31.406250000000,0.607344870442,0.391484916025
31.421875000000,0.559632173006,0.439925556783
31.437500000000,0.508301178365,0.485886780929
31.453125000000,0.453831081196,0.528922151597
31.468750000000,0.396720589959,0.568602716868
31.484375000000,0.337483301277,0.604521209847
31.500000000000,0.276642995090,0.636296104849
31.515625000000,0.214728894247,0.663575490006
31.531250000000,0.152270932137,0.686040717958
31.546875000000,0.089795071557,0.703409798057
31.562500000000,0.027818717141,0.715440495608
31.578125000000,-0.033153737548,0.721933106124
31.593750000000,-0.092635188749,0.722732875332
31.609375000000,-0.150159889535,0.717732038733
31.625000000000,-0.205287269909,0.706871457857
31.640625000000,-0.257605477343,0.690141833919
31.656250000000,-0.306734608053,0.667584483343
31.671875000000,-0.352329602456,0.639291663605
31.687500000000,-0.394082781648,0.605406441898
31.703125000000,-0.431726005325,0.566122103315
31.718750000000,-0.465032435308,0.521681099490
31.734375000000,-0.493817892703,0.472373542895
31.750000000000,-0.517941800663,0.418535256230
31.765625000000,-0.537307708727,0.360545390531
31.781250000000,-0.551863398707,0.298823629688
31.796875000000,-0.561600576063,0.233827003026
31.812500000000,-0.566554154622,0.166046331355
31.828125000000,-0.566801146285,0.096002335459
31.843750000000,-0.562459171038,0.024241439296
31.859375000000,-0.553684606055,-0.048668696775
31.875000000000,-0.540670395980,-0.122143874714
31.890625000000,-0.523643549482,-0.195588249045
31.906250000000,-0.502862350000,-0.268399366175
31.921875000000,-0.478613311034,-0.339973308678
31.937500000000,-0.451207908542,-0.409709899193
31.953125000000,-0.420979124835,-0.477017917729
31.968750000000,-0.388277839859,-0.541320285736
31.984375000000,-0.353469106876,-0.602059170331
32.000000000000,-0.316928350346,-0.658700962449
32.015625000000,-0.279037524183,-0.710741083582
32.031250000000,-0.240181268576,-0.757708577013
32.046875000000,-0.200743103230,-0.799170441145
32.062500000000,-0.161101694133,-0.834735664596
32.078125000000,-0.121627229881,-0.864058925181
32.093750000000,-0.082677942167,-0.886843917728
32.109375000000,-0.044596803290,-0.902846278798
32.125000000000,-0.007708431436,-0.911876079841
32.140625000000,0.027683767832,-0.913799864051
32.156250000000,0.061300198095,-0.908542206123
32.171875000000,0.092887383664,-0.896086778318
32.187500000000,0.122219976379,-0.876476910555
32.203125000000,0.149102440985,-0.849815636746
32.218750000000,0.173370405858,-0.816265224121
32.234375000000,0.194891669327,-0.776046186927
32.250000000000,0.213566855435,-0.729435790467
32.265625000000,0.229329716554,-0.676766056056
32.281250000000,0.242147083917,-0.618421281940
32.296875000000,0.252018470660,-0.554835099630
32.312500000000,0.258975335525,-0.486487089291
32.328125000000,0.263080018724,-0.413898981886
32.343750000000,0.264424364768,-0.337630479538
32.359375000000,0.263128050147,-0.258274729075
32.375000000000,0.259336636636,-0.176453486978
32.390625000000,0.253219373674,-0.092812016779
32.406250000000,0.244966775703,-0.008013762512
32.421875000000,0.234788002443,0.077265156076
32.437500000000,0.222908071975,0.162341579085
32.453125000000,0.209564937995,0.246531024071
32.468750000000,0.195006463822,0.329153436039
32.484375000000,0.179487326596,0.409538919798
32.500000000000,0.163265885618,0.487033404616
32.515625000000,0.146601048953,0.561004191626
32.531250000000,0.129749172227,0.630845335304
32.546875000000,0.112961023010,0.695982811727
32.562500000000,0.096478843308,0.755879428082
32.578125000000,0.080533541481,0.810039430064
32.593750000000,0.065342043367,0.858012766426
32.609375000000,0.051104830575,0.899398972844
32.625000000000,0.038003691795,0.933850640588
32.640625000000,0.026199710597,0.961076439064
32.656250000000,0.015831510596,0.980843665224
32.671875000000,0.007013776022,0.992980296905
32.687500000000,-0.000163937237,0.997376531581
32.703125000000,-0.005638088223,0.993985796458
32.718750000000,-0.009371726469,0.982825220527
32.734375000000,-0.011354751246,0.963975563897
32.750000000000,-0.011603852577,0.937580604530
32.765625000000,-0.010162135548,0.903845987254
32.781250000000,-0.007098432786,0.863037544689
32.796875000000,-0.002506313365,0.815479104364
32.812500000000,0.003497200407,0.761549800842
32.828125000000,0.010773193685,0.701680916024
32.843750000000,0.019162679721,0.636352274955
32.859375000000,0.028488660044,0.566088228404
32.875000000000,0.038558401256,0.491453257068
32.890625000000,0.049165903173,0.413047235628
32.906250000000,0.060094530941,0.331500397829
32.921875000000,0.071119782002,0.247468046393
32.937500000000,0.082012157270,0.161625053788
32.953125000000,0.092540104711,0.074660201681
32.968750000000,0.102473002696,-0.012729591701
32.984375000000,0.111584149980,-0.099845106149
33.000000000000,0.119653728992,-0.185990665328
33.015625000000,0.126471709347,-0.270479943216
33.031250000000,0.131840658978,-0.352641680845
33.046875000000,0.135578431203,-0.431825263898
33.062500000000,0.137520697220,-0.507406113055
33.078125000000,0.137523295052,-0.578790840654
33.093750000000,0.135464367818,-0.645422129423
33.109375000000,0.131246266298,-0.706783291536
33.125000000000,0.124797193157,-0.762402469140
33.140625000000,0.116072568829,-0.811856440777
33.156250000000,0.105056101894,-0.854774001630
33.171875000000,0.091760549825,-0.890838889392
33.187500000000,0.076228159175,-0.919792231603
33.203125000000,0.058530777579,-0.941434494605
33.218750000000,0.038769633388,-0.955626918718
33.234375000000,0.017074782190,-0.962292428776
33.250000000000,-0.006395777011,-0.961416013902
33.265625000000,-0.031457309694,-0.953044575029
33.281250000000,-0.057899868130,-0.937286243441
33.296875000000,-0.085490115030,-0.914309178244
33.312500000000,-0.113973432258,-0.884339855264
33.328125000000,-0.143076295220,-0.847660864343
33.343750000000,-0.172508890627,-0.804608236271
33.359375000000,-0.201967952645,-0.755568324691
33.375000000000,-0.231139789952,-0.700974272170
33.390625000000,-0.259703474055,-0.641302093184
33.406250000000,-0.287334157274,-0.577066410046
33.421875000000,-0.313706487221,-0.508815880717
33.437500000000,-0.338498083308,-0.437128360050
33.453125000000,-0.361393039890,-0.362605838142
33.468750000000,-0.382085420045,-0.285869201328
33.484375000000,-0.400282703782,-0.207552862647
33.500000000000,-0.415709154583,-0.128299309610
33.515625000000,-0.428109068700,-0.048753617577
33.531250000000,-0.437249872466,0.030442022886
33.546875000000,-0.442925034101,0.108653716644
33.562500000000,-0.444956758052,0.185261165423
33.578125000000,-0.443198431770,0.259662814039
33.593750000000,-0.437536797052,0.331280797076
33.609375000000,-0.427893820542,0.399565643683
33.625000000000,-0.414228240770,0.464000700573
33.640625000000,-0.396536772086,0.524106236048
33.656250000000,-0.374854949103,0.579443190954
33.671875000000,-0.349257598637,0.629616545842
33.687500000000,-0.319858929725,0.674278277242
33.703125000000,-0.286812235972,0.713129879813
33.718750000000,-0.250309208233,0.745924435194
33.734375000000,-0.210578859483,0.772468212561
33.750000000000,-0.167886067526,0.792621790253
33.765625000000,-0.122529745005,0.806300692178
33.781250000000,-0.074840649922,0.813475537152
33.796875000000,-0.025178853501,0.814171703771
33.812500000000,0.026069114269,0.808468517710
33.828125000000,0.078493417726,0.796497972705
33.843750000000,0.131664340473,0.778443000563
33.859375000000,0.185135952476,0.754535309560
33.875000000000,0.238449986978,0.725052814358
33.890625000000,0.291139892604,0.690316684127
33.906250000000,0.342735023968,0.650688038829
33.921875000000,0.392764932424,0.606564326617
33.937500000000,0.440763717290,0.558375417942
33.953125000000,0.486274396902,0.506579454304
33.968750000000,0.528853258282,0.451658491500
33.984375000000,0.568074144038,0.394113978826
34.000000000000,0.603532635300,0.334462116820
34.015625000000,0.634850090120,0.273229136957
34.031250000000,0.661677497744,0.210946547014
34.046875000000,0.683699110556,0.148146385822
34.062500000000,0.700635817236,0.085356530640
34.078125000000,0.712248222789,0.023096099554
34.093750000000,0.718339403554,-0.038129009961
34.109375000000,0.718757308069,-0.097830406769
34.125000000000,0.713396777722,-0.155541278542
34.140625000000,0.702201164488,-0.210820215723
34.156250000000,0.685163526564,-0.263254754376
34.171875000000,0.662327386542,-0.312464608205
34.187500000000,0.633787040682,-0.358104563232
34.203125000000,0.599687411918,-0.399867012008
34.218750000000,0.560223443435,-0.437484107800
34.234375000000,0.515639033862,-0.470729522999
34.250000000000,0.466225519402,-0.499419799824
34.265625000000,0.412319712437,-0.523415285362
34.281250000000,0.354301510332,-0.542620647010
34.296875000000,0.292591092218,-0.556984968357
34.312500000000,0.227645725486,-0.566501429552
34.328125000000,0.159956207461,-0.571206580101
34.343750000000,0.090042971281,-0.571179215850
34.359375000000,0.018451888299,-0.566538875550
34.375000000000,-0.054250197647,-0.557443975936
34.390625000000,-0.127480166066,-0.544089607464
34.406250000000,-0.200643505308,-0.526705015966
34.421875000000,-0.273139345282,-0.505550798199
34.437500000000,-0.344365593334,-0.480915841778
34.453125000000,-0.413724127945,-0.453114042153
34.468750000000,-0.480626004114,-0.422480831126
34.484375000000,-0.544496623857,-0.389369552888
34.500000000000,-0.604780825262,-0.354147724698
34.515625000000,-0.660947844001,-0.317193220088
34.531250000000,-0.712496102033,-0.278890412849
34.546875000000,-0.758957779548,-0.239626320084
34.562500000000,-0.799903127862,-0.199786782248
34.578125000000,-0.834944483073,-0.159752717343
34.593750000000,-0.863739942757,-0.119896485379
34.609375000000,-0.885996670788,-0.080578397748
34.625000000000,-0.901473798525,-0.042143404410
34.640625000000,-0.909984894062,-0.004917989708
34.656250000000,-0.911399974964,0.030792694751
34.671875000000,-0.905647043883,0.064707434313
34.687500000000,-0.892713130619,0.096571269649
34.703125000000,-0.872644828535,0.126157509407
34.718750000000,-0.845548317705,0.153269420504
34.734375000000,-0.811588871718,0.177741582831
34.750000000000,-0.770989849698,0.199440898636
34.765625000000,-0.724031179663,0.218267250419
34.781250000000,-0.671047343956,0.234153804796
34.796875000000,-0.612424881952,0.247066963399
34.812500000000,-0.548599429626,0.257005965454
34.828125000000,-0.480052319760,0.264002150194
34.843750000000,-0.407306770615,0.268117890668
34.859375000000,-0.330923694614,0.269445213779
34.875000000000,-0.251497162137,0.268104124467
34.890625000000,-0.169649558691,0.264240654875
34.906250000000,-0.086026476599,0.258024661994
34.921875000000,-0.001291384841,0.249647399680
34.937500000000,0.083879877179,0.239318893127
34.953125000000,0.168804734501,0.227265145665
34.968750000000,0.252799591313,0.213725209323
34.984375000000,0.335185575910,0.198948151775
35.000000000000,0.415294265860,0.183189953154
35.015625000000,0.492473343390,0.166710366732
35.031250000000,0.566092131476,0.149769777639
35.046875000000,0.635546962069,0.132626093567
35.062500000000,0.700266329214,0.115531700933
35.078125000000,0.759715781663,0.098730519027
35.093750000000,0.813402511737,0.082455183511
35.109375000000,0.860879599817,0.066924389092
35.125000000000,0.901749876777,0.052340419346
35.140625000000,0.935669370004,0.038886889587
35.156250000000,0.962350302238,0.026726726268
35.171875000000,0.981563616376,0.016000403823
35.187500000000,0.993141003512,0.006824457010
35.203125000000,0.996976415858,-0.000709716154
35.218750000000,0.993027050663,-0.006536748957
35.234375000000,0.981313795955,-0.010617889371
35.250000000000,0.961921133599,-0.012941266945
35.265625000000,0.934996499994,-0.013521841294
35.281250000000,0.900749109482,-0.012401033660
35.296875000000,0.859448250275,-0.009646046459
35.312500000000,0.811421067383,-0.005348879004
35.328125000000,0.757049851509,0.000374949103
35.343750000000,0.696768857282,0.007387952337
35.359375000000,0.631060678296,0.015532493784
35.375000000000,0.560452210377,0.024632839517
35.390625000000,0.485510238075,0.034497429864
35.406250000000,0.406836682735,0.044921342309
35.421875000000,0.325063553443,0.055688918698
35.437500000000,0.240847644741,0.066576527604
35.453125000000,0.154865027239,0.077355431247
35.468750000000,0.067805379011,0.087794725181
35.484375000000,-0.019633792938,0.097664318116
35.500000000000,-0.106752990938,0.106737918761
35.515625000000,-0.192856573978,0.114795996393
35.531250000000,-0.277258563383,0.121628682063
35.546875000000,-0.359288356561,0.127038577877
35.562500000000,-0.438296299424,0.130843442678
35.578125000000,-0.513659069393,0.132878723635
35.593750000000,-0.584784822634,0.132999904797
35.609375000000,-0.651118061340,0.131084645489
35.625000000000,-0.712144179405,0.127034683551
35.640625000000,-0.767393647749,0.120777480794
35.656250000000,-0.816445803821,0.112267590690
35.671875000000,-0.858932213348,0.101487731156
35.687500000000,-0.894539576263,0.088449548303
35.703125000000,-0.923012152813,0.073194060242
35.718750000000,-0.944153690155,0.055791773335
35.734375000000,-0.957828834203,0.036342466695
35.750000000000,-0.963964016056,0.014974644213
35.765625000000,-0.962547807038,-0.008155343130
35.781250000000,-0.953630741075,-0.032864498421
35.796875000000,-0.937324607833,-0.058944693744
35.812500000000,-0.913801224729,-0.086164485878
35.828125000000,-0.883290700512,-0.114271216456
35.843750000000,-0.846079207533,-0.142993377260
35.859375000000,-0.802506284147,-0.172043218355
35.875000000000,-0.752961692763,-0.201119574116
35.890625000000,-0.697881862884,-0.229910879708
35.906250000000,-0.637745952057,-0.258098348410
35.921875000000,-0.573071560917,-0.285359278240
35.937500000000,-0.504410141416,-0.311370454768
35.953125000000,-0.432342139893,-0.335811615704
35.968750000000,-0.357471918819,-0.358368941921
35.984375000000,-0.280422502819,-0.378738538995
36.000000000000,-0.201830195940,-0.396629873118
36.015625000000,-0.122339118042,-0.411769125364
36.031250000000,-0.042595708704,-0.423902428795
36.046875000000,0.036756752935,-0.432798953762
36.062500000000,0.115083564337,-0.438253807957
36.078125000000,0.191763904497,-0.440090719327
36.093750000000,0.266195981652,-0.438164471849
36.109375000000,0.337801979427,-0.432363066376
36.125000000000,0.406032759097,-0.422609581222
36.140625000000,0.470372278097,-0.408863709957
36.156250000000,0.530341687648,-0.391122956840
36.171875000000,0.585503075471,-0.369423473591
36.187500000000,0.635462822942,-0.343840524552
36.203125000000,0.679874549680,-0.314488570905
36.218750000000,0.718441622442,-0.281520968236
36.234375000000,0.750919209250,-0.245129275549
36.250000000000,0.777115863887,-0.205542177594
36.265625000000,0.796894630245,-0.163024026248
36.281250000000,0.810173660375,-0.117873010417
36.296875000000,0.816926344556,-0.070418967725
36.312500000000,0.817180956085,-0.021020854826
36.328125000000,0.811019817889,0.029936103282
36.343750000000,0.798578002333,0.082043561286
36.359375000000,0.780041579735,0.134873472112
36.375000000000,0.755645435111,0.187981746341
36.390625000000,0.725670676434,0.240912120186
36.406250000000,0.690441661243,0.293200197400
36.421875000000,0.650322671713,0.344377628504
36.437500000000,0.605714271284,0.393976389011
36.453125000000,0.557049378587,0.441533117037
36.468750000000,0.504789096724,0.486593469743
36.484375000000,0.449418337906,0.528716457448
36.500000000000,0.391441284995,0.567478714153
36.515625000000,0.331376732676,0.602478663341
36.531250000000,0.269753351748,0.633340538616
36.546875000000,0.207104920350,0.659718219693
36.562500000000,0.143965565925,0.681298845643
36.578125000000,0.080865061214,0.697806169084
36.593750000000,0.018324216742,0.709003617089
36.609375000000,-0.043149589014,0.714697027041
36.625000000000,-0.103066702201,0.714737028478
36.640625000000,-0.160959271347,0.709021044969
36.656250000000,-0.216385075027,0.697494893456
36.671875000000,-0.268931066840,0.680153962040
36.687500000000,-0.318216608007,0.657043950954
36.703125000000,-0.363896361078,0.628261165437
36.718750000000,-0.405662821679,0.593952353264
36.734375000000,-0.443248468782,0.554314083905
36.750000000000,-0.476427517795,0.509591670461
36.765625000000,-0.505017264606,0.460077639825
36.781250000000,-0.528879012717,0.406109760708
36.796875000000,-0.547918579576,0.348068643339
36.812500000000,-0.562086382273,0.286374928727
36.828125000000,-0.571377106701,0.221486089263
36.843750000000,-0.575828968255,0.153892866234
36.859375000000,-0.575522575898,0.084115373290
36.875000000000,-0.570579415122,0.012698898247
36.890625000000,-0.561159968817,-0.059790561409
36.906250000000,-0.547461498331,-0.132770991275
36.921875000000,-0.529715510057,-0.205649240590
36.937500000000,-0.508184935658,-0.277826048192
36.953125000000,-0.483161056517,-0.348701169818
36.968750000000,-0.454960205184,-0.417678561455
36.984375000000,-0.423920278406,-0.484171572665
37.000000000000,-0.390397097840,-0.547608103377
37.015625000000,-0.354760655650,-0.607435677669
37.031250000000,-0.317391282979,-0.663126388531
37.046875000000,-0.278675779620,-0.714181668460
37.062500000000,-0.239003543272,-0.760136842039
37.078125000000,-0.198762736355,-0.800565418342
37.093750000000,-0.158336527642,-0.835083083126
37.109375000000,-0.118099444863,-0.863351353213
37.125000000000,-0.078413872992,-0.885080858315
37.140625000000,-0.039626731160,-0.900034218705
37.156250000000,-0.002066359046,-0.908028490584
37.171875000000,0.033960358766,-0.908937154757
37.187500000000,0.068170604625,-0.902691628165
37.203125000000,0.100307952879,-0.889282282028
37.218750000000,0.130144388261,-0.868758954675
37.234375000000,0.157482000988,-0.841230951614
37.250000000000,0.182154345313,-0.806866529952
37.265625000000,0.204027451825,-0.765891868865
37.281250000000,0.223000487336,-0.718589532429
37.296875000000,0.239006059833,-0.665296435697
37.312500000000,0.252010169587,-0.606401329362
37.328125000000,0.262011811092,-0.542341822748
37.343750000000,0.269042234017,-0.473600969031
37.359375000000,0.273163874784,-0.400703440624
37.375000000000,0.274468973622,-0.324211326410
37.390625000000,0.273077895081,-0.244719585979
37.406250000000,0.269137172876,-0.162851199248
37.421875000000,0.262817302591,-0.079252052650
37.437500000000,0.254310308220,0.005414394407
37.453125000000,0.243827110638,0.090472617024
37.468750000000,0.231594727943,0.175240658733
37.484375000000,0.217853339154,0.259035843124
37.500000000000,0.202853243924,0.341180513538
37.515625000000,0.186851751815,0.421007750851
37.531250000000,0.170110035163,0.497867019395
37.546875000000,0.152889979753,0.571129691560
37.562500000000,0.135451067317,0.640194402569
37.578125000000,0.118047323329,0.704492188317
37.593750000000,0.100924362699,0.763491360923
37.609375000000,0.084316564753,0.816702078924
37.625000000000,0.068444407350,0.863680571573
37.640625000000,0.053511988163,0.904032979741
37.656250000000,0.039704759032,0.937418779185
37.671875000000,0.027187496916,0.963553755605
37.687500000000,0.016102532364,0.982212504786
37.703125000000,0.006568253607,0.993230435292
37.718750000000,-0.001322098640,0.996505255520
37.734375000000,-0.007501333708,0.991997931447
37.750000000000,-0.011928902167,0.979733106057
37.765625000000,-0.014591170343,0.959798976152
37.781250000000,-0.015501376227,0.932346627058
37.796875000000,-0.014699268256,0.897588830478
37.812500000000,-0.012250431844,0.855798315510
37.828125000000,-0.008245311856,0.807305527464
37.843750000000,-0.002797942506,0.752495893648
37.859375000000,0.003955600768,0.691806619645
37.875000000000,0.011859009865,0.625723043727
37.890625000000,0.020737792707,0.554774580949
37.906250000000,0.030401539111,0.479530292107
37.921875000000,0.040646378604,0.400594115990
37.937500000000,0.051257602854,0.318599806376
37.953125000000,0.062012423601,0.234205617744
37.968750000000,0.072682835483,0.148088785927
37.984375000000,0.083038551995,0.060939851665
38.000000000000,0.092849981963,-0.026543123612
38.015625000000,0.101891213422,-0.113660399524
38.031250000000,0.109942971641,-0.199716405313
38.046875000000,0.116795518209,-0.284025544534
38.062500000000,0.122251458650,-0.365917905593
38.078125000000,0.126128426891,-0.444744828773
38.093750000000,0.128261616134,-0.519884281682
38.109375000000,0.128506127191,-0.590745996856
38.125000000000,0.126739107178,-0.656776327383
38.140625000000,0.122861653598,-0.717462779004
38.156250000000,0.116800461187,-0.772338180044
38.171875000000,0.108509191575,-0.820984453816
38.187500000000,0.097969548614,-0.863035961709
38.203125000000,0.085192045277,-0.898182389014
38.218750000000,0.070216451210,-0.926171149664
38.234375000000,0.053111913352,-0.946809290340
38.250000000000,0.033976745418,-0.959964878872
38.265625000000,0.012937885519,-0.965567866459
38.281250000000,-0.009849975305,-0.963610417898
38.296875000000,-0.034205587412,-0.954146708738
38.312500000000,-0.059922650074,-0.937292192966
38.328125000000,-0.086771619148,-0.913222349538
38.343750000000,-0.114501798672,-0.882170920607
38.359375000000,-0.142843697031,-0.844427658775
38.375000000000,-0.171511625463,-0.800335604993
38.390625000000,-0.200206513969,-0.750287922778
38.406250000000,-0.228618917241,-0.694724318275
38.421875000000,-0.256432181024,-0.634127079246
38.437500000000,-0.283325737443,-0.569016769319
38.453125000000,-0.308978496208,-0.499947616720
38.468750000000,-0.333072297352,-0.427502639298
38.484375000000,-0.355295390240,-0.352288549777
38.500000000000,-0.375345902965,-0.274930486968
38.515625000000,-0.392935266078,-0.196066619977
38.531250000000,-0.407791554706,-0.116342673388
38.546875000000,-0.419662713603,-0.036406421873
38.562500000000,-0.428319630595,0.043097797293
38.578125000000,-0.433559025020,0.121534505728
38.593750000000,-0.435206119388,0.198282392181
38.609375000000,-0.433117064326,0.272739461515
38.625000000000,-0.427181089096,0.344327980111
38.640625000000,-0.417322352456,0.412499175384
38.656250000000,-0.403501471387,0.476737649595
38.671875000000,-0.385716708223,0.536565470862
38.687500000000,-0.364004799935,0.591545907424
38.703125000000,-0.338441416709,0.641286774583
38.718750000000,-0.309141240550,0.685443367398
38.734375000000,-0.276257658262,0.723720956131
38.750000000000,-0.239982066964,0.755876825450
38.765625000000,-0.200542794080,0.781721842687
38.781250000000,-0.158203637551,0.801121544724
38.796875000000,-0.113262035811,0.813996737533
38.812500000000,-0.066046880806,0.820323606799
38.828125000000,-0.016915990917,0.820133342506
38.843750000000,0.033746735819,0.813511284719
38.859375000000,0.085534464523,0.800595602096
38.875000000000,0.138020835526,0.781575518816
38.890625000000,0.190763615991,0.756689109579
38.906250000000,0.243308558839,0.726220686127
38.921875000000,0.295193434383,0.690497802287
38.937500000000,0.345952198092,0.649887907782
38.953125000000,0.395119256231,0.604794684067
38.968750000000,0.442233789814,0.555654098059
38.984375000000,0.486844096394,0.502930211961
39.000000000000,0.528511908619,0.447110789300
39.015625000000,0.566816648359,0.388702738859
39.031250000000,0.601359575403,0.328227439323
39.046875000000,0.631767790358,0.266215988237
39.062500000000,0.657698052399,0.203204419183
39.078125000000,0.678840373888,0.139728931044
39.093750000000,0.694921355661,0.076321172734
39.109375000000,0.705707228904,0.013503625898
39.125000000000,0.711006571972,-0.048214873185
39.140625000000,0.710672673317,-0.108343432876
39.156250000000,0.704605514722,-0.166413189062
39.171875000000,0.692753352399,-0.221981136359
39.187500000000,0.675113877064,-0.274633675050
39.203125000000,0.651734937886,-0.323989844066
39.218750000000,0.622714819125,-0.369704213553
39.234375000000,0.588202062378,-0.411469413949
39.250000000000,0.548394831493,-0.449018282151
39.265625000000,0.503539821458,-0.482125609080
39.281250000000,0.453930716781,-0.510609476884
39.296875000000,0.399906209144,-0.534332177948
39.312500000000,0.341847588205,-0.553200711936
39.328125000000,0.280175923535,-0.567166861093
39.343750000000,0.215348859555,-0.576226848026
39.359375000000,0.147857049073,-0.580420584099
39.375000000000,0.078220254550,-0.579830520417
39.390625000000,0.006983149508,-0.574580117007
39.406250000000,-0.065289144554,-0.564831949312
39.421875000000,-0.138015747631,-0.550785474415
39.437500000000,-0.210604896673,-0.532674482418
39.453125000000,-0.282458964599,-0.510764261206
39.468750000000,-0.352979578863,-0.485348505290
39.484375000000,-0.421572794314,-0.456746001612
39.500000000000,-0.487654274319,-0.425297126990
39.515625000000,-0.550654433726,-0.391360193421
39.531250000000,-0.610023497261,-0.355307678532
39.546875000000,-0.665236427450,-0.317522379246
39.562500000000,-0.715797677020,-0.278393527112
39.578125000000,-0.761245722046,-0.238312903721
39.593750000000,-0.801157333823,-0.197670994294
39.609375000000,-0.835151549554,-0.156853216748
39.625000000000,-0.862893304402,-0.116236262455
39.640625000000,-0.884096690327,-0.076184583475
39.656250000000,-0.898527810245,-0.037047059242
39.671875000000,-0.906007199562,0.000846126409
39.687500000000,-0.906411790825,0.037186369341
39.703125000000,-0.899676401248,0.071689264493
39.718750000000,-0.885794727012,0.104096937525
39.734375000000,-0.864819832614,0.134180068851
39.750000000000,-0.836864127973,0.161739593405
39.765625000000,-0.802098830585,0.186608062922
39.781250000000,-0.760752914593,0.208650661006
39.796875000000,-0.713111553243,0.227765864862
39.812500000000,-0.659514065766,0.243885751178
39.828125000000,-0.600351384180,0.256975947281
39.843750000000,-0.536063059886,0.267035232258
39.859375000000,-0.467133834095,0.274094796285
39.875000000000,-0.394089800137,0.278217169779
39.890625000000,-0.317494189438,0.279494837299
39.906250000000,-0.237942816421,0.278048554199
39.921875000000,-0.156059220787,0.274025386964
39.937500000000,-0.072489548421,0.267596500799
39.953125000000,0.012102785316,0.258954720499
39.968750000000,0.097042604092,0.248311892741
39.984375000000,0.181648603390,0.235896079796
40.000000000000,0.265239058820,0.221948616187
40.015625000000,0.347137560356,0.206721061007
40.031250000000,0.426678722539,0.190472079484
40.046875000000,0.503213820733,0.173464287886
40.062500000000,0.576116304055,0.155961096008
40.078125000000,0.644787136539,0.138223581324
40.093750000000,0.708659919514,0.120507428288
40.109375000000,0.767205749963,0.103059965466
40.125000000000,0.819937771894,0.086117331880
40.140625000000,0.866415380340,0.069901802490
40.156250000000,0.906248040605,0.054619300845
40.171875000000,0.939098688704,0.040457124852
40.187500000000,0.964686682544,0.027581909227
40.203125000000,0.982790277357,0.016137845556
40.218750000000,0.993248602996,0.006245178102
40.234375000000,0.995963125106,-0.002001009527
40.250000000000,0.990898576683,-0.008531704889
40.265625000000,0.978083351198,-0.013304565693
40.281250000000,0.957609353190,-0.016304201908
40.296875000000,0.929631307022,-0.017542139059
40.312500000000,0.894365529246,-0.017056464170
40.328125000000,0.852088174782,-0.014911159207
40.343750000000,0.803132971721,-0.011195130233
40.359375000000,0.747888464119,-0.006020943708
40.375000000000,0.686794786435,0.000476715488
40.390625000000,0.620339997456,0.008142846766
40.406250000000,0.549056005387,0.016804176944
40.421875000000,0.473514119417,0.026271420863
40.437500000000,0.394320266346,0.036341734251
40.453125000000,0.312109913805,0.046801331539
40.468750000000,0.227542744167,0.057428239510
40.484375000000,0.141297125442,0.067995156203
40.500000000000,0.054064427189,0.078272383310
40.515625000000,-0.033456769165,0.088030799471
40.531250000000,-0.120566515324,0.097044841375
40.546875000000,-0.206569345720,0.105095459416
40.562500000000,-0.290780081004,0.111973014842
40.578125000000,-0.372529535156,0.117480085881
40.593750000000,-0.451170076889,0.121434151183
40.609375000000,-0.526080997336,0.123670120148
40.625000000000,-0.596673637805,0.124042681217
40.640625000000,-0.662396233548,0.122428441047
40.656250000000,-0.722738432083,0.118727829589
40.671875000000,-0.777235447553,0.112866748501
40.687500000000,-0.825471815850,0.104797942923
40.703125000000,-0.867084718871,0.094502079503
40.718750000000,-0.901766850099,0.081988516575
40.734375000000,-0.929268797823,0.067295755603
40.750000000000,-0.949400926628,0.050491566271
40.765625000000,-0.962034742243,0.031672781060
40.781250000000,-0.967103729448,0.010964758571
40.796875000000,-0.964603657413,-0.011479481652
40.812500000000,-0.954592351563,-0.035480446543
40.828125000000,-0.937188935770,-0.060833669550
40.843750000000,-0.912572553360,-0.087311510249
40.859375000000,-0.880980579980,-0.114665237328
40.875000000000,-0.842706345845,-0.142627375623
40.890625000000,-0.798096389137,-0.170914294981
40.906250000000,-0.747547266439,-0.199229016072
40.921875000000,-0.691501949873,-0.227264205779
40.937500000000,-0.630445844199,-0.254705332654
40.953125000000,-0.564902460346,-0.281233950981
40.968750000000,-0.495428784760,-0.306531080452
40.984375000000,-0.422610386496,-0.330280647137
41.000000000000,-0.347056306116,-0.352172950557
41.015625000000,-0.269393772219,-0.371908121052
41.031250000000,-0.190262792754,-0.389199531448
41.046875000000,-0.110310669165,-0.403777127139
41.062500000000,-0.030186481880,-0.415390639242
41.078125000000,0.049464404322,-0.423812646315
41.093750000000,0.128005766939,-0.428841451350
41.109375000000,0.204815837090,-0.430303742347
41.125000000000,0.279292449577,-0.428057006591
41.140625000000,0.350857987325,-0.421991671030
41.156250000000,0.418964077954,-0.412032943583
41.171875000000,0.483096002666,-0.398142332993
41.187500000000,0.542776780443,-0.380318827841
41.203125000000,0.597570893640,-0.358599718528
41.218750000000,0.647087624507,-0.333061049473
41.234375000000,0.690983975794,-0.303817692277
41.250000000000,0.728967152536,-0.271023034319
41.265625000000,0.760796586155,-0.234868280962
41.281250000000,0.786285486279,-0.195581373375
41.296875000000,0.805301910008,-0.153425527761
41.312500000000,0.817769342765,-0.108697405582
41.328125000000,0.823666789331,-0.061724928057
41.343750000000,0.823028378072,-0.012864751867
41.359375000000,0.815942485772,0.037500573582
41.375000000000,0.802550394732,0.088965743619
41.390625000000,0.783044498004,0.141106103731
41.406250000000,0.757666072558,0.193481293282
41.421875000000,0.726702644001,0.245639095283
41.437500000000,0.690484969995,0.297119457667
41.453125000000,0.649383672767,0.347458649521
41.468750000000,0.603805554131,0.396193514070
41.484375000000,0.554189629009,0.442865778941
41.500000000000,0.501002915811,0.487026383264
41.515625000000,0.444736023904,0.528239780655
41.531250000000,0.385898579960,0.566088176956
41.546875000000,0.325014536147,0.600175661836
41.562500000000,0.262617403814,0.630132193990
41.578125000000,0.199245456710,0.655617400691
41.593750000000,0.135436947648,0.676324153847
41.609375000000,0.071725382084,0.691981886464
41.625000000000,0.008634891151,0.702359615579
41.640625000000,-0.053324254550,0.707268640151
41.656250000000,-0.113659950795,0.706564885189
41.671875000000,-0.171902347574,0.700150866473
41.687500000000,-0.227607683675,0.687977253558
41.703125000000,-0.280361835403,0.670044012290
41.718750000000,-0.329783549767,0.646401111889
41.734375000000,-0.375527335705,0.617148785536
41.750000000000,-0.417285990322,0.582437337505
41.765625000000,-0.454792740734,0.542466494035
41.781250000000,-0.487822985933,0.497484299349
41.796875000000,-0.516195626929,0.447785562468
41.812500000000,-0.539773977455,0.393709864685
41.828125000000,-0.558466251514,0.335639141680
41.843750000000,-0.572225628099,0.273994858342
41.859375000000,-0.581049897390,0.209234798230
41.875000000000,-0.584980696682,0.141849493356
41.890625000000,-0.584102348093,0.072358323443
41.906250000000,-0.578540313791,0.001305317130
41.921875000000,-0.568459287966,-0.070745309496
41.937500000000,-0.554060948046,-0.143213838915
41.953125000000,-0.535581390735,-0.215509922355
41.968750000000,-0.513288281177,-0.287037591695
41.984375000000,-0.487477746076,-0.357200369142
42.000000000000,-0.458471043740,-0.425406429442
42.015625000000,-0.426611045855,-0.491073768682
42.031250000000,-0.392258567289,-0.553635333287
42.046875000000,-0.355788581324,-0.612544062934
42.062500000000,-0.317586358472,-0.667277801531
42.078125000000,-0.278043567410,-0.717344031349
42.093750000000,-0.237554376542,-0.762284386671
42.109375000000,-0.196511594343,-0.801678905087
42.125000000000,-0.155302885856,-0.835149976642
42.140625000000,-0.114307101637,-0.862365953553
42.156250000000,-0.073890753960,-0.883044386043
42.171875000000,-0.034404673319,-0.896954853031
42.187500000000,0.003819123838,-0.903921359847
42.203125000000,0.040470327603,-0.903824278925
42.218750000000,0.075262961422,-0.896601813384
42.234375000000,0.107937720239,-0.882250967578
42.250000000000,0.138264000046,-0.860828013053
42.265625000000,0.166041602207,-0.832448442816
42.281250000000,0.191102099324,-0.797286411349
42.296875000000,0.213309852938,-0.755573662420
42.312500000000,0.232562676951,-0.707597951323
42.328125000000,0.248792144284,-0.653700972729
42.343750000000,0.261963537904,-0.594275809808
42.359375000000,0.272075450969,-0.529763924611
42.375000000000,0.279159044342,-0.460651713904
42.390625000000,0.283276973151,-0.387466658602
42.406250000000,0.284521997344,-0.310773098692
42.421875000000,0.283015294304,-0.231167669020
42.437500000000,0.278904494487,-0.149274434437
42.453125000000,0.272361463710,-0.065739765649
42.468750000000,0.263579858173,0.018773000444
42.484375000000,0.252772480389,0.103589070060
42.500000000000,0.240168466091,0.188027823965
42.515625000000,0.226010333674,0.271408522269
42.531250000000,0.210550928952,0.353056032994
42.546875000000,0.194050298863,0.432306534499
42.562500000000,0.176772528249,0.508513141882
42.578125000000,0.158982574024,0.581051408054
42.593750000000,0.140943130832,0.649324651121
42.609375000000,0.122911561748,0.712769061141
42.625000000000,0.105136926712,0.770858541139
42.640625000000,0.087857140157,0.823109239525
42.656250000000,0.071296287750,0.869083733668
42.671875000000,0.055662130340,0.908394827389
42.687500000000,0.041143821084,0.940708928470
42.703125000000,0.027909859332,0.965748975900
42.718750000000,0.016106302252,0.983296890527
42.734375000000,0.005855252320,0.993195526927
42.750000000000,-0.002746364158,0.995350108663
42.765625000000,-0.009627715529,0.989729133650
42.781250000000,-0.014744671557,0.976364740990
42.796875000000,-0.018080093097,0.955352535377
42.812500000000,-0.019643802733,0.926850869948
42.828125000000,-0.019472237817,0.891079593226
42.843750000000,-0.017627790772,0.848318270537
42.859375000000,-0.014197844828,0.798903894904
42.875000000000,-0.009293516643,0.743228106946
42.890625000000,-0.003048120360,0.681733947618
42.906250000000,0.004384629368,0.614912171785
42.921875000000,0.012832655050,0.543297154455
42.937500000000,0.022107771849,0.467462425128
42.953125000000,0.032008135652,0.388015868968
42.968750000000,0.042320856409,0.305594636439
42.984375000000,0.052824747674,0.220859805607
43.000000000000,0.063293181741,0.134490843483
43.015625000000,0.073497018655,0.047179914500
43.031250000000,0.083207576504,-0.040373914410
43.046875000000,0.092199609920,-0.127470521867
43.062500000000,0.100254263545,-0.213414582445
43.078125000000,0.107161967428,-0.297521368729
43.093750000000,0.112725241837,-0.379122454793
43.109375000000,0.116761379861,-0.457571271758
43.125000000000,0.119104977374,-0.532248467510
43.140625000000,0.119610281455,-0.602567024386
43.156250000000,0.118153330206,-0.667977090897
43.171875000000,0.114633859010,-0.727970486076
43.187500000000,0.108976950655,-0.782084838070
43.203125000000,0.101134409385,-0.829907321818
43.218750000000,0.091085841764,-0.871077964305
43.234375000000,0.078839430279,-0.905292489743
43.250000000000,0.064432388787,-0.932304681138
43.265625000000,0.047931092208,-0.951928239030
43.281250000000,0.029430876295,-0.964038122685
43.296875000000,0.009055506750,-0.968571363588
43.312500000000,-0.013043679570,-0.965527345814
43.328125000000,-0.036688955113,-0.954967552541
43.343750000000,-0.061677694114,-0.937014782701
43.359375000000,-0.087784164124,-0.911851846433
43.375000000000,-0.114761600352,-0.879719752586
43.390625000000,-0.142344543542,-0.840915405948
43.406250000000,-0.170251419211,-0.795788836187
43.421875000000,-0.198187333357,-0.744739984528
43.437500000000,-0.225847057359,-0.688215078031
43.453125000000,-0.252918172549,-0.626702624867
43.468750000000,-0.279084343080,-0.560729067227
43.484375000000,-0.304028684133,-0.490854131387
43.500000000000,-0.327437191202,-0.417665916984
43.515625000000,-0.349002195333,-0.341775769692
43.531250000000,-0.368425808562,-0.263812983219
43.546875000000,-0.385423323635,-0.184419377885
43.562500000000,-0.399726532201,-0.104243803891
43.578125000000,-0.411086926186,-0.023936617868
43.593750000000,-0.419278747950,0.055855818715
43.609375000000,-0.424101855991,0.134496571119
43.625000000000,-0.425384374583,0.211363445585
43.640625000000,-0.422985097576,0.285854140263
43.656250000000,-0.416795618797,0.357391188486
43.671875000000,-0.406742163999,0.425426652180
43.687500000000,-0.392787102020,0.489446525621
43.703125000000,-0.374930115869,0.548974812596
43.718750000000,-0.353209017605,0.603577243127
43.734375000000,-0.327700194329,0.652864599359
43.750000000000,-0.298518676120,0.696495623868
43.765625000000,-0.265817820419,0.734179487597
43.781250000000,-0.229788611113,0.765677798658
43.796875000000,-0.190658574373,0.790806137537
43.812500000000,-0.148690317079,0.809435108556
43.828125000000,-0.104179697444,0.821490901880
43.843750000000,-0.057453641180,0.826955364805
43.859375000000,-0.008867620112,0.825865585494
43.875000000000,0.041197186352,0.818312996719
43.890625000000,0.092337023207,0.804442011449
43.906250000000,0.144128958514,0.784448206279
43.921875000000,0.196134519105,0.758576072687
43.937500000000,0.247903531108,0.727116359877
43.953125000000,0.298978130769,0.690403036515
43.968750000000,0.348896909078,0.648809901909
43.984375000000,0.397199152055,0.602746880186
44.000000000000,0.443429137262,0.552656033610
44.015625000000,0.487140446206,0.499007333519
44.031250000000,0.527900251729,0.442294229249
44.046875000000,0.565293539365,0.383029056959
44.062500000000,0.598927221866,0.321738331404
44.078125000000,0.628434106730,0.258957964435
44.093750000000,0.653476677616,0.195228454339
44.109375000000,0.673750651891,0.131090090013
44.125000000000,0.688988278356,0.067078213499
44.140625000000,0.698961341331,0.003718583490
44.156250000000,0.703483839716,-0.058477118868
44.171875000000,0.702414312451,-0.119015602217
44.187500000000,0.695657784857,-0.177426057642
44.203125000000,0.683167313675,-0.233263996447
44.218750000000,0.664945112200,-0.286114800486
44.234375000000,0.641043240650,-0.335596955372
44.250000000000,0.611563850882,-0.381364940177
44.265625000000,0.576658978591,-0.423111750622
44.281250000000,0.536529880326,-0.460571036422
44.296875000000,0.491425916845,-0.493518837237
44.312500000000,0.441642988552,-0.521774905563
44.328125000000,0.387521532997,-0.545203608932
44.343750000000,0.329444098511,-0.563714407765
44.359375000000,0.267832512115,-0.577261909318
44.375000000000,0.203144663719,-0.585845502111
44.390625000000,0.135870932340,-0.589508579191
44.406250000000,0.066530283568,-0.588337362403
44.421875000000,-0.004333929250,-0.582459343483
44.437500000000,-0.076158424657,-0.572041361341
44.453125000000,-0.148364675477,-0.557287338131
44.468750000000,-0.220363773524,-0.538435699790
44.484375000000,-0.291561434244,-0.515756509480
44.500000000000,-0.361363097325,-0.489548344858
44.515625000000,-0.429179078142,-0.460134952258
44.531250000000,-0.494429724074,-0.427861712695
44.546875000000,-0.556550529439,-0.393091956090
44.562500000000,-0.614997162802,-0.356203161218
44.578125000000,-0.669250360933,-0.317583079615
44.593750000000,-0.718820644577,-0.277625822085
44.609375000000,-0.763252812561,-0.236727946385
44.625000000000,-0.802130172454,-0.195284584305
44.640625000000,-0.835078468153,-0.153685645621
44.656250000000,-0.861769467245,-0.112312135229
44.671875000000,-0.881924173859,-0.071532618366
44.687500000000,-0.895315635889,-0.031699866977
44.703125000000,-0.901771318940,0.006852281792
44.718750000000,-0.901175023120,0.043811826386
44.734375000000,-0.893468322740,0.078891235024
44.750000000000,-0.878651513202,0.111829790221
44.765625000000,-0.856784053676,0.142395623753
44.781250000000,-0.827984498633,0.170387425411
44.796875000000,-0.792429915862,0.195635812317
44.812500000000,-0.750354793164,0.218004349117
44.828125000000,-0.702049440528,0.237390212935
44.843750000000,-0.647857899128,0.253724500645
44.859375000000,-0.588175372931,0.266972179613
44.875000000000,-0.523445203069,0.277131686682
44.890625000000,-0.454155409261,0.284234183698
44.906250000000,-0.380834826579,0.288342481299
44.921875000000,-0.304048869535,0.289549645936
44.937500000000,-0.224394958952,0.287977308269
44.953125000000,-0.142497650203,0.283773693920
44.968750000000,-0.059003504214,0.277111400278
44.984375000000,0.025424254932,0.268184945488
45.000000000000,0.110111249893,0.257208117837
45.015625000000,0.194377579933,0.244411155684
45.031250000000,0.277543521989,0.230037789515
45.046875000000,0.358935253369,0.214342178974
45.062500000000,0.437890546199,0.197585778543
45.078125000000,0.513764383784,0.180034166057
45.093750000000,0.585934449642,0.161953868404
45.109375000000,0.653806440937,0.143609218557
45.125000000000,0.716819159453,0.125259277553
45.140625000000,0.774449335121,0.107154854122
45.156250000000,0.826216139350,0.089535653490
45.171875000000,0.871685348053,0.072627585296
45.187500000000,0.910473117291,0.056640258761
45.203125000000,0.942249337751,0.041764691106
45.218750000000,0.966740537997,0.028171252826
45.234375000000,0.983732310280,0.016007870831
45.250000000000,0.993071236941,0.005398507613
45.265625000000,0.994666299737,-0.003558068400
45.281250000000,0.988489759013,-0.010789209290
45.296875000000,0.974577494262,-0.016249002169
45.312500000000,0.953028802370,-0.019918566395
45.328125000000,0.924005654611,-0.021806031494
45.343750000000,0.887731418240,-0.021946197249
45.359375000000,0.844489053223,-0.020399880780
45.375000000000,0.794618799328,-0.017252958784
45.390625000000,0.738515373239,-0.012615116377
45.406250000000,0.676624699729,-0.006618317077
45.421875000000,0.609440205021,0.000584988547
45.437500000000,0.537498704326,0.008823895239
45.453125000000,0.461375919139,0.017911293563
45.468750000000,0.381681663137,0.027646313312
45.484375000000,0.299054738415,0.037816932544
45.500000000000,0.214157586381,0.048202723154
45.515625000000,0.127670739745,0.058577702427
45.531250000000,0.040287123782,0.068713258823
45.546875000000,-0.047293743638,0.078381119450
45.562500000000,-0.134371602912,0.087356326136
45.578125000000,-0.220251303704,0.095420186891
45.593750000000,-0.304248605354,0.102363169728
45.609375000000,-0.385695876487,0.107987706351
45.625000000000,-0.463947644524,0.112110874090
45.640625000000,-0.538385947207,0.114566925678
45.656250000000,-0.608425440021,0.115209637977
45.671875000000,-0.673518215654,0.113914452617
45.687500000000,-0.733158294189,0.110580383586
45.703125000000,-0.786885745739,0.105131669232
45.718750000000,-0.834290410504,0.097519148739
45.734375000000,-0.875015184864,0.087721345975
45.750000000000,-0.908758846005,0.075745246654
45.765625000000,-0.935278391691,0.061626757910
45.781250000000,-0.954390876145,0.045430842711
45.796875000000,-0.965974727456,0.027251324927
45.812500000000,-0.969970536580,0.007210364322
45.828125000000,-0.966381312658,-0.014542395767
45.843750000000,-0.955272204121,-0.037831001859
45.859375000000,-0.936769689748,-0.062454675222
45.875000000000,-0.911060248551,-0.088189595255
45.890625000000,-0.878388521890,-0.114790965166
45.906250000000,-0.839054985702,-0.141995340693
45.921875000000,-0.793413155007,-0.169523199693
45.937500000000,-0.741866346869,-0.197081727789
45.953125000000,-0.684864031873,-0.224367792783
45.968750000000,-0.622897807653,-0.251071078406
45.984375000000,-0.556497031273,-0.276877346042
46.000000000000,-0.486224150110,-0.301471791535
46.015625000000,-0.412669773443,-0.324542462878
46.031250000000,-0.336447529030,-0.345783703705
46.046875000000,-0.258188750735,-0.364899586920
46.062500000000,-0.178537044514,-0.381607302583
46.078125000000,-0.098142780989,-0.395640464338
46.093750000000,-0.017657563232,-0.406752299166
46.109375000000,0.062271281595,-0.414718686110
46.125000000000,0.141006138553,-0.419341010863
46.140625000000,0.217924421881,-0.420448804634
46.156250000000,0.292423726584,-0.417902137635
46.171875000000,0.363926770337,-0.411593739701
46.187500000000,0.431886083508,-0.401450823041
46.203125000000,0.495788407586,-0.387436584910
46.218750000000,0.555158765083,-0.369551370942
46.234375000000,0.609564167184,-0.347833483124
46.250000000000,0.658616928787,-0.322359619774
46.265625000000,0.701977564323,-0.293244938428
46.281250000000,0.739357241632,-0.260642736210
46.296875000000,0.770519775284,-0.224743745975
46.312500000000,0.795283144984,-0.185775050344
46.328125000000,0.813520529062,-0.143998619492
46.343750000000,0.825160847466,-0.099709482356
46.359375000000,0.830188813159,-0.053233544612
46.375000000000,0.828644495222,-0.004925070363
46.390625000000,0.820622401381,0.044836152050
46.406250000000,0.806270091967,0.095647936423
46.421875000000,0.785786341449,0.147089090474
46.437500000000,0.759418867692,0.198723043427
46.453125000000,0.727461652862,0.250101677186
46.468750000000,0.690251883426,0.300769326630
46.484375000000,0.648166539966,0.350266912567
46.500000000000,0.601618670493,0.398136169254
46.515625000000,0.551053383557,0.443923927134
46.531250000000,0.496943599758,0.487186410503
46.546875000000,0.439785602155,0.527493509301
46.562500000000,0.380094427603,0.564432984096
46.578125000000,0.318399142180,0.597614563550
46.593750000000,0.255238044574,0.626673894322
46.609375000000,0.191153841636,0.651276304387
46.625000000000,0.126688840159,0.671120342145
46.640625000000,0.062380198501,0.685941055497
46.656250000000,-0.001244719319,0.695512977168
46.671875000000,-0.063672845660,0.699652785053
46.687500000000,-0.124409727753,0.698221609133
46.703125000000,-0.182983624992,0.691126959560
46.718750000000,-0.238949349761,0.678324253897
46.734375000000,-0.291891819174,0.659817925008
46.750000000000,-0.341429288134,0.635662094891
46.765625000000,-0.387216237314,0.605960803693
46.781250000000,-0.428945893108,0.570867787164
46.796875000000,-0.466352360278,0.530585800008
46.812500000000,-0.499212351792,0.485365486760
46.828125000000,-0.527346504271,0.435503806055
46.843750000000,-0.550620271475,0.381342018360
46.859375000000,-0.568944392277,0.323263251323
46.875000000000,-0.582274933633,0.261689660985
46.890625000000,-0.590612913059,0.197079210911
46.906250000000,-0.594003509049,0.129922095061
46.921875000000,-0.592534871718,0.060736833645
46.937500000000,-0.586336549607,-0.009933925498
46.953125000000,-0.575577552109,-0.081527864556
46.968750000000,-0.560464070240,-0.153467674318
46.984375000000,-0.541236881540,-0.225165913237
47.000000000000,-0.518168467663,-0.296030004642
47.015625000000,-0.491559875681,-0.365467328147
47.031250000000,-0.461737356290,-0.432890360152
47.046875000000,-0.429048813960,-0.497721817574
47.062500000000,-0.393860105500,-0.559399758587
47.078125000000,-0.356551224646,-0.617382594224
47.093750000000,-0.317512411030,-0.671153965215
47.109375000000,-0.277140222206,-0.720227439339
47.125000000000,-0.235833607433,-0.764150985913
47.140625000000,-0.193990021506,-0.802511185780
47.156250000000,-0.152001616146,-0.834937137308
47.171875000000,-0.110251545368,-0.861104021390
47.187500000000,-0.069110419742,-0.880736291311
47.203125000000,-0.028932942680,-0.893610456539
47.218750000000,0.009945240240,-0.899557432941
47.234375000000,0.047210450299,-0.898464435723
47.250000000000,0.082573617083,-0.890276395331
47.265625000000,0.115772629290,-0.874996880765
47.281250000000,0.146574374991,-0.852688519073
47.296875000000,0.174776454684,-0.823472904282
47.312500000000,0.200208553927,-0.787529993536
47.328125000000,0.222733465876,-0.745096992825
47.343750000000,0.242247757619,-0.696466739261
47.359375000000,0.258682077900,-0.641985591377
47.375000000000,0.272001107401,-0.582050843418
47.390625000000,0.282203156401,-0.517107683875
47.406250000000,0.289319418138,-0.447645722707
47.421875000000,0.293412889632,-0.374195115631
47.437500000000,0.294576975006,-0.297322317587
47.453125000000,0.292933789465,-0.217625500908
47.468750000000,0.288632184981,-0.135729676860
47.484375000000,0.281845521436,-0.052281562025
47.500000000000,0.272769209387,0.032055766617
47.515625000000,0.261618052741,0.116608381961
47.531250000000,0.248623421518,0.200697134859
47.546875000000,0.234030286358,0.283643351246
47.562500000000,0.218094147663,0.364774548778
47.578125000000,0.201077893089,0.443430123087
47.593750000000,0.183248617651,0.518966953922
47.609375000000,0.164874440807,0.590764881970
47.625000000000,0.146221354749,0.658232008155
47.640625000000,0.127550137517,0.720809768687
47.656250000000,0.109113363735,0.777977740948
47.671875000000,0.091152544471,0.829258137603
47.687500000000,0.073895426261,0.874219948976
47.703125000000,0.057553477413,0.912482696717
47.718750000000,0.042319587660,0.943719765195
47.734375000000,0.028366004776,0.967661280653
47.750000000000,0.015842529202,0.984096512148
47.765625000000,0.004874984860,0.992875772436
47.781250000000,-0.004436018655,0.993911801356
47.796875000000,-0.012016020487,0.987180618804
47.812500000000,-0.017817330770,0.972721839035
47.828125000000,-0.021819335347,0.950638442783
47.843750000000,-0.024028480937,0.921096008457
47.859375000000,-0.024477942207,0.884321408438
47.875000000000,-0.023226975553,0.840600981225
47.890625000000,-0.020359967762,0.790278194808
47.906250000000,-0.015985190978,0.733750821123
47.921875000000,-0.010233278497,0.671467645787
47.937500000000,-0.003255438920,0.603924741387
47.953125000000,0.004778571030,0.531661336484
47.968750000000,0.013682692167,0.455255316026
47.984375000000,0.023257001746,0.375318392145
48.000000000000,0.033290318341,0.292490987194
48.015625000000,0.043562943622,0.207436873420
48.031250000000,0.053849510477,0.120837615815
48.046875000000,0.063921905760,0.033386866366
48.062500000000,0.073552235107,-0.054215440733
48.078125000000,0.082515796767,-0.141268942554
48.093750000000,0.090594031237,-0.227078698799
48.109375000000,0.097577413692,-0.310960990345
48.125000000000,0.103268256722,-0.392249014767
48.140625000000,0.107483391787,-0.470298429586
48.156250000000,0.110056698985,-0.544492695380
48.171875000000,0.110841456256,-0.614248172749
48.187500000000,0.109712481006,-0.679018929298
48.203125000000,0.106568039201,-0.738301215491
48.218750000000,0.101331499403,-0.791637571137
48.234375000000,0.093952711818,-0.838620527658
48.250000000000,0.084409095278,-0.878895874857
48.265625000000,0.072706418086,-0.912165464840
48.281250000000,0.058879261846,-0.938189529862
48.296875000000,0.042991160711,-0.956788495211
48.312500000000,0.025134411847,-0.967844272745
48.328125000000,0.005429556402,-0.971301025293
48.343750000000,-0.015975466279,-0.967165396853
48.359375000000,-0.038906484979,-0.955506208225
48.375000000000,-0.063164573857,-0.936453622443
48.390625000000,-0.088527827653,-0.910197789055
48.406250000000,-0.114753418678,-0.876986980853
48.421875000000,-0.141579916356,-0.837125241115
48.437500000000,-0.168729847186,-0.790969563686
48.453125000000,-0.195912470326,-0.738926632290
48.468750000000,-0.222826741572,-0.681449149251
48.484375000000,-0.249164436313,-0.619031787360
48.500000000000,-0.274613400181,-0.552206801811
48.515625000000,-0.298860894528,-0.481539342028
48.531250000000,-0.321597002603,-0.407622505667
48.546875000000,-0.342518061403,-0.331072179253
48.562500000000,-0.361330083589,-0.252521711569
48.578125000000,-0.377752133673,-0.172616467222
48.593750000000,-0.391519622811,-0.092008308688
48.609375000000,-0.402387487068,-0.011350055513
48.625000000000,-0.410133214877,0.068710030622
48.640625000000,-0.414559690657,0.147533686765
48.656250000000,-0.415497823085,0.224497968155
48.671875000000,-0.412808928443,0.299000400252
48.687500000000,-0.406386841620,0.370463919062
48.703125000000,-0.396159729876,0.438341557573
48.718750000000,-0.382091587189,0.502120838620
48.734375000000,-0.364183390041,0.561327837339
48.750000000000,-0.342473898667,0.615530879509
48.765625000000,-0.317040091211,0.664343845557
48.781250000000,-0.287997221762,0.707429053673
48.796875000000,-0.255498496881,0.744499699440
48.812500000000,-0.219734369003,0.775321833481
48.828125000000,-0.180931448835,0.799715862881
48.843750000000,-0.139351042689,0.817557566533
48.859375000000,-0.095287324437,0.828778618965
48.875000000000,-0.049065155456,0.833366621684
48.890625000000,-0.001037569543,0.831364645515
48.906250000000,0.048417056790,0.822870291793
48.921875000000,0.098898124954,0.808034284576
48.937500000000,0.149986199069,0.787058610192
48.953125000000,0.201246625319,0.760194224417
48.968750000000,0.252233353684,0.727738351375
48.984375000000,0.302492927629,0.690031401753
49.000000000000,0.351568605308,0.647453541220
49.015625000000,0.399004574279,0.600420942854
49.031250000000,0.444350220424,0.549381760050
49.046875000000,0.487164410851,0.494811858616
49.062500000000,0.527019750092,0.437210348698
49.078125000000,0.563506768711,0.377094958685
49.093750000000,0.596238003737,0.314997294343
49.109375000000,0.624851930982,0.251458027172
49.125000000000,0.649016710319,0.187022056258
49.140625000000,0.668433706423,0.122233687781
49.156250000000,0.682840749271,0.057631875821
49.171875000000,0.692015100813,-0.006254432810
49.187500000000,0.695776096714,-0.068910808303
49.203125000000,0.693987434836,-0.129841662449
49.218750000000,0.686559085222,-0.188574350414
49.234375000000,0.673448799673,-0.244663014420
49.250000000000,0.654663202551,-0.297692136737
49.265625000000,0.630258448256,-0.347279772400
49.281250000000,0.600340434705,-0.393080435275
49.296875000000,0.565064566232,-0.434787614583
49.312500000000,0.524635063458,-0.472135902649
49.328125000000,0.479303821895,-0.504902718430
49.343750000000,0.429368825245,-0.532909615312
49.359375000000,0.375172123559,-0.556023165695
49.375000000000,0.317097390517,-0.574155418882
49.390625000000,0.255567078135,-0.587263932888
49.406250000000,0.191039191051,-0.595351384769
49.421875000000,0.124003706229,-0.598464768015
49.437500000000,0.054978667423,-0.596694189393
49.453125000000,-0.015494013075,-0.590171281292
49.468750000000,-0.086853009896,-0.579067249130
49.484375000000,-0.158522259170,-0.563590576677
49.500000000000,-0.229915811785,-0.543984415184
49.515625000000,-0.300442822993,-0.520523684984
49.531250000000,-0.369512634460,-0.493511920713
49.546875000000,-0.436539903697,-0.463277893450
49.562500000000,-0.500949735066,-0.430172044905
49.578125000000,-0.562182766204,-0.394562770252
49.593750000000,-0.619700163828,-0.356832587308
49.609375000000,-0.672988483360,-0.317374230491
49.625000000000,-0.721564347786,-0.276586708346
49.640625000000,-0.764978902472,-0.234871363412
49.656250000000,-0.802822004445,-0.192627972783
49.671875000000,-0.834726106774,-0.150250926963
49.687500000000,-0.860369801201,-0.108125523478
49.703125000000,-0.879480985042,-0.066624410226
49.718750000000,-0.891839621561,-0.026104211734
49.734375000000,-0.897280066501,0.013097630617
49.750000000000,-0.895692937239,0.050665775772
49.765625000000,-0.887026504956,0.086309631615
49.781250000000,-0.871287594471,0.119765711956
49.796875000000,-0.848541980663,0.150799681971
49.812500000000,-0.818914274909,0.179208075424
49.828125000000,-0.782587299489,0.204819670491
49.843750000000,-0.739800952497,0.227496514475
49.859375000000,-0.690850570368,0.247134591386
49.875000000000,-0.636084799663,0.263664129935
49.890625000000,-0.575902994210,0.277049553203
49.906250000000,-0.510752158003,0.287289074789
49.921875000000,-0.441123458412,0.294413949831
49.937500000000,-0.367548338208,0.298487392685
49.953125000000,-0.290594258611,0.299603176357
49.968750000000,-0.210860108971,0.297883931877
49.984375000000,-0.128971321837,0.293479168741
50.000000000000,-0.045574734915,0.286563040200
50.015625000000,0.038666756134,0.277331879619
50.031250000000,0.123079708137,0.266001536263
50.046875000000,0.206985756492,0.252804540722
50.062500000000,0.289707308154,0.237987131697
50.078125000000,0.370573251992,0.221806177082
50.093750000000,0.448924636678,0.204526023133
50.109375000000,0.524120266409,0.186415305991
50.125000000000,0.595542165333,0.167743760032
50.140625000000,0.662600862562,0.148779057266
50.156250000000,0.724740451124,0.129783711489
50.171875000000,0.781443376077,0.111012079997
50.187500000000,0.832234909268,0.092707494428
50.203125000000,0.876687270935,0.075099550785
50.218750000000,0.914423361317,0.058401586824
50.234375000000,0.945120068851,0.042808372870
50.250000000000,0.968511125193,0.028494039738
50.265625000000,0.984389481215,0.015610264805
50.281250000000,0.992609182350,0.004284734461
50.296875000000,0.993086726016,-0.005380101876
50.312500000000,0.985801888392,-0.013307974115
50.328125000000,0.970798012482,-0.019449421464
50.343750000000,0.948181754146,-0.023782104603
50.359375000000,0.918122287550,-0.026310798057
50.375000000000,0.880849976243,-0.027067064177
50.390625000000,0.836654520801,-0.026108613554
50.406250000000,0.785882598585,-0.023518360012
50.421875000000,0.728935015658,-0.019403181594
50.437500000000,0.666263395211,-0.013892402063
50.453125000000,0.598366430934,-0.007136010436
50.468750000000,0.525785737634,0.000697361151
50.484375000000,0.449101334943,0.009422678394
50.500000000000,0.368926803197,0.018840939371
50.515625000000,0.285904153454,0.028741775412
50.531250000000,0.200698456161,0.038906189252
50.546875000000,0.113992275056,0.049109399885
50.562500000000,0.026479954628,0.059123762452
50.578125000000,-0.061138189283,0.068721730571
50.593750000000,-0.148161725340,0.077678828111
50.609375000000,-0.233895958225,0.085776597182
50.625000000000,-0.317657725100,0.092805489346
50.640625000000,-0.398781086821,0.098567667600
50.656250000000,-0.476622864707,0.102879687518
50.671875000000,-0.550567975035,0.105575027185
50.687500000000,-0.620034515323,0.106506437063
50.703125000000,-0.684478558659,0.105548082762
50.718750000000,-0.743398615002,0.102597455801
50.734375000000,-0.796339721356,0.097577029837
50.750000000000,-0.842897126070,0.090435642433
50.765625000000,-0.882719536116,0.081149585312
50.781250000000,-0.915511900167,0.069723389021
50.796875000000,-0.941037704375,0.056190291141
50.812500000000,-0.959120762151,0.040612380472
50.828125000000,-0.969646483710,0.023080413000
50.843750000000,-0.972562615795,0.003713298927
50.859375000000,-0.967879446678,-0.017342736497
50.875000000000,-0.955669476264,-0.039915312137
50.890625000000,-0.936066555862,-0.063807360528
50.906250000000,-0.909264506831,-0.088798894861
50.921875000000,-0.875515231928,-0.114649057266
50.937500000000,-0.835126337565,-0.141098429170
50.953125000000,-0.788458289513,-0.167871581630
50.968750000000,-0.735921128589,-0.194679840885
50.984375000000,-0.677970776703,-0.221224241922
51.000000000000,-0.615104967135,-0.247198640697
51.015625000000,-0.547858836129,-0.272292953763
51.031250000000,-0.476800215757,-0.296196492498
51.046875000000,-0.402524670487,-0.318601357855
51.062500000000,-0.325650321993,-0.339205860668
51.078125000000,-0.246812508468,-0.357717931979
51.093750000000,-0.166658325934,-0.373858487637
51.109375000000,-0.085841099927,-0.387364711595
51.125000000000,-0.005014836301,-0.397993222833
51.140625000000,0.075171300094,-0.405523091700
51.156250000000,0.154078430630,-0.409758672726
51.171875000000,0.231083284658,-0.410532222465
51.187500000000,0.305583351784,-0.407706272876
51.203125000000,0.377001820398,-0.401175732896
51.218750000000,0.444792260305,-0.390869693388
51.234375000000,0.508443009827,-0.376752913361
51.250000000000,0.567481230577,-0.358826968387
51.265625000000,0.621476596307,-0.337131045326
51.281250000000,0.670044585650,-0.311742370846
51.296875000000,0.712849352341,-0.282776264790
51.312500000000,0.749606150401,-0.250385813062
51.328125000000,0.780083295918,-0.214761158452
51.343750000000,0.804103651316,-0.176128411587
51.359375000000,0.821545622379,-0.134748187981
51.375000000000,0.832343662753,-0.090913780891
51.390625000000,0.836488285094,-0.044948983405
51.406250000000,0.834025582501,0.002794423281
51.421875000000,0.825056268256,0.051939494942
51.437500000000,0.809734246179,0.102087239090
51.453125000000,0.788264728094,0.152819992654
51.468750000000,0.760901918855,0.203705032993
51.484375000000,0.727946293168,0.254298390101
51.500000000000,0.689741491985,0.304148825601
51.515625000000,0.646670869487,0.352801942148
51.531250000000,0.599153724620,0.399804385283
51.546875000000,0.547641253790,0.444708098491
51.562500000000,0.492612263573,0.487074591340
51.578125000000,0.434568684189,0.526479180058
51.593750000000,0.374030926015,0.562515159790
51.609375000000,0.311533122503,0.594797868021
51.625000000000,0.247618303581,0.622968599350
51.640625000000,0.182833543904,0.646698332776
51.656250000000,0.117725130185,0.665691234156
51.671875000000,0.052833791324,0.679687898207
51.687500000000,-0.011309965897,0.688468296624
51.703125000000,-0.074190374108,0.691854401327
51.718750000000,-0.135310735887,0.689712454649
51.734375000000,-0.194197529854,0.681954861345
51.750000000000,-0.250404257039,0.668541680655
51.765625000000,-0.303514994942,0.649481700190
51.781250000000,-0.353147629717,0.624833077209
51.796875000000,-0.398956740139,0.594703536753
51.812500000000,-0.440636110505,0.559250120163
51.828125000000,-0.477920853281,0.518678481674
51.843750000000,-0.510589126123,0.473241734930
51.859375000000,-0.538463431832,0.423238855522
51.875000000000,-0.561411493829,0.369012649773
51.890625000000,-0.579346703769,0.310947304154
51.906250000000,-0.592228141996,0.249465533700
51.921875000000,-0.600060175537,0.185025351636
51.937500000000,-0.602891642285,0.118116486136
51.953125000000,-0.600814633869,0.049256473579
51.968750000000,-0.593962893367,-0.021013539128
51.984375000000,-0.582509847543,-0.092133247643
52.000000000000,-0.566666296570,-0.163527860576
52.015625000000,-0.546677787242,-0.234612946775
52.031250000000,-0.522821698472,-0.304799417167
52.046875000000,-0.495404070305,-0.373498597296
52.062500000000,-0.464756209891,-0.440127345544
52.078125000000,-0.431231109627,-0.504113171280
52.093750000000,-0.395199714181,-0.564899306864
52.109375000000,-0.357047074197,-0.621949687543
52.125000000000,-0.317168425199,-0.674753793791
52.140625000000,-0.275965230593,-0.722831311591
52.156250000000,-0.233841227585,-0.765736567533
52.171875000000,-0.191198514482,-0.803062697346
52.187500000000,-0.148433717019,-0.834445508642
52.203125000000,-0.105934270248,-0.859567001173
52.218750000000,-0.064074851013,-0.878158510772
52.234375000000,-0.023213994240,-0.890003446347
52.250000000000,0.016309075879,-0.894939592771
52.265625000000,0.054177371123,-0.892860956307
52.281250000000,0.090098794939,-0.883719133134
52.296875000000,0.123808505493,-0.867524185786
52.312500000000,0.155070966173,-0.844345016616
52.328125000000,0.183681666852,-0.814309231861
52.343750000000,0.209468502750,-0.777602494457
52.359375000000,0.232292801200,-0.734467368269
52.375000000000,0.252049990289,-0.685201661042
52.390625000000,0.268669906986,-0.630156277839
52.406250000000,0.282116746004,-0.569732601217
52.421875000000,0.292388654274,-0.504379418677
52.437500000000,0.299516979444,-0.434589422065
52.453125000000,0.303565184229,-0.360895307539
52.468750000000,0.304627441766,-0.283865508402
52.484375000000,0.302826930210,-0.204099596517
52.500000000000,0.298313847734,-0.122223391107
52.515625000000,0.291263171781,-0.038883816528
52.531250000000,0.281872188844,0.045256447025
52.546875000000,0.270357823180,0.129524473901
52.562500000000,0.256953794718,0.213242716871
52.578125000000,0.241907637962,0.295734695764
52.593750000000,0.225477614855,0.376330701346
52.609375000000,0.207929555453,0.454373464641
52.625000000000,0.189533660737,0.529223742059
52.640625000000,0.170561302081,0.600265767241
52.656250000000,0.151281851638,0.666912521625
52.671875000000,0.131959577406,0.728610777148
52.687500000000,0.112850635817,0.784845866441
52.703125000000,0.094200193464,0.835146138120
52.718750000000,0.076239708048,0.879087057490
52.734375000000,0.059184396771,0.916294916002
52.750000000000,0.043230918263,0.946450116188
52.765625000000,0.028555291764,0.969290002456
52.781250000000,0.015311074616,0.984611212118
52.796875000000,0.003627816327,0.992271525156
52.812500000000,-0.006390195581,0.992191195672
52.828125000000,-0.014664885871,0.984353752469
52.843750000000,-0.021145029249,0.968806260902
52.859375000000,-0.025806569958,0.945659042862
52.875000000000,-0.028652621295,0.915084856526
52.890625000000,-0.029713146448,0.877317542294
52.906250000000,-0.029044325455,0.832650146019
52.921875000000,-0.026727616444,0.781432535256
52.937500000000,-0.022868522529,0.724068528762
52.953125000000,-0.017595078914,0.661012563741
52.968750000000,-0.011056077679,0.592765929453
52.984375000000,-0.003419050556,0.519872599605
53.000000000000,0.005131967448,0.442914699526
53.015625000000,0.014398868402,0.362507647302
53.031250000000,0.024172068474,0.279295010986
53.046875000000,0.034233242611,0.193943126438
53.062500000000,0.044358166313,0.107135522499
53.078125000000,0.054319632813,0.019567201868
53.093750000000,0.063890413123,-0.068061172693
53.109375000000,0.072846225908,-0.155049136379
53.125000000000,0.080968684020,-0.240702273784
53.140625000000,0.088048184684,-0.324338013057
53.156250000000,0.093886710885,-0.405291312597
53.171875000000,0.098300512390,-0.482920191120
53.187500000000,0.101122636026,-0.556611053330
53.203125000000,0.102205276372,-0.625783765311
53.218750000000,0.101421919849,-0.689896436007
53.234375000000,0.098669257313,-0.748449863779
53.250000000000,0.093868842625,-0.800991610088
53.265625000000,0.086968477295,-0.847119665647
53.281250000000,0.077943304140,-0.886485678066
53.296875000000,0.066796595902,-0.918797713924
53.312500000000,0.053560227958,-0.943822532360
53.328125000000,0.038294827546,-0.961387351620
53.343750000000,0.021089595341,-0.971381094516
53.359375000000,0.002061798626,-0.973755103381
53.375000000000,-0.018644061183,-0.968523319803
53.390625000000,-0.040857400481,-0.955761929150
53.406250000000,-0.064383015278,-0.935608474631
53.421875000000,-0.089002839947,-0.908260450308
53.437500000000,-0.114477986770,-0.873973387039
53.453125000000,-0.140551047109,-0.833058449782
53.468750000000,-0.166948632122,-0.785879568941
53.484375000000,-0.193384128298,-0.732850132490
53.500000000000,-0.219560640654,-0.674429269400
53.515625000000,-0.245174094265,-0.611117758416
53.531250000000,-0.269916462942,-0.543453599404
53.546875000000,-0.293479092278,-0.472007287367
53.562500000000,-0.315556083067,-0.397376831696
53.578125000000,-0.335847700172,-0.320182565311
53.593750000000,-0.354063771361,-0.241061790037
53.609375000000,-0.369927040461,-0.160663305826
53.625000000000,-0.383176439284,-0.079641872256
53.640625000000,-0.393570243355,0.001347348871
53.656250000000,-0.400889077294,0.081654321059
53.671875000000,-0.404938736976,0.160639582480
53.687500000000,-0.405552797127,0.237679569826
53.703125000000,-0.402594974903,0.312171770623
53.718750000000,-0.395961222222,0.383539659748
53.734375000000,-0.385581522069,0.451237378049
53.750000000000,-0.371421366790,0.514754113462
53.765625000000,-0.353482899326,0.573618147904
53.781250000000,-0.331805701595,0.627400536400
53.796875000000,-0.306467217575,0.675718388375
53.812500000000,-0.277582802188,0.718237724765
53.828125000000,-0.245305390724,0.754675888569
53.843750000000,-0.209824787283,0.784803490575
53.859375000000,-0.171366574446,0.808445876291
53.875000000000,-0.130190650213,0.825484104490
53.890625000000,-0.086589401932,0.835855432215
53.906250000000,-0.040885530677,0.839553305597
53.921875000000,0.006570456958,0.836626860243
53.937500000000,0.055403069181,0.827179939397
53.953125000000,0.105214937770,0.811369642343
53.968750000000,0.155590188521,0.789404419694
53.984375000000,0.206098043832,0.761541736181
54.000000000000,0.256296625280,0.728085325352
54.015625000000,0.305736921850,0.689382064088
54.031250000000,0.353966887468,0.645818498122
54.046875000000,0.400535629953,0.597817052679
54.062500000000,0.444997652180,0.545831964960
54.078125000000,0.486917105431,0.490344977482
54.093750000000,0.525872014357,0.431860833138
54.109375000000,0.561458432892,0.370902614377
54.125000000000,0.593294490698,0.308006969964
54.140625000000,0.621024290429,0.243719273517
54.156250000000,0.644321617105,0.178588758244
54.171875000000,0.662893422330,0.113163672216
54.187500000000,0.676483047911,0.047986497940
54.203125000000,0.684873155507,-0.016410720955
54.218750000000,0.687888331511,-0.079510904411
54.234375000000,0.685397339053,-0.140816272270
54.250000000000,0.677314992189,-0.199852454515
54.265625000000,0.663603630595,-0.256172340152
54.281250000000,0.644274176698,-0.309359632158
54.296875000000,0.619386760924,-0.359032078942
54.312500000000,0.589050904659,-0.404844356021
54.328125000000,0.553425254583,-0.446490575101
54.343750000000,0.512716866167,-0.483706401427
54.359375000000,0.467180038313,-0.516270764098
54.375000000000,0.417114705308,-0.544007147973
54.390625000000,0.362864396462,-0.566784459846
54.406250000000,0.304813777854,-0.584517465586
54.421875000000,0.243385794655,-0.597166799045
54.437500000000,0.179038436311,-0.604738547528
54.453125000000,0.112261150550,-0.607283422591
54.468750000000,0.043570935628,-0.604895528760
54.484375000000,-0.026491856581,-0.597710746445
54.500000000000,-0.097367971117,-0.585904748847
54.515625000000,-0.168483915967,-0.569690675938
54.531250000000,-0.239256803197,-0.549316491623
54.546875000000,-0.309099322870,-0.525062052995
54.562500000000,-0.377424805924,-0.497235923045
54.578125000000,-0.443652331045,-0.466171960355
54.593750000000,-0.507211829832,-0.432225721111
54.609375000000,-0.567549144271,-0.395770710250
54.625000000000,-0.624130990623,-0.357194519622
54.640625000000,-0.676449784388,-0.316894891810
54.656250000000,-0.724028281960,-0.275275748561
54.671875000000,-0.766423995940,-0.232743222755
54.687500000000,-0.803233342889,-0.189701732442
54.703125000000,-0.834095484414,-0.146550134655
54.718750000000,-0.858695825050,-0.103677995604
54.734375000000,-0.876769133257,-0.061462012324
54.750000000000,-0.888102255059,-0.020262619053
54.765625000000,-0.892536393350,0.019579190548
54.781250000000,-0.889968929642,0.057744796612
54.796875000000,-0.880354769034,0.093940615738
54.812500000000,-0.863707193355,0.127900470011
54.828125000000,-0.840098211768,0.159387642428
54.843750000000,-0.809658402601,0.188196602089
54.859375000000,-0.772576244697,0.214154385942
54.875000000000,-0.729096941127,0.237121627454
54.890625000000,-0.679520742718,0.256993226158
54.906250000000,-0.624200783321,0.273698655743
54.921875000000,-0.563540443208,0.287201911943
54.937500000000,-0.497990261260,0.297501105159
54.953125000000,-0.428044420764,0.304627706250
54.968750000000,-0.354236837519,0.308645457380
54.984375000000,-0.277136882676,0.309648963107
55.000000000000,-0.197344776091,0.307761980010
55.015625000000,-0.115486689078,0.303135426068
55.031250000000,-0.032209598211,0.295945133693
55.046875000000,0.051824065847,0.286389372742
55.062500000000,0.135941928447,0.274686171980
55.078125000000,0.219467292423,0.261070469313
55.093750000000,0.301724822168,0.245791122623
55.109375000000,0.382046240831,0.229107814259
55.125000000000,0.459775990887,0.211287883061
55.140625000000,0.534276808475,0.192603118326
55.156250000000,0.604935162496,0.173326550239
55.171875000000,0.671166510562,0.153729271135
55.187500000000,0.732420325303,0.134077321355
55.203125000000,0.788184846498,0.114628672612
55.218750000000,0.837991516770,0.095630340504
55.234375000000,0.881419061289,0.077315656308
55.250000000000,0.918097174983,0.059901726307
55.265625000000,0.947709784113,0.043587104786
55.281250000000,0.969997852807,0.028549704414
55.296875000000,0.984761709049,0.014944965146
55.312500000000,0.991862868851,0.002904299878
55.328125000000,0.991225341711,-0.007466167870
55.343750000000,0.982836405014,-0.016086562180
55.359375000000,0.966746839686,-0.022903900055
55.375000000000,0.943070624169,-0.027892418392
55.390625000000,0.911984088543,-0.031053580590
55.406250000000,0.873724535389,-0.032415764167
55.421875000000,0.828588338693,-0.032033634200
55.437500000000,0.776928536706,-0.029987210696
55.453125000000,0.719151939132,-0.026380641322
55.468750000000,0.655715773349,-0.021340693970
55.484375000000,0.587123898384,-0.015014986688
55.500000000000,0.513922619259,-0.007569975229
55.515625000000,0.436696137789,0.000811278906
55.531250000000,0.356061679177,0.009931534756
55.546875000000,0.272664336586,0.019581965244
55.562500000000,0.187171678374,0.029544888553
55.578125000000,0.100268164735,0.039596606976
55.593750000000,0.012649422206,0.049510321577
55.609375000000,-0.074983574298,0.059059090118
55.625000000000,-0.161930361457,0.068018795224
55.640625000000,-0.247496838693,0.076171089640
55.656250000000,-0.331001059804,0.083306285559
55.671875000000,-0.411778914915,0.089226155614
55.687500000000,-0.489189653632,0.093746613949
55.703125000000,-0.562621201675,0.096700247015
55.718750000000,-0.631495225186,0.097938665261
55.734375000000,-0.695271899144,0.097334648714
55.750000000000,-0.753454339005,0.094784061556
55.765625000000,-0.805592657702,0.090207513199
55.781250000000,-0.851287613489,0.083551745943
55.796875000000,-0.890193817791,0.074790732185
55.812500000000,-0.922022476133,0.063926467110
55.828125000000,-0.946543639401,0.050989446023
55.843750000000,-0.963587947049,0.036038818727
55.859375000000,-0.973047848373,0.019162216799
55.875000000000,-0.974878292605,0.000475252987
55.890625000000,-0.969096883316,-0.019879304498
55.906250000000,-0.955783497306,-0.041732676651
55.921875000000,-0.935079372930,-0.064891527683
55.937500000000,-0.907185677447,-0.089139715494
55.953125000000,-0.872361567568,-0.114240322468
55.968750000000,-0.830921761817,-0.139937947456
55.984375000000,-0.783233647557,-0.165961236878
56.000000000000,-0.729713949604,-0.192025630275
56.015625000000,-0.670824991102,-0.217836293168
56.031250000000,-0.607070580877,-0.243091207955
56.046875000000,-0.538991564648,-0.267484391698
56.062500000000,-0.467161080304,-0.290709208076
56.078125000000,-0.392179559971,-0.312461739558
56.093750000000,-0.314669523615,-0.332444184930
56.109375000000,-0.235270210650,-0.350368246776
56.125000000000,-0.154632097230,-0.365958473292
56.140625000000,-0.073411347742,-0.378955518993
56.156250000000,0.007735750626,-0.389119289380
56.171875000000,0.088158321414,-0.396231935529
56.187500000000,0.167216352210,-0.400100665761
56.203125000000,0.244286020387,-0.400560343147
56.218750000000,0.318764845239,-0.397475839479
56.234375000000,0.390076622289,-0.390744118526
56.250000000000,0.457676097669,-0.380296023902
56.265625000000,0.521053343048,-0.366097749595
56.281250000000,0.579737794424,-0.348151974224
56.296875000000,0.633301921332,-0.326498643266
56.312500000000,0.681364496468,-0.301215386888
56.328125000000,0.723593439497,-0.272417564536
56.343750000000,0.759708212775,-0.240257931086
56.359375000000,0.789481750838,-0.204925923074
56.375000000000,0.812741909815,-0.166646567273
56.390625000000,0.829372427322,-0.125679017684
56.406250000000,0.839313387825,-0.082314730705
56.421875000000,0.842561192969,-0.036875291944
56.437500000000,0.839168040798,0.010290088316
56.453125000000,0.829240922219,0.058807390548
56.468750000000,0.812940147345,0.108280888627
56.484375000000,0.790477418516,0.158296512938
56.500000000000,0.762113470784,0.208425444420
56.515625000000,0.728155304420,0.258227907438
56.531250000000,0.688953037516,0.307257127162
56.546875000000,0.644896410022,0.355063415185
56.562500000000,0.596410973459,0.401198345512
56.578125000000,0.543954003219,0.445218981806
56.593750000000,0.488010172547,0.486692115936
56.609375000000,0.429087029229,0.525198477322
56.625000000000,0.367710317492,0.560336872517
56.640625000000,0.304419188679,0.591728214714
56.656250000000,0.239761345000,0.619019403541
56.671875000000,0.174288160862,0.641887016573
56.687500000000,0.108549826193,0.660040775413
56.703125000000,0.043090555581,0.673226750985
56.718750000000,-0.021556093903,0.681230274844
56.734375000000,-0.084871754660,0.683878525788
56.750000000000,-0.146357590518,0.681042763828
56.765625000000,-0.205538410953,0.672640186680
56.781250000000,-0.261966522311,0.658635387248
56.796875000000,-0.315225283462,0.639041394165
56.812500000000,-0.364932336346,0.613920281178
56.828125000000,-0.410742485172,0.583383335122
56.843750000000,-0.452350201471,0.547590776255
56.859375000000,-0.489491735961,0.506751028847
56.875000000000,-0.521946821947,0.461119544140
56.890625000000,-0.549539958987,0.410997181934
56.906250000000,-0.572141269563,0.356728161262
56.921875000000,-0.589666925553,0.298697594682
56.937500000000,-0.602079145400,0.237328624713
56.953125000000,-0.609385766874,0.173079184768
56.968750000000,-0.611639404300,0.106438410619
56.984375000000,-0.608936202954,0.037922731825
57.000000000000,-0.601414207014,-0.031928324219
57.015625000000,-0.589251360984,-0.102556580071
57.031250000000,-0.572663167778,-0.173389869739
57.046875000000,-0.551900029696,-0.243846873494
57.062500000000,-0.527244301324,-0.313342083702
57.078125000000,-0.499007085817,-0.381290857904
57.093750000000,-0.467524808220,-0.447114514189
57.109375000000,-0.433155601270,-0.510245423269
57.125000000000,-0.396275540583,-0.570132051298
57.140625000000,-0.357274767236,-0.626243907664
57.156250000000,-0.316553536440,-0.678076352501
57.171875000000,-0.274518231388,-0.725155219636
57.187500000000,-0.231577381259,-0.767041212083
57.203125000000,-0.188137721987,-0.803334028975
57.218750000000,-0.144600337587,-0.833676184979
57.234375000000,-0.101356918679,-0.857756485800
57.250000000000,-0.058786173363,-0.875313126255
57.265625000000,-0.017250423735,-0.886136380587
57.281250000000,0.022907580771,-0.890070858232
57.296875000000,0.061367604503,-0.887017301972
57.312500000000,0.097834595134,-0.876933909413
57.328125000000,0.132041058531,-0.859837162933
57.343750000000,0.163749118999,-0.835802157546
57.359375000000,0.192752248247,-0.804962420621
57.375000000000,0.218876649890,-0.767509221901
57.390625000000,0.241982289857,-0.723690376862
57.406250000000,0.261963566698,-0.673808550977
57.421875000000,0.278749619456,-0.618219076987
57.437500000000,0.292304274425,-0.557327301707
57.453125000000,0.302625635731,-0.491585483149
57.468750000000,0.309745328240,-0.421489262901
57.484375000000,0.313727404715,-0.347573742596
57.500000000000,0.314666932455,-0.270409196956
57.515625000000,0.312688277767,-0.190596459303
57.531250000000,0.307943109538,-0.108762018483
57.546875000000,0.300608145863,-0.025552868906
57.562500000000,0.290882670114,0.058368842275
57.578125000000,0.278985844973,0.142331324783
57.593750000000,0.265153854807,0.225658764063
57.609375000000,0.249636908281,0.307677000587
57.625000000000,0.232696134312,0.387719220183
57.640625000000,0.214600405292,0.465131605649
57.656250000000,0.195623122054,0.539278900121
57.671875000000,0.176038995146,0.609549833259
57.687500000000,0.156120856832,0.675362362407
57.703125000000,0.136136537634,0.736168682356
57.718750000000,0.116345840364,0.791459959280
57.734375000000,0.096997643336,0.840770746705
57.750000000000,0.078327162931,0.883683044110
57.765625000000,0.060553403791,0.919829961785
57.781250000000,0.043876822823,0.948898958989
57.796875000000,0.028477230762,0.970634626144
57.812500000000,0.014511952438,0.984840985753
57.828125000000,0.002114264026,0.991383290946
57.843750000000,-0.008607877445,0.990189304943
57.859375000000,-0.017572800222,0.981250049276
57.875000000000,-0.024725770776,0.964620013277
57.890625000000,-0.030039328117,0.940416822093
57.906250000000,-0.033513297428,0.908820365229
57.921875000000,-0.035174484404,0.870071392422
57.937500000000,-0.035076055069,0.824469588316
57.953125000000,-0.033296609215,0.772371142027
57.968750000000,-0.029938958826,0.714185832167
57.984375000000,-0.025128626017,0.650373652153
58.000000000000,-0.019012077959,0.581441004726
58.015625000000,-0.011754719081,0.507936498390
58.031250000000,-0.003538663385,0.430446382030
58.046875000000,0.005439687940,0.349589657137
58.062500000000,0.014972236336,0.266012909950
58.078125000000,0.024841914108,0.180384908272
58.093750000000,0.034825520536,0.093391009798
58.109375000000,0.044696634182,0.005727430466
58.125000000000,0.054228568873,-0.081904577472
58.140625000000,0.063197340348,-0.168804587144
58.156250000000,0.071384610405,-0.254278847699
58.171875000000,0.078580575569,-0.337646073188
58.187500000000,0.084586767857,-0.418243119571
58.203125000000,0.089218736077,-0.495430500723
58.218750000000,0.092308577320,-0.568597695837
58.234375000000,0.093707289822,-0.637168202428
58.250000000000,0.093286920194,-0.700604291500
58.265625000000,0.090942480155,-0.758411424072
58.281250000000,0.086593610247,-0.810142291323
58.296875000000,0.080185970670,-0.855400443958
58.312500000000,0.071692342162,-0.893843480104
58.328125000000,0.061113422903,-0.925185764957
58.343750000000,0.048478310576,-0.949200659588
58.359375000000,0.033844662011,-0.965722240692
58.375000000000,0.017298526244,-0.974646497572
58.390625000000,-0.001046149763,-0.975931997305
58.406250000000,-0.021048340013,-0.969600013732
58.421875000000,-0.042541076791,-0.955734120676
58.437500000000,-0.065332896857,-0.934479254491
58.453125000000,-0.089209583597,-0.906040255737
58.468750000000,-0.113936189069,-0.870679904339
58.484375000000,-0.139259316781,-0.828716467021
58.500000000000,-0.164909643204,-0.780520780050
58.515625000000,-0.190604653361,-0.726512894391
58.531250000000,-0.216051563392,-0.667158314103
58.546875000000,-0.240950400871,-0.602963862366
58.562500000000,-0.264997211772,-0.534473212638
58.578125000000,-0.287887361407,-0.462262125326
58.593750000000,-0.309318895447,-0.386933432793
58.609375000000,-0.328995926221,-0.309111817573
58.625000000000,-0.346632008947,-0.229438430360
58.640625000000,-0.361953472345,-0.148565395543
58.656250000000,-0.374702668254,-0.067150252864
58.671875000000,-0.384641105400,0.014149615847
58.687500000000,-0.391552433331,0.094682526015
58.703125000000,-0.395245243770,0.173807947392
58.718750000000,-0.395555658207,0.250901831472
58.734375000000,-0.392349672424,0.325361763251
58.750000000000,-0.385525230867,0.396611893091
58.765625000000,-0.375014006253,0.464107606668
58.781250000000,-0.360782862533,0.527339893484
58.796875000000,-0.342834982353,0.585839377354
58.812500000000,-0.321210643318,0.639179975480
58.828125000000,-0.295987630759,0.686982156200
58.843750000000,-0.267281278219,0.728915769304
58.859375000000,-0.235244130512,0.764702426722
58.875000000000,-0.200065227921,0.794117415592
58.890625000000,-0.161969013856,0.816991129985
58.906250000000,-0.121213872068,0.833210011976
58.921875000000,-0.078090303213,0.842716997213
58.937500000000,-0.032918754262,0.845511464612
58.953125000000,0.013952882223,0.841648694278
58.968750000000,0.062152078499,0.831238842158
58.984375000000,0.111284768037,0.814445444220
59.000000000000,0.160938701187,0.791483467115
59.015625000000,0.210687030572,0.762616926294
59.031250000000,0.260092094179,0.728156096262
59.046875000000,0.308709361818,0.688454341228
59.062500000000,0.356091508756,0.643904597627
59.078125000000,0.401792578707,0.594935542917
59.093750000000,0.445372197141,0.542007487683
59.109375000000,0.486399794996,0.485608030299
59.125000000000,0.524458802426,0.426247515286
59.140625000000,0.559150772067,0.364454337979
59.156250000000,0.590099391623,0.300770139199
59.171875000000,0.616954346259,0.235744934299
59.187500000000,0.639394992309,0.169932221192
59.203125000000,0.657133805285,0.103884111836
59.218750000000,0.669919566952,0.038146531071
59.234375000000,0.677540258399,-0.026745474287
59.250000000000,0.679825628495,-0.090272274506
59.265625000000,0.676649409963,-0.151934004362
59.281250000000,0.667931158309,-0.211254681175
59.296875000000,0.653637692265,-0.267786058188
59.312500000000,0.633784117883,-0.321111180743
59.328125000000,0.608434422241,-0.370847615729
59.343750000000,0.577701626613,-0.416650328098
59.359375000000,0.541747492977,-0.458214181709
59.375000000000,0.500781781910,-0.495276045491
59.390625000000,0.455061064053,-0.527616489742
59.406250000000,0.404887091530,-0.555061061349
59.421875000000,0.350604739870,-0.577481130754
59.437500000000,0.292599535044,-0.594794307570
59.453125000000,0.231294784216,-0.606964425814
59.468750000000,0.167148332643,-0.614001103779
59.484375000000,0.100648972775,-0.615958887510
59.500000000000,0.032312535076,-0.612935990702
59.515625000000,-0.037322306780,-0.605072647528
59.531250000000,-0.107698480775,-0.592549098425
59.546875000000,-0.178245173331,-0.575583232133
59.562500000000,-0.248382657632,-0.554427910359
59.578125000000,-0.317527251226,-0.529368004191
59.593750000000,-0.385096359143,-0.500717173852
59.609375000000,-0.450513557651,-0.468814425548
59.625000000000,-0.513213673104,-0.434020480979
59.640625000000,-0.572647810012,-0.396713996500
59.656250000000,-0.628288282635,-0.357287670054
59.671875000000,-0.679633404965,-0.316144274684
59.687500000000,-0.726212094905,-0.273692657749
59.703125000000,-0.767588249894,-0.230343744965
59.718750000000,-0.803364852988,-0.186506587910
59.734375000000,-0.833187770591,-0.142584492881
59.750000000000,-0.856749205585,-0.098971267784
59.765625000000,-0.873790772487,-0.056047622280
59.781250000000,-0.884106164495,-0.014177754510
59.796875000000,-0.887543385753,0.026293844373
59.812500000000,-0.884006525978,0.065045339129
59.828125000000,-0.873457058540,0.101780226749
59.843750000000,-0.855914647307,0.136229717062
59.859375000000,-0.831457451886,0.168154797661
59.875000000000,-0.800221925353,0.197347966520
59.890625000000,-0.762402103100,0.223634619099
59.906250000000,-0.718248385970,0.246874080345
59.921875000000,-0.668065825439,0.266960275588
59.937500000000,-0.612211923066,0.283822038038
59.953125000000,-0.551093960885,0.297423054225
59.968750000000,-0.485165883659,0.307761452372
59.984375000000,-0.414924758055,0.314869042235
60.000000000000,-0.340906837661,0.318810218382
60.015625000000,-0.263683266461,0.319680542202
60.031250000000,-0.183855456714,0.317605021030
60.046875000000,-0.102050180266,0.312736105730
60.062500000000,-0.018914415041,0.305251430737
60.078125000000,0.064890009211,0.295351322995
60.093750000000,0.148691919838,0.283256108386
60.109375000000,0.231816417292,0.269203246081
60.125000000000,0.313590549472,0.253444322760
60.140625000000,0.393348994973,0.236241939864
60.156250000000,0.470439705566,0.217866527880
60.171875000000,0.544229458403,0.198593122148
60.187500000000,0.614109269125,0.178698134861
60.203125000000,0.679499618070,0.158456157670
60.218750000000,0.739855443349,0.138136828804
60.234375000000,0.794670856442,0.118001797663
60.250000000000,0.843483538332,0.098301818653
60.265625000000,0.885878776887,0.079274004429
60.281250000000,0.921493109279,0.061139266905
60.296875000000,0.950017536650,0.044099972211
60.312500000000,0.971200281906,0.028337833404
60.328125000000,0.984849065527,0.014012062071
60.343750000000,0.990832878458,0.001257797170
60.359375000000,0.989083235575,-0.009815173628
60.375000000000,0.979594897736,-0.019123387958
60.390625000000,0.962426055138,-0.026610369306
60.406250000000,0.937697969405,-0.032246968617
60.421875000000,0.905594076630,-0.036031384899
60.437500000000,0.866358558330,-0.037988866203
60.453125000000,0.820294391991,-0.038171095752
60.468750000000,0.767760897452,-0.036655271325
60.484375000000,0.709170799884,-0.033542889292
60.500000000000,0.644986834336,-0.028958247790
60.515625000000,0.575717920943,-0.023046686530
60.531250000000,0.501914943631,-0.015972583498
60.546875000000,0.424166168725,-0.007917131403
60.562500000000,0.343092342997,0.000924080954
60.578125000000,0.259341513565,0.010343655147
60.593750000000,0.173583614503,0.020125108372
60.609375000000,0.086504867059,0.030045706991
60.625000000000,-0.001197957938,0.039879376659
60.640625000000,-0.088823365745,0.049399656554
60.656250000000,-0.175671000912,0.058382664670
60.671875000000,-0.261047497185,0.066610041048
60.687500000000,-0.344272263427,0.073871835957
60.703125000000,-0.424683155445,0.079969310613
60.718750000000,-0.501641984657,0.084717618886
60.734375000000,-0.574539816035,0.087948339666
60.750000000000,-0.642802009616,0.089511831056
60.765625000000,-0.705892962218,0.089279379428
60.781250000000,-0.763320508669,0.087145118456
60.796875000000,-0.814639944917,0.083027695641
60.812500000000,-0.859457638755,0.076871666450
60.828125000000,-0.897434197609,0.068648599013
60.843750000000,-0.928287166759,0.058357875358
60.859375000000,-0.951793235570,0.046027178319
60.875000000000,-0.967789933662,0.031712656548
60.890625000000,-0.976176803518,0.015498763453
60.906250000000,-0.976916040628,-0.002502230691
60.921875000000,-0.970032597017,-0.022151050728
60.937500000000,-0.955613748734,-0.043282546558
60.953125000000,-0.933808132596,-0.065707131447
60.968750000000,-0.904824262183,-0.089212515854
60.984375000000,-0.868928537602,-0.113565720690
61.000000000000,-0.826442768020,-0.138515350913
61.015625000000,-0.777741230174,-0.163794107459
61.031250000000,-0.723247290110,-0.189121512893
61.046875000000,-0.663429619188,-0.214206823731
61.062500000000,-0.598798038850,-0.238752100229
61.078125000000,-0.529899031849,-0.262455402600
61.093750000000,-0.457310960423,-0.285014081016
61.109375000000,-0.381639034370,-0.306128125580
61.125000000000,-0.303510074030,-0.325503541500
61.140625000000,-0.223567114810,-0.342855714188
61.156250000000,-0.142463901125,-0.357912728803
61.171875000000,-0.060859318415,-0.370418608922
61.187500000000,0.020588187781,-0.380136439550
61.203125000000,0.101226156781,-0.386851340566
61.218750000000,0.180413573377,-0.390373257923
61.234375000000,0.257526196730,-0.390539541489
61.250000000000,0.331961711530,-0.387217280319
61.265625000000,0.403144657223,-0.380305368315
61.281250000000,0.470531093293,-0.369736275757
61.296875000000,0.533612961157,-0.355477504892
61.312500000000,0.591922106131,-0.337532710785
61.328125000000,0.645033926155,-0.315942471809
61.343750000000,0.692570617480,-0.290784697542
61.359375000000,0.734203991270,-0.262174665325
61.375000000000,0.769657839078,-0.230264680420
61.390625000000,0.798709829310,-0.195243358353
61.406250000000,0.821192921075,-0.157334531829
61.421875000000,0.836996286281,-0.116795788330
61.437500000000,0.846065735248,-0.073916648242
61.453125000000,0.848403645631,-0.029016397008
61.468750000000,0.844068398914,0.017558411646
61.484375000000,0.833173333135,0.065436760958
61.500000000000,0.815885224797,0.114226261164
61.515625000000,0.792422317103,0.163516497598
61.531250000000,0.763051915609,0.212882607360
61.546875000000,0.728087576190,0.261889052521
61.562500000000,0.687885913694,0.310093555604
61.578125000000,0.642843062928,0.357051161177
61.593750000000,0.593390826534,0.402318385809
61.609375000000,0.539992546909,0.445457417395
61.625000000000,0.483138741573,0.486040324053
61.640625000000,0.423342543239,0.523653232255
61.656250000000,0.361134987312,0.557900433802
61.671875000000,0.297060190627,0.588408381535
61.687500000000,0.231670465878,0.614829534363
61.703125000000,0.165521416454,0.636846013236
61.718750000000,0.099167056196,0.654173031167
61.734375000000,0.033154998062,0.666562062181
61.750000000000,-0.031978245363,0.673803716241
61.765625000000,-0.095711807888,0.675730289694
61.781250000000,-0.157544822438,0.672217963554
61.796875000000,-0.217000542739,0.663188625037
61.812500000000,-0.273630198678,0.648611291094
61.828125000000,-0.327016552810,0.628503116245
61.843750000000,-0.376777128521,0.602929970772
61.859375000000,-0.422567083667,0.572006579255
61.875000000000,-0.464081707007,0.535896213463
61.890625000000,-0.501058518469,0.494809937727
61.906250000000,-0.533278958145,0.449005409120
61.921875000000,-0.560569652862,0.398785238912
61.937500000000,-0.582803253255,0.344494925935
61.953125000000,-0.599898838319,0.286520376574
61.968750000000,-0.611821888528,0.225285030038
61.984375000000,-0.618583832620,0.161246611416
62.000000000000,-0.620241177148,0.094893538633
62.015625000000,-0.616894231710,0.026741012842
62.031250000000,-0.608685446491,-0.042673175042
62.046875000000,-0.595797382247,-0.112793086098
62.062500000000,-0.578450336173,-0.183049285297
62.078125000000,-0.556899650110,-0.252863663171
62.093750000000,-0.531432730356,-0.321654385025
62.109375000000,-0.502365810786,-0.388840923950
62.125000000000,-0.470040493134,-0.453849132833
62.140625000000,-0.434820100121,-0.516116309856
62.156250000000,-0.397085878539,-0.575096211706
62.171875000000,-0.357233090478,-0.630263968894
62.187500000000,-0.315667031627,-0.681120858112
62.203125000000,-0.272799015855,-0.727198887597
62.218750000000,-0.229042365268,-0.768065152840
62.234375000000,-0.184808444464,-0.803325921782
62.250000000000,-0.140502776937,-0.832630410852
62.265625000000,-0.096521280378,-0.855674215726
62.281250000000,-0.053246656134,-0.872202363598
62.296875000000,-0.011044966216,-0.882011956981
62.312500000000,0.029737570908,-0.884954382534
62.328125000000,0.068777536948,-0.880937062232
62.343750000000,0.105776996780,-0.869924728132
62.359375000000,0.140465884674,-0.851940206221
62.375000000000,0.172604073784,-0.827064699144
62.390625000000,0.201983112264,-0.795437562085
62.406250000000,0.228427612845,-0.757255570570
62.421875000000,0.251796286263,-0.712771683553
62.437500000000,0.271982612587,-0.662293309666
62.453125000000,0.288915148169,-0.606180089038
62.468750000000,0.302557469595,-0.544841207448
62.484375000000,0.312907759668,-0.478732263921
62.500000000000,0.319998043996,-0.408351716878
62.515625000000,0.323893090214,-0.334236937932
62.531250000000,0.324688985168,-0.256959905992
62.546875000000,0.322511408518,-0.177122577725
62.562500000000,0.317513624140,-0.095351973474
62.578125000000,0.309874213392,-0.012295020421
62.593750000000,0.299794576754,0.071386802889
62.609375000000,0.287496232472,0.155022974556
62.625000000000,0.273217942707,0.237939542293
62.640625000000,0.257212699204,0.319464792590
62.656250000000,0.239744601688,0.398934926697
62.671875000000,0.221085663044,0.475699693769
62.687500000000,0.201512575850,0.549127931745
62.703125000000,0.181303474942,0.618612967190
62.718750000000,0.160734730524,0.683577826404
62.734375000000,0.140077805744,0.743480211654
62.750000000000,0.119596211758,0.797817198312
62.765625000000,0.099542592089,0.846129611017
62.781250000000,0.080155966485,0.888006039745
62.796875000000,0.061659162679,0.923086459701
62.812500000000,0.044256462255,0.951065422413
62.828125000000,0.028131484462,0.971694789077
62.843750000000,0.013445329150,0.984785981215
62.859375000000,0.000334997181,0.990211727896
62.875000000000,-0.011087896381,0.987907293194
62.890625000000,-0.020738104162,0.977871172088
62.906250000000,-0.028557414580,0.960165247712
62.921875000000,-0.034515000699,0.934914407574
62.937500000000,-0.038607447745,0.902305621154
62.953125000000,-0.040858460652,0.862586486025
62.968750000000,-0.041318256409,0.816063254364
62.984375000000,-0.040062649303,0.763098356274
63.000000000000,-0.037191840444,0.704107440839
63.015625000000,-0.032828926066,0.639555960054
63.031250000000,-0.027118142078,0.569955324873
63.046875000000,-0.020222865134,0.495858666355
63.062500000000,-0.012323393060,0.417856238429
63.078125000000,-0.003614529818,0.336570501960
63.093750000000,0.005696997756,0.252650932603
63.109375000000,0.015395262400,0.166768597401
63.125000000000,0.025257967558,0.079610547115
63.140625000000,0.035059355522,-0.008125927106
63.156250000000,0.044573160064,-0.095739122910
63.171875000000,0.053575570577,-0.182528791240
63.187500000000,0.061848174561,-0.267801985285
63.203125000000,0.069180845495,-0.350878843213
63.218750000000,0.075374543697,-0.431098254607
63.234375000000,0.080243998618,-0.507823361579
63.250000000000,0.083620242240,-0.580446847041
63.265625000000,0.085352964789,-0.648395964523
63.281250000000,0.085312665765,-0.711137266245
63.296875000000,0.083392575443,-0.768180988862
63.312500000000,0.079510324355,-0.819085059362
63.328125000000,0.073609340868,-0.863458686988
63.343750000000,0.065659959843,-0.900965510766
63.359375000000,0.055660228315,-0.931326276161
63.375000000000,0.043636397366,-0.954321018604
63.390625000000,0.029643092605,-0.969790735980
63.406250000000,0.013763159072,-0.977638536762
63.421875000000,-0.003892820176,-0.977830255055
63.437500000000,-0.023187329092,-0.970394528601
63.453125000000,-0.043957041127,-0.955422340491
63.468750000000,-0.066014249638,-0.933066030084
63.484375000000,-0.089148593351,-0.903537783301
63.500000000000,-0.113129060838,-0.867107617010
63.515625000000,-0.137706254915,-0.824100876686
63.531250000000,-0.162614895020,-0.774895270712
63.546875000000,-0.187576532958,-0.719917468783
63.562500000000,-0.212302455016,-0.659639295573
63.578125000000,-0.236496741297,-0.594573554355
63.593750000000,-0.259859451244,-0.525269518394
63.609375000000,-0.282089902805,-0.452308130748
63.625000000000,-0.302890011448,-0.376296955556
63.640625000000,-0.321967654313,-0.297864925922
63.656250000000,-0.339040024312,-0.217656935137
63.671875000000,-0.353836938727,-0.136328319210
63.687500000000,-0.366104067072,-0.054539279405
63.703125000000,-0.375606043507,0.027050706144
63.718750000000,-0.382129429943,0.107788432804
63.734375000000,-0.385485497257,0.187032433411
63.750000000000,-0.385512793562,0.264158308432
63.765625000000,-0.382079470392,0.338563876316
63.781250000000,-0.375085339843,0.409674099867
63.796875000000,-0.364463638208,0.476945746650
63.812500000000,-0.350182474379,0.539871744052
63.828125000000,-0.332245944281,0.597985192517
63.843750000000,-0.310694895776,0.650863003717
63.859375000000,-0.285607331870,0.698129133960
63.875000000000,-0.257098443545,0.739457386895
63.890625000000,-0.225320267182,0.774573763579
63.906250000000,-0.190460965238,0.803258342144
63.921875000000,-0.152743732582,0.825346673620
63.937500000000,-0.112425334651,0.840730684869
63.953125000000,-0.069794287291,0.849359084103
63.968750000000,-0.025168691810,0.851237268893
63.984375000000,0.021106257710,0.846426741109
64.000000000000,0.068661074369,0.835044037602
64.015625000000,0.117105061996,0.817259189754
64.031250000000,0.166029655587,0.793293729191
64.046875000000,0.215011989141,0.763418260922
64.062500000000,0.263618658907,0.727949628951
64.078125000000,0.311409647819,0.687247702904
64.093750000000,0.357942374990,0.641711817462
64.109375000000,0.402775832595,0.591776899307
64.125000000000,0.445474771203,0.537909318880
64.140625000000,0.485613893829,0.480602506481
64.156250000000,0.522782018468,0.420372374093
64.171875000000,0.556586168801,0.357752585780
64.187500000000,0.586655553065,0.293289720564
64.203125000000,0.612645391770,0.227538372335
64.218750000000,0.634240556005,0.161056231587
64.234375000000,0.651158979551,0.094399193581
64.250000000000,0.663154809802,0.028116536959
64.265625000000,0.670021264660,-0.037253784184
64.281250000000,0.671593165081,-0.101189693126
64.296875000000,0.667749115717,-0.163189348381
64.312500000000,0.658413309187,-0.222775268853
64.328125000000,0.643556932872,-0.279498191002
64.343750000000,0.623199160640,-0.332940625496
64.359375000000,0.597407715705,-0.382720083895
64.375000000000,0.566298994723,-0.428491949219
64.390625000000,0.530037747235,-0.469951967770
64.406250000000,0.488836308730,-0.506838343305
64.421875000000,0.442953389729,-0.538933418519
64.437500000000,0.392692427474,-0.566064932774
64.453125000000,0.338399510953,-0.588106849078
64.468750000000,0.280460894035,-0.604979747380
64.484375000000,0.219300115470,-0.616650785379
64.500000000000,0.155374748309,-0.623133232046
64.515625000000,0.089172804897,-0.624485583067
64.531250000000,0.021208827047,-0.620810271235
64.546875000000,-0.047980305910,-0.612251988541
64.562500000000,-0.117839815588,-0.598995640216
64.578125000000,-0.187801671382,-0.581263954266
64.593750000000,-0.257289405329,-0.559314773110
64.609375000000,-0.325723052760,-0.533438056663
64.625000000000,-0.392524175086,-0.503952628711
64.640625000000,-0.457120919912,-0.471202700543
64.656250000000,-0.518953073083,-0.435554207618
64.671875000000,-0.577477056930,-0.397390996493
64.687500000000,-0.632170829208,-0.357110900312
64.703125000000,-0.682538637781,-0.315121741854
64.718750000000,-0.728115587094,-0.271837303455
64.734375000000,-0.768471973921,-0.227673303082
64.750000000000,-0.803217351664,-0.183043415342
64.765625000000,-0.832004284680,-0.138355375461
64.781250000000,-0.854531756675,-0.094007203033
64.796875000000,-0.870548200117,-0.050383580851
64.812500000000,-0.879854116825,-0.007852422255
64.828125000000,-0.882304263426,0.033238341723
64.843750000000,-0.877809379131,0.072563726614
64.859375000000,-0.866337437281,0.109824384068
64.875000000000,-0.847914406297,0.144748993581
64.890625000000,-0.822624510021,0.177096336417
64.906250000000,-0.790609981867,0.206657035093
64.921875000000,-0.752070311741,0.233254945273
64.937500000000,-0.707260989222,0.256748190468
64.953125000000,-0.656491751060,0.277029833635
64.968750000000,-0.600124345525,0.294028183406
64.984375000000,-0.538569830536,0.307706736378
65.000000000000,-0.472285426763,0.318063760520
65.015625000000,-0.401770950985,0.325131528336
65.031250000000,-0.327564858848,0.328975211837
65.046875000000,-0.250239929822,0.329691454714
65.062500000000,-0.170398630464,0.327406640235
65.078125000000,-0.088668195149,0.322274876276
65.093750000000,-0.005695466121,0.314475721639
65.109375000000,0.077858462977,0.304211680202
65.125000000000,0.161323754007,0.291705491606
65.140625000000,0.244027434033,0.277197249036
65.156250000000,0.325299059123,0.260941376170
65.171875000000,0.404476382859,0.243203496560
65.187500000000,0.480910979962,0.224257229574
65.203125000000,0.553973775666,0.204380947486
65.218750000000,0.623060432123,0.183854528507
65.234375000000,0.687596544263,0.162956140260
65.250000000000,0.747042599032,0.141959087709
65.265625000000,0.800898653934,0.121128758603
65.281250000000,0.848708693120,0.100719698260
65.296875000000,0.890064622029,0.080972843988
65.312500000000,0.924609864675,0.062112947516
65.328125000000,0.952042531094,0.044346211737
65.343750000000,0.972118126190,0.027858165589
65.359375000000,0.984651775205,0.012811798304
65.375000000000,0.989519945247,-0.000654028610
65.390625000000,0.986661646743,-0.012425876331
65.406250000000,0.976079103200,-0.022416718450
65.421875000000,0.957837882385,-0.030566616608
65.437500000000,0.932066486723,-0.036843076536
65.453125000000,0.898955405520,-0.041241082419
65.468750000000,0.858755636335,-0.043782810940
65.484375000000,0.811776687555,-0.044517029746
65.500000000000,0.758384078773,-0.043518188456
65.515625000000,0.698996360043,-0.040885213566
65.531250000000,0.634081675349,-0.036740021747
65.546875000000,0.564153899638,-0.031225769012
65.562500000000,0.489768382580,-0.024504856012
65.578125000000,0.411517335676,-0.016756712296
65.593750000000,0.330024902521,-0.008175384712
65.609375000000,0.245941954811,0.001033042814
65.625000000000,0.159940659148,0.010653169092
65.640625000000,0.072708861673,0.020463104571
65.656250000000,-0.015055660772,0.030237377653
65.671875000000,-0.102651033139,0.039749885932
65.687500000000,-0.189377147732,0.048776859340
65.703125000000,-0.274541511992,0.057099802080
65.718750000000,-0.357465027824,0.064508380376
65.734375000000,-0.437487652423,0.070803223642
65.750000000000,-0.513973891620,0.075798607539
65.765625000000,-0.586318078277,0.079324988592
65.781250000000,-0.653949390210,0.081231361571
65.796875000000,-0.716336564423,0.081387412677
65.812500000000,-0.772992267181,0.079685443657
65.828125000000,-0.823477082529,0.076042044387
65.843750000000,-0.867403085245,0.070399494048
65.859375000000,-0.904436967956,0.062726873854
65.875000000000,-0.934302696096,0.053020877320
65.890625000000,-0.956783668600,0.041306307198
65.906250000000,-0.971724366610,0.027636251525
65.921875000000,-0.979031477036,0.012091934589
65.937500000000,-0.978674482427,-0.005217757939
65.953125000000,-0.970685713394,-0.024157077011
65.968750000000,-0.955159864502,-0.044564525197
65.984375000000,-0.932252979339,-0.066254279144
66.000000000000,-0.902180915098,-0.089017906657
66.015625000000,-0.865217301603,-0.112626362389
66.031250000000,-0.821691014105,-0.136832243050
66.046875000000,-0.771983183441,-0.161372280243
66.062500000000,-0.716523771143,-0.185970046342
66.078125000000,-0.655787740856,-0.210338846451
66.093750000000,-0.590290860903,-0.234184767333
66.109375000000,-0.520585175946,-0.257209852328
66.125000000000,-0.447254188541,-0.279115369764
66.140625000000,-0.370907793772,-0.299605141105
66.156250000000,-0.292177012187,-0.318388894210
66.171875000000,-0.211708567887,-0.335185606541
66.187500000000,-0.130159359804,-0.349726802953
66.203125000000,-0.048190874954,-0.361759772900
66.218750000000,0.033536407223,-0.371050672384
66.234375000000,0.114368570453,-0.377387476899
66.250000000000,0.193663728741,-0.380582752819
66.265625000000,0.270797357588,-0.380476216269
66.281250000000,0.345167443330,-0.376937050405
66.296875000000,0.416199406433,-0.369865954214
66.312500000000,0.483350756816,-0.359196898445
66.328125000000,0.546115441865,-0.344898567010
66.343750000000,0.604027850716,-0.326975465184
66.359375000000,0.656666441674,-0.305468679121
66.375000000000,0.703656963135,-0.280456274552
66.390625000000,0.744675242194,-0.252053326077
66.406250000000,0.779449519114,-0.220411572035
66.421875000000,0.807762310019,-0.185718693694
66.437500000000,0.829451784502,-0.148197221178
66.453125000000,0.844412649257,-0.108103072344
66.468750000000,0.852596533332,-0.065723734497
66.484375000000,0.854011875096,-0.021376102484
66.500000000000,0.848723315500,0.024596009758
66.515625000000,0.836850606598,0.071824663745
66.531250000000,0.818567048650,0.119920873395
66.546875000000,0.794097473221,0.168477937687
66.562500000000,0.763715793748,0.217074999581
66.578125000000,0.727742148747,0.265280799227
66.593750000000,0.686539666378,0.312657587284
66.609375000000,0.640510882311,0.358765162275
66.625000000000,0.590093845738,0.403164994349
66.640625000000,0.535757950988,0.445424396605
66.656250000000,0.477999534386,0.485120704294
66.671875000000,0.417337277890,0.521845421762
66.687500000000,0.354307462441,0.555208296915
66.703125000000,0.289459115062,0.584841283284
66.718750000000,0.223349094343,0.610402350484
66.734375000000,0.156537159185,0.631579104931
66.750000000000,0.089581065486,0.648092184124
66.765625000000,0.023031734840,0.659698389631
66.781250000000,-0.042571461682,0.666193526075
66.796875000000,-0.106705263012,0.667414915896
66.812500000000,-0.168866880921,0.663243562486
66.828125000000,-0.228578128474,0.653605937355
66.843750000000,-0.285389278812,0.638475370327
66.859375000000,-0.338882621766,0.617873025341
66.875000000000,-0.388675688875,0.591868448145
66.890625000000,-0.434424120677,0.560579676127
66.906250000000,-0.475824153729,0.524172904512
66.921875000000,-0.512614708478,0.482861707304
66.937500000000,-0.544579063041,0.436905815470
66.953125000000,-0.571546101888,0.386609459075
66.968750000000,-0.593391132520,0.332319284152
66.984375000000,-0.610036267330,0.274421859204
67.000000000000,-0.621450371899,0.213340790127
67.015625000000,-0.627648585078,0.149533466187
67.031250000000,-0.628691420140,0.083487463267
67.046875000000,-0.624683460170,0.015716633993
67.062500000000,-0.615771664543,-0.053243082497
67.078125000000,-0.602143306865,-0.122838095549
67.093750000000,-0.584023568052,-0.192501804598
67.109375000000,-0.561672811254,-0.261659407050
67.125000000000,-0.535383568100,-0.329732830238
67.140625000000,-0.505477268227,-0.396145743819
67.156250000000,-0.472300746163,-0.460328607885
67.171875000000,-0.436222561465,-0.521723711425
67.187500000000,-0.397629169429,-0.579790155510
67.203125000000,-0.356920980784,-0.634008735773
67.218750000000,-0.314508349461,-0.683886679331
67.234375000000,-0.270807527841,-0.728962192323
67.250000000000,-0.226236628834,-0.768808775657
67.265625000000,-0.181211633662,-0.803039268379
67.281250000000,-0.136142483439,-0.831309580290
67.296875000000,-0.091429291403,-0.853322077982
67.312500000000,-0.047458711181,-0.868828591412
67.328125000000,-0.004600494546,-0.877633011339
67.343750000000,0.036795730006,-0.879593451450
67.359375000000,0.076403429036,-0.874623952834
67.375000000000,0.113921860170,-0.862695712382
67.390625000000,0.149078469214,-0.843837820959
67.406250000000,0.181630968372,-0.818137501471
67.421875000000,0.211369078967,-0.785739841424
67.437500000000,0.238115925490,-0.746847019100
67.453125000000,0.261729071427,-0.701717026999
67.468750000000,0.282101190956,-0.650661900753
67.484375000000,0.299160374286,-0.594045466187
67.500000000000,0.312870068108,-0.532280621605
67.515625000000,0.323228656253,-0.465826176606
67.531250000000,0.330268689234,-0.395183272839
67.546875000000,0.334055774786,-0.320891415950
67.562500000000,0.334687144853,-0.243524151585
67.578125000000,0.332289917573,-0.163684421678
67.593750000000,0.327019075771,-0.081999640214
67.609375000000,0.319055186133,0.000883469618
67.625000000000,0.308601885694,0.084304232686
67.640625000000,0.295883164388,0.167593527480
67.656250000000,0.281140474298,0.250079392357
67.671875000000,0.264629697715,0.331092683758
67.687500000000,0.246618007355,0.409972737061
67.703125000000,0.227380652904,0.486072980501
67.718750000000,0.207197708544,0.558766452849
67.734375000000,0.186350816305,0.627451176232
67.750000000000,0.165119959797,0.691555336567
67.765625000000,0.143780302382,0.750542225681
67.781250000000,0.122599122899,0.803914901118
67.796875000000,0.101832880803,0.851220522037
67.812500000000,0.081724441059,0.892054322334
67.828125000000,0.062500487209,0.926063185232
67.843750000000,0.044369148932,0.952948787017
67.859375000000,0.027517867972,0.972470281332
67.875000000000,0.012111523683,0.984446499423
67.890625000000,-0.001709163428,0.988757645964
67.906250000000,-0.013828934790,0.985346474498
67.921875000000,-0.024158991314,0.974218931086
67.937500000000,-0.032637676520,0.955444259443
67.953125000000,-0.039230839716,0.929154565576
67.968750000000,-0.043931877140,0.895543844698
67.984375000000,-0.046761452421,0.854866477940
68.000000000000,-0.047766901081,0.807435211088
68.015625000000,-0.047021327200,0.753618632137
68.031250000000,-0.044622403585,0.693838168881
68.046875000000,-0.040690889951,0.628564632060
68.062500000000,-0.035368886564,0.558314333543
68.078125000000,-0.028817843618,0.483644812868
68.093750000000,-0.021216349185,0.405150208874
68.109375000000,-0.012757720890,0.323456316350
68.125000000000,-0.003647428567,0.239215370407
68.140625000000,0.005899623088,0.153100603668
68.156250000000,0.015661921360,0.065800623444
68.171875000000,0.025414250194,-0.021986342415
68.187500000000,0.034930640198,-0.109558281093
68.203125000000,0.043987330998,-0.196215261222
68.218750000000,0.052365712781,-0.281265279266
68.234375000000,0.059855214112,-0.364030035229
68.250000000000,0.066256103590,-0.443850587657
68.265625000000,0.071382173843,-0.520092838996
68.281250000000,0.075063277533,-0.592152803915
68.296875000000,0.077147686585,-0.659461615122
68.312500000000,0.077504247671,-0.721490223573
68.328125000000,0.076024309107,-0.777753752698
68.343750000000,0.072623396688,-0.827815469356
68.359375000000,0.067242618584,-0.871290337662
68.375000000000,0.059849782288,-0.907848125543
68.390625000000,0.050440209573,-0.937216037865
68.406250000000,0.039037238610,-0.959180854170
68.421875000000,0.025692405685,-0.973590553499
68.437500000000,0.010485302303,-0.980355413279
68.453125000000,-0.006476893059,-0.979448573963
68.468750000000,-0.025060205869,-0.970906065799
68.484375000000,-0.045104973000,-0.954826298871
68.500000000000,-0.066427257205,-0.931369022290
68.515625000000,-0.088820555806,-0.900753763068
68.531250000000,-0.112057787571,-0.863257759782
68.546875000000,-0.135893538759,-0.819213410553
68.562500000000,-0.160066546429,-0.769005259092
68.578125000000,-0.184302394492,-0.713066546589
68.593750000000,-0.208316395557,-0.651875360963
68.609375000000,-0.231816629523,-0.585950418454
68.625000000000,-0.254507107967,-0.515846515678
68.640625000000,-0.276091031886,-0.442149693054
68.656250000000,-0.296274109087,-0.365472152920
68.671875000000,-0.314767896657,-0.286446977680
68.687500000000,-0.331293133409,-0.205722694916
68.703125000000,-0.345583027000,-0.123957737590
68.718750000000,-0.357386460617,-0.041814848196
68.734375000000,-0.366471084624,0.040044523983
68.750000000000,-0.372626259497,0.120965783486
68.765625000000,-0.375665817557,0.200306658725
68.781250000000,-0.375430612620,0.277442534057
68.796875000000,-0.371790828541,0.351771597883
68.812500000000,-0.364648019868,0.422719762666
68.828125000000,-0.353936860243,0.489745314950
68.843750000000,-0.339626576998,0.552343256108
68.859375000000,-0.321722053310,0.610049297474
68.875000000000,-0.300264582510,0.662443476790
68.890625000000,-0.275332262468,0.709153366447
68.906250000000,-0.247040021521,0.749856847796
68.921875000000,-0.215539270981,0.784284429829
68.937500000000,-0.181017183001,0.812221094715
68.953125000000,-0.143695596273,0.833507657032
68.968750000000,-0.103829555784,0.848041627921
68.984375000000,-0.061705496565,0.855777579936
69.000000000000,-0.017639084972,0.856727012832
69.015625000000,0.028027265401,0.850957725011
69.031250000000,0.074927182719,0.838592699796
69.046875000000,0.122673407134,0.819808519969
69.062500000000,0.170861115581,0.794833328196
69.078125000000,0.219071471679,0.763944354945
69.093750000000,0.266875368827,0.727465039249
69.109375000000,0.313837332348,0.685761771174
69.125000000000,0.359519544650,0.639240288103
69.140625000000,0.403485955843,0.588341759824
69.156250000000,0.445306441026,0.533538600008
69.171875000000,0.484560964641,0.475330043873
69.187500000000,0.520843711840,0.414237533674
69.203125000000,0.553767146726,0.350799955078
69.218750000000,0.582965957662,0.285568768569
69.234375000000,0.608100850530,0.219103080591
69.250000000000,0.628862151925,0.151964699426
69.265625000000,0.644973185693,0.084713220513
69.281250000000,0.656193388089,0.017901185374
69.296875000000,0.662321128954,-0.047930642758
69.312500000000,0.663196208830,-0.112257844902
69.328125000000,0.658702004723,-0.174576713984
69.343750000000,0.648767240300,-0.234408386411
69.359375000000,0.633367359670,-0.291302702292
69.375000000000,0.612525487403,-0.344841761825
69.390625000000,0.586312961252,-0.394643148445
69.406250000000,0.554849427899,-0.440362792659
69.421875000000,0.518302496094,-0.481697454049
69.437500000000,0.476886945669,-0.518386802649
69.453125000000,0.430863495030,-0.550215084817
69.468750000000,0.380537133926,-0.577012362668
69.484375000000,0.326255032386,-0.598655320269
69.500000000000,0.268404040771,-0.615067633852
69.515625000000,0.207407799835,-0.626219907422
69.531250000000,0.143723483458,-0.632129179210
69.546875000000,0.077838200336,-0.632858008358
69.562500000000,0.010265084261,-0.628513155141
69.578125000000,-0.058460894216,-0.619243871666
69.593750000000,-0.127787359125,-0.605239823575
69.609375000000,-0.197149165292,-0.586728666517
69.625000000000,-0.265973199071,-0.563973304234
69.640625000000,-0.333683301460,-0.537268857858
69.656250000000,-0.399705269971,-0.506939378489
69.671875000000,-0.463471894607,-0.473334337240
69.687500000000,-0.524427982629,-0.436824928770
69.703125000000,-0.582035326582,-0.397800225718
69.718750000000,-0.635777570228,-0.356663222560
69.734375000000,-0.685164927644,-0.313826808062
69.750000000000,-0.729738711762,-0.269709705843
69.765625000000,-0.769075630082,-0.224732422452
69.781250000000,-0.802791807094,-0.179313241951
69.796875000000,-0.830546495167,-0.133864305112
69.812500000000,-0.852045438254,-0.088787810187
69.828125000000,-0.867043855651,-0.044472370656
69.843750000000,-0.875349016317,-0.001289563471
69.859375000000,-0.876822377744,0.040409300856
69.875000000000,-0.871381267194,0.080296157449
69.890625000000,-0.859000087059,0.118068889433
69.906250000000,-0.839711030352,0.153453730301
69.921875000000,-0.813604296622,0.186207346311
69.937500000000,-0.780827803063,0.216118582281
69.953125000000,-0.741586390093,0.243009857661
69.968750000000,-0.696140525214,0.266738203316
69.984375000000,-0.644804513510,0.287195933160
70.000000000000,-0.587944227614,0.304310948432
70.015625000000,-0.525974374326,0.318046676128
70.031250000000,-0.459355319349,0.328401646730
70.046875000000,-0.388589495646,0.335408719941
70.062500000000,-0.314217424773,0.339133970617
70.078125000000,-0.236813384160,0.339675250360
70.093750000000,-0.156980756620,0.337160443430
70.109375000000,-0.075347101369,0.331745438492
70.125000000000,0.007441011503,0.323611840481
70.140625000000,0.090723358869,0.312964449234
70.156250000000,0.173831568590,0.300028533745
70.171875000000,0.256094722084,0.285046932700
70.187500000000,0.336845006777,0.268277013494
70.203125000000,0.415423369091,0.249987523126
70.218750000000,0.491185118474,0.230455365197
70.234375000000,0.563505433223,0.209962337747
70.250000000000,0.631784719530,0.188791866783
70.265625000000,0.695453776360,0.167225770168
70.281250000000,0.753978720292,0.145541085924
70.296875000000,0.806865626477,0.124006998144
70.312500000000,0.853664844231,0.102881892407
70.328125000000,0.893974948530,0.082410571079
70.343750000000,0.927446291830,0.062821656958
70.359375000000,0.953784124026,0.044325211615
70.375000000000,0.972751252141,0.027110592334
70.390625000000,0.984170215324,0.011344568945
70.406250000000,0.987924954947,-0.002830281070
70.421875000000,0.983961964046,-0.015296883781
70.437500000000,0.972290904872,-0.025964674151
70.453125000000,0.952984688033,-0.034770286606
70.468750000000,0.926179011413,-0.041677925294
70.484375000000,0.892071361857,-0.046679411950
70.500000000000,0.850919487308,-0.049793912681
70.515625000000,0.803039351819,-0.051067348419
70.531250000000,0.748802590386,-0.050571497132
70.546875000000,0.688633485027,-0.048402799153
70.562500000000,0.623005487736,-0.044680880103
70.578125000000,0.552437319989,-0.039546808886
70.593750000000,0.477488682227,-0.033161111005
70.609375000000,0.398755610201,-0.025701560039
70.625000000000,0.316865518199,-0.017360772444
70.640625000000,0.232471971965,-0.008343632918
70.656250000000,0.146249236513,0.001135420652
70.671875000000,0.058886646027,0.010855222147
70.687500000000,-0.028917155366,0.020590780430
70.703125000000,-0.116460052036,0.030116228306
70.718750000000,-0.203042323890,0.039207784252
70.734375000000,-0.287972491147,0.047646693768
70.750000000000,-0.370573086201,0.055222117422
70.765625000000,-0.450186302581,0.061733933187
70.781250000000,-0.526179472115,0.066995421545
70.796875000000,-0.597950322972,0.070835803046
70.812500000000,-0.664931973173,0.073102599556
70.828125000000,-0.726597616587,0.073663792200
70.843750000000,-0.782464861115,0.072409751197
70.859375000000,-0.832099681926,0.069254915082
70.875000000000,-0.875119955990,0.064139199474
70.890625000000,-0.911198547933,0.057029118361
70.906250000000,-0.940065921189,0.047918603869
70.921875000000,-0.961512252677,0.036829513673
70.937500000000,-0.975389033615,0.023811818464
70.953125000000,-0.981610143672,0.008943465292
70.968750000000,-0.980152390284,-0.007670083997
70.984375000000,-0.971055509722,-0.025896636534
71.000000000000,-0.954421631249,-0.045578368297
71.015625000000,-0.930414210405,-0.066533230586
71.031250000000,-0.899256442171,-0.088556650283
71.046875000000,-0.861229169292,-0.111423507933
71.062500000000,-0.816668305461,-0.134890374620
71.078125000000,-0.765961797310,-0.158697985780
71.093750000000,-0.709546153142,-0.182573927461
71.109375000000,-0.647902570089,-0.206235508117
71.125000000000,-0.581552694839,-0.229392786919
71.140625000000,-0.511054056188,-0.251751727696
71.156250000000,-0.436995210472,-0.273017446098
71.171875000000,-0.359990643303,-0.292897516328
71.187500000000,-0.280675473083,-0.311105302947
71.203125000000,-0.199700003298,-0.327363282673
71.218750000000,-0.117724171828,-0.341406320969
71.234375000000,-0.035411946174,-0.352984868351
71.250000000000,0.046574286170,-0.361868041894
71.265625000000,0.127579283151,-0.367846558312
71.281250000000,0.206960420944,-0.370735486208
71.296875000000,0.284093026656,-0.370376786676
71.312500000000,0.358375524992,-0.366641613296
71.328125000000,0.429234354765,-0.359432344810
71.343750000000,0.496128613405,-0.348684326199
71.359375000000,0.558554390225,-0.334367296645
71.375000000000,0.616048752192,-0.316486485839
71.390625000000,0.668193349192,-0.295083363266
71.406250000000,0.714617609389,-0.270236028468
71.421875000000,0.755001499042,-0.242059233788
71.437500000000,0.789077825212,-0.210704034696
71.453125000000,0.816634063962,-0.176357066510
71.468750000000,0.837513701034,-0.139239450026
71.484375000000,0.851617076375,-0.099605332325
71.500000000000,0.858901728439,-0.057740072700
71.515625000000,0.859382238645,-0.013958087275
71.531250000000,0.853129580911,0.031399630582
71.546875000000,0.840269985548,0.077968293585
71.562500000000,0.820983331161,0.125362383936
71.578125000000,0.795501082313,0.173178970134
71.593750000000,0.764103794739,0.221001247791
71.609375000000,0.727118213609,0.268402272530
71.625000000000,0.684913993886,0.314948850893
71.640625000000,0.637900075006,0.360205553269
71.656250000000,0.586520745044,0.403738811327
71.671875000000,0.531251432083,0.445121061254
71.687500000000,0.472594262718,0.483934893257
71.703125000000,0.411073429449,0.519777167370
71.718750000000,0.347230410154,0.552263055499
71.734375000000,0.281619083872,0.581029970019
71.750000000000,0.214800787724,0.605741339897
71.765625000000,0.147339360009,0.626090196424
71.781250000000,0.079796214303,0.641802532113
71.796875000000,0.012725488738,0.652640398118
71.812500000000,-0.053330686366,0.658404707724
71.828125000000,-0.117846760805,0.658937715936
71.843750000000,-0.180318136782,0.654125148012
71.859375000000,-0.240265303424,0.643897952848
71.875000000000,-0.297237698268,0.628233660490
71.890625000000,-0.350817263223,0.607157326553
71.906250000000,-0.400621665661,0.580742050139
71.921875000000,-0.446307158590,0.549109055689
71.937500000000,-0.487571057445,0.512427333254
71.953125000000,-0.524153814774,0.470912835773
71.968750000000,-0.555840677986,0.424827236075
71.984375000000,-0.582462919355,0.374476250486
72.000000000000,-0.603898631514,0.320207540028
72.015625000000,-0.620073085841,0.262408204232
72.031250000000,-0.630958655187,0.201501886536
72.046875000000,-0.636574306507,0.137945513975
72.062500000000,-0.636984672924,0.072225697504
72.078125000000,-0.632298718590,0.004854822627
72.093750000000,-0.622668013472,-0.063633136856
72.109375000000,-0.608284638652,-0.132687046374
72.125000000000,-0.589378746060,-0.201743241217
72.140625000000,-0.566215799602,-0.270230319982
72.156250000000,-0.539093527389,-0.337574058684
72.171875000000,-0.508338617262,-0.403202401971
72.187500000000,-0.474303189923,-0.466550486836
72.203125000000,-0.437361085781,-0.527065653587
72.218750000000,-0.397904003059,-0.584212398611
72.234375000000,-0.356337525763,-0.637477223676
72.250000000000,-0.313077080799,-0.686373337138
72.265625000000,-0.268543863827,-0.730445163436
72.281250000000,-0.223160773357,-0.769272618734
72.296875000000,-0.177348392123,-0.802475112372
72.312500000000,-0.131521053950,-0.829715236035
72.328125000000,-0.086083033096,-0.850702105126
72.343750000000,-0.041424891547,-0.865194319755
72.359375000000,0.002079982176,-0.873002515981
72.375000000000,0.044078611332,-0.873991481496
72.390625000000,0.084241417477,-0.868081813693
72.406250000000,0.122264929065,-0.855251102094
72.421875000000,0.157874188953,-0.835534621261
72.437500000000,0.190824840829,-0.809025524685
72.453125000000,0.220904877958,-0.775874534586
72.468750000000,0.247936041104,-0.736289127036
72.484375000000,0.271774856121,-0.690532216406
72.500000000000,0.292313305351,-0.638920347625
72.515625000000,0.309479130662,-0.581821409220
72.531250000000,0.323235769693,-0.519651884471
72.546875000000,0.333581930458,-0.452873662262
72.562500000000,0.340550813100,-0.381990433236
72.578125000000,0.344208991016,-0.307543700735
72.593750000000,0.344654966890,-0.230108439562
72.609375000000,0.342017422318,-0.150288438937
72.625000000000,0.336453182650,-0.068711368978
72.640625000000,0.328144921344,0.013976387289
72.656250000000,0.317298630578,0.097115092129
72.671875000000,0.304140887027,0.180037155371
72.687500000000,0.288915943519,0.262072733104
72.703125000000,0.271882678847,0.342555374150
72.718750000000,0.253311439190,0.420827665002
72.734375000000,0.233480805425,0.496246823783
72.750000000000,0.212674321123,0.568190194028
72.765625000000,0.191177216150,0.636060589803
72.781250000000,0.169273160577,0.699291444865
72.796875000000,0.147241083026,0.757351720096
72.812500000000,0.125352086670,0.809750525478
72.828125000000,0.103866494851,0.856041415269
72.843750000000,0.083031056716,0.895826317788
72.859375000000,0.063076341394,0.928759064370
72.875000000000,0.044214347071,0.954548485491
72.890625000000,0.026636348932,0.972961045812
72.906250000000,0.010511007250,0.983822993885
72.921875000000,-0.004017245921,0.987022006527
72.937500000000,-0.016829526065,0.982508312253
72.953125000000,-0.027833509302,0.970295282763
72.968750000000,-0.036964130354,0.950459486120
72.984375000000,-0.044183959838,0.923140200017
73.000000000000,-0.049483258770,0.888538388301
73.015625000000,-0.052879711601,0.846915148630
73.031250000000,-0.054417842520,0.798589643860
73.046875000000,-0.054168123116,0.743936534293
73.062500000000,-0.052225782732,0.683382932358
73.078125000000,-0.048709336021,0.617404905542
73.093750000000,-0.043758845145,0.546523557371
73.109375000000,-0.037533936887,0.471300720012
73.125000000000,-0.030211597508,0.392334295508
73.140625000000,-0.021983770506,0.310253285783
73.156250000000,-0.013054784525,0.225712554314
73.171875000000,-0.003638640435,0.139387364757
73.187500000000,0.006043811928,0.051967743801
73.203125000000,0.015767775679,-0.035847282925
73.218750000000,0.025307454987,-0.123355531944
73.234375000000,0.034439016354,-0.209857529372
73.250000000000,0.042943529961,-0.294662353865
73.265625000000,0.050609858125,-0.377093404418
73.281250000000,0.057237458482,-0.456494043072
73.296875000000,0.062639070383,-0.532233063670
73.312500000000,0.066643254183,-0.603709939406
73.328125000000,0.069096754657,-0.670359803847
73.343750000000,0.069866661581,-0.731658122509
73.359375000000,0.068842342640,-0.787125014836
73.375000000000,0.065937126194,-0.836329189535
73.390625000000,0.061089714049,-0.878891459665
73.406250000000,0.054265307203,-0.914487807636
73.421875000000,0.045456430552,-0.942851974267
73.437500000000,0.034683445682,-0.963777550272
73.453125000000,0.021994744201,-0.977119552984
73.468750000000,0.007466617387,-0.982795475662
73.484375000000,-0.008797198615,-0.980785801429
73.500000000000,-0.026666299369,-0.971133978587
73.515625000000,-0.045984704386,-0.953945858844
73.531250000000,-0.066572255565,-0.929388604684
73.546875000000,-0.088226309014,-0.897689076822
73.562500000000,-0.110723704331,-0.859131717192
73.578125000000,-0.133822992323,-0.814055947381
73.593750000000,-0.157266899358,-0.762853106615
73.609375000000,-0.180785003862,-0.705962957392
73.625000000000,-0.204096598121,-0.643869790646
73.640625000000,-0.226913706376,-0.577098165699
73.656250000000,-0.248944228402,-0.506208323431
73.671875000000,-0.269895176179,-0.431791313837
73.687500000000,-0.289475970081,-0.354463881542
73.703125000000,-0.307401760114,-0.274863154816
73.718750000000,-0.323396737217,-0.193641185233
73.734375000000,-0.337197399444,-0.111459386258
73.750000000000,-0.348555738045,-0.028982919739
73.765625000000,-0.357242308983,0.053124920419
73.781250000000,-0.363049156328,0.134208278303
73.796875000000,-0.365792555189,0.213624211308
73.812500000000,-0.365315543442,0.290748023273
73.828125000000,-0.361490213361,0.364978409486
73.843750000000,-0.354219736500,0.435742369487
73.859375000000,-0.343440097623,0.502499845836
73.875000000000,-0.329121516232,0.564748049699
73.890625000000,-0.311269537209,0.622025437032
73.906250000000,-0.289925775265,0.673915302472
73.921875000000,-0.265168301273,0.720048961602
73.937500000000,-0.237111662000,0.760108496082
73.953125000000,-0.205906528440,0.793829040192
73.968750000000,-0.171738971558,0.821000591523
73.984375000000,-0.134829368024,0.841469332924
74.000000000000,-0.095430942228,0.855138457248
74.015625000000,-0.053827954536,0.861968490951
74.031250000000,-0.010333549395,0.861977117101
74.046875000000,0.034712719622,0.855238502865
74.062500000000,0.080947667354,0.841882140933
74.078125000000,0.127987533512,0.822091218678
74.093750000000,0.175431291422,0.796100532994
74.109375000000,0.222864179650,0.764193972741
74.125000000000,0.269861424643,0.726701594475
74.140625000000,0.315992120340,0.683996320656
74.156250000000,0.360823228818,0.636490292723
74.171875000000,0.403923664518,0.584630914344
74.187500000000,0.444868423419,0.528896622700
74.203125000000,0.483242717690,0.469792427861
74.218750000000,0.518646075944,0.407845262146
74.234375000000,0.550696369132,0.343599182761
74.250000000000,0.579033722467,0.277610472048
74.265625000000,0.603324274470,0.210442680274
74.281250000000,0.623263745323,0.142661656077
74.296875000000,0.638580778210,0.074830609453
74.312500000000,0.649040019103,0.007505251542
74.328125000000,0.654444902683,-0.058770945605
74.343750000000,0.654640114531,-0.123471327484
74.359375000000,0.649513702569,-0.186090433915
74.375000000000,0.638998813790,-0.246148136328
74.390625000000,0.623075035651,-0.303193500309
74.406250000000,0.601769325081,-0.356808340966
74.421875000000,0.575156511755,-0.406610441757
74.437500000000,0.543359366247,-0.452256410809
74.453125000000,0.506548227623,-0.493444152293
74.468750000000,0.464940189177,-0.529914934212
74.484375000000,0.418797845144,-0.561455037839
74.500000000000,0.368427605347,-0.587896978074
74.515625000000,0.314177588858,-0.609120288055
74.531250000000,0.256435111782,-0.625051865513
74.546875000000,0.195623788184,-0.635665882436
74.562500000000,0.132200266937,-0.640983263705
74.578125000000,0.066650630878,-0.641070744341
74.593750000000,-0.000513512025,-0.636039518867
74.609375000000,-0.068759212673,-0.626043499997
74.625000000000,-0.137536604345,-0.611277207402
74.640625000000,-0.206283527606,-0.591973310568
74.656250000000,-0.274430316293,-0.568399852836
74.671875000000,-0.341404702478,-0.540857186457
74.687500000000,-0.406636796896,-0.509674650963
74.703125000000,-0.469564100270,-0.475207029301
74.718750000000,-0.529636500369,-0.437830817921
74.734375000000,-0.586321209418,-0.397940348501
74.750000000000,-0.639107596693,-0.355943799985
74.765625000000,-0.687511871766,-0.312259140341
74.781250000000,-0.731081574913,-0.267310037697
74.796875000000,-0.769399832641,-0.221521780449
74.812500000000,-0.802089338160,-0.175317245460
74.828125000000,-0.828816018829,-0.129112952619
74.843750000000,-0.849292355219,-0.083315242809
74.859375000000,-0.863280319353,-0.038316614815
74.875000000000,-0.870593902932,0.005507745242
74.890625000000,-0.871101209886,0.047803210521
74.906250000000,-0.864726091373,0.088238707203
74.921875000000,-0.851449305351,0.126509429213
74.937500000000,-0.831309187031,0.162339250736
74.953125000000,-0.804401820872,0.195482816544
74.968750000000,-0.770880709193,0.225727293541
74.984375000000,-0.730955937009,0.252893770389
75.000000000000,-0.684892837223,0.276838295739
75.015625000000,-0.633010164813,0.297452549225
75.031250000000,-0.575677793134,0.314664143097
75.046875000000,-0.513313949807,0.328436556084
75.062500000000,-0.446382013870,0.338768704703
75.078125000000,-0.375386899953,0.345694160849
75.093750000000,-0.300871059020,0.349280027915
75.109375000000,-0.223410128832,0.349625491081
75.125000000000,-0.143608270563,0.346860060473
75.140625000000,-0.062093230961,0.341141528905
75.156250000000,0.020488827888,0.332653668547
75.171875000000,0.103478686919,0.321603693339
75.187500000000,0.186209570381,0.308219516110
75.203125000000,0.268012740471,0.292746831195
75.218750000000,0.348223137621,0.275446054887
75.234375000000,0.426185017202,0.256589157216
75.250000000000,0.501257533221,0.236456419444
75.265625000000,0.572820219892,0.215333152083
75.281250000000,0.640278322672,0.193506408443
75.296875000000,0.703067931547,0.171261728458
75.312500000000,0.760660870917,0.148879946960
75.328125000000,0.812569302477,0.126634099690
75.343750000000,0.858349999859,0.104786459036
75.359375000000,0.897608256609,0.083585729949
75.375000000000,0.930001392214,0.063264434587
75.390625000000,0.955241824321,0.044036512104
75.406250000000,0.973099679091,0.026095157556
75.421875000000,0.983404915596,0.009610921253
75.437500000000,0.986048944446,-0.005269912972
75.453125000000,0.980985725243,-0.018426655167
75.468750000000,0.968232332006,-0.029765230084
75.484375000000,0.947868980443,-0.039218882503
75.500000000000,0.920038515623,-0.046748561487
75.515625000000,0.884945363412,-0.052342981463
75.531250000000,0.842853953749,-0.056018361423
75.546875000000,0.794086628513,-0.057817846979
75.562500000000,0.739021051301,-0.057810623358
75.578125000000,0.678087140869,-0.056090730683
75.593750000000,0.611763554172,-0.052775596012
75.609375000000,0.540573748988,-0.048004299618
75.625000000000,0.465081659822,-0.041935595745
75.640625000000,0.385887024207,-0.034745710687
75.656250000000,0.303620399683,-0.026625943349
75.671875000000,0.218937914422,-0.017780095537
75.687500000000,0.132515796879,-0.008421760985
75.703125000000,0.045044731809,0.001228496367
75.718750000000,-0.042775908475,0.010946043183
75.734375000000,-0.130243907620,0.020505124149
75.750000000000,-0.216660072869,0.029681822993
75.765625000000,-0.301334075943,0.038257003993
75.781250000000,-0.383590216573,0.046019201035
75.796875000000,-0.462773058723,0.052767421821
75.812500000000,-0.538252890744,0.058313835721
75.828125000000,-0.609430962215,0.062486314971
75.843750000000,-0.675744452281,0.065130800420
75.859375000000,-0.736671126623,0.066113464904
75.875000000000,-0.791733643054,0.065322649379
75.890625000000,-0.840503468774,0.062670549376
75.906250000000,-0.882604375873,0.058094631909
75.921875000000,-0.917715485324,0.051558765805
75.937500000000,-0.945573833817,0.043054051458
75.953125000000,-0.965976441945,0.032599339117
75.968750000000,-0.978781866723,0.020241428164
75.984375000000,-0.983911225988,0.006054943147
76.000000000000,-0.981348686877,-0.009858114194
76.015625000000,-0.971141415342,-0.027369134246
76.031250000000,-0.953398988415,-0.046323984102
76.046875000000,-0.928292275653,-0.066544397927
76.062500000000,-0.896051800871,-0.087829660342
76.078125000000,-0.856965599832,-0.109958566892
76.093750000000,-0.811376593957,-0.132691642634
76.109375000000,-0.759679504356,-0.155773597046
76.125000000000,-0.702317334448,-0.178935990819
76.140625000000,-0.639777453202,-0.201900087705
76.156250000000,-0.572587314419,-0.224379862484
76.171875000000,-0.501309850643,-0.246085134248
76.187500000000,-0.426538582972,-0.266724792686
76.203125000000,-0.348892490489,-0.286010083825
76.218750000000,-0.269010684946,-0.303657920838
76.234375000000,-0.187546937951,-0.319394184956
76.250000000000,-0.105164109002,-0.332956981394
76.265625000000,-0.022528523444,-0.344099815351
76.281250000000,0.059695650361,-0.352594653693
76.296875000000,0.140851975507,-0.358234838827
76.312500000000,0.220297224173,-0.360837822484
76.328125000000,0.297406710980,-0.360247688752
76.343750000000,0.371579436128,-0.356337437516
76.359375000000,0.442242994266,-0.349011001738
76.375000000000,0.508858207317,-0.338204974426
76.390625000000,0.570923442160,-0.323890023909
76.406250000000,0.627978577025,-0.306071979006
76.421875000000,0.679608583795,-0.284792568832
76.437500000000,0.725446696980,-0.260129805369
76.453125000000,0.765177143970,-0.232198000390
76.468750000000,0.798537415227,-0.201147411959
76.484375000000,0.825320057281,-0.167163519380
76.500000000000,0.845373975793,-0.130465929199
76.515625000000,0.858605240353,-0.091306918585
76.531250000000,0.864977387238,-0.049969626069
76.546875000000,0.864511220842,-0.006765903274
76.562500000000,0.857284118991,0.037966155278
76.578125000000,0.843428851802,0.083864983789
76.593750000000,0.823131928011,0.130548594600
76.609375000000,0.796631486911,0.177617878760
76.625000000000,0.764214757974,0.224660128385
76.640625000000,0.726215114003,0.271252748971
76.656250000000,0.683008747172,0.316967127647
76.671875000000,0.635011000487,0.361372621503
76.687500000000,0.582672390126,0.404040628582
76.703125000000,0.526474356665,0.444548702972
76.718750000000,0.466924785370,0.482484674617
76.734375000000,0.404553337579,0.517450734041
76.750000000000,0.339906636578,0.549067442113
76.765625000000,0.273543352403,0.576977625355
76.781250000000,0.206029230605,0.600850117971
76.796875000000,0.137932110153,0.620383312904
76.812500000000,0.069816975446,0.635308485701
76.828125000000,0.002241086734,0.645392856784
76.843750000000,-0.064250767803,0.650442359911
76.859375000000,-0.129130856540,0.650304087104
76.875000000000,-0.191892885471,0.644868383140
76.890625000000,-0.252056138093,0.634070565774
76.906250000000,-0.309169338834,0.617892251187
76.921875000000,-0.362814207622,0.596362267735
76.937500000000,-0.412608676260,0.569557144780
76.953125000000,-0.458209740687,0.537601167317
76.968750000000,-0.499315926741,0.500665991080
76.984375000000,-0.535669350843,0.458969816944
77.000000000000,-0.567057360926,0.412776127534
77.015625000000,-0.593313746945,0.362391993124
77.031250000000,-0.614319514406,0.308165957959
77.046875000000,-0.630003218501,0.250485522211
77.062500000000,-0.640340860519,0.189774238638
77.078125000000,-0.645355352304,0.126488446789
77.093750000000,-0.645115558515,0.061113671184
77.109375000000,-0.639734930317,-0.005839286797
77.125000000000,-0.629369747830,-0.073838530464
77.140625000000,-0.614216992207,-0.142335487155
77.156250000000,-0.594511871481,-0.210769527240
77.171875000000,-0.570525027401,-0.278572742494
77.187500000000,-0.542559453196,-0.345174841776
77.203125000000,-0.510947154713,-0.410008120526
77.218750000000,-0.476045589445,-0.472512459589
77.234375000000,-0.438233919818,-0.532140308249
77.250000000000,-0.397909118464,-0.588361606199
77.265625000000,-0.355481964301,-0.640668599344
77.281250000000,-0.311372968897,-0.688580505029
77.296875000000,-0.266008272886,-0.731647983301
77.312500000000,-0.219815552096,-0.769457372307
77.328125000000,-0.173219972590,-0.801634647760
77.343750000000,-0.126640232953,-0.827849068668
77.359375000000,-0.080484730944,-0.847816474104
77.375000000000,-0.035147890068,-0.861302198737
77.390625000000,0.008993320270,-0.868123578089
77.406250000000,0.051582639598,-0.868152018027
77.421875000000,0.092287517239,-0.861314606768
77.437500000000,0.130801833039,-0.847595251698
77.453125000000,0.166848314760,-0.827035327487
77.468750000000,0.200180632183,-0.799733826303
77.484375000000,0.230585151286,-0.765847005390
77.500000000000,0.257882335434,-0.725587531767
77.515625000000,0.281927784080,-0.679223128319
77.531250000000,0.302612903184,-0.627074730104
77.546875000000,0.319865205266,-0.569514164095
77.562500000000,0.333648240712,-0.506961369983
77.578125000000,0.343961165602,-0.439881183848
77.593750000000,0.350837954941,-0.368779710546
77.609375000000,0.354346273603,-0.294200314469
77.625000000000,0.354586020673,-0.216719261921
77.640625000000,0.351687565967,-0.136941051606
77.656250000000,0.345809700479,-0.055493472689
77.671875000000,0.337137325186,0.026977567477
77.687500000000,0.325878905086,0.109813401644
77.703125000000,0.312263717490,0.192348100798
77.718750000000,0.296538925432,0.273914064498
77.734375000000,0.278966508592,0.353847654802
77.750000000000,0.259820085305,0.431494824534
77.765625000000,0.239381660071,0.506216690545
77.781250000000,0.217938331484,0.577395002899
77.796875000000,0.195778995592,0.644437461660
77.812500000000,0.173191079528,0.706782834164
77.828125000000,0.150457339622,0.763905827219
77.843750000000,0.127852757331,0.815321670764
77.859375000000,0.105641565019,0.860590371874
77.875000000000,0.084074432092,0.899320600843
77.890625000000,0.063385840068,0.931173174199
77.906250000000,0.043791673041,0.955864102964
77.921875000000,0.025487047529,0.973167178274
77.937500000000,0.008644403088,0.982916070443
77.953125000000,-0.006588127844,0.985005921842
77.968750000000,-0.020088055406,0.979394418366
77.984375000000,-0.031759560831,0.966102328853
78.000000000000,-0.041534209078,0.945213506469
78.015625000000,-0.049371339995,0.916874350863
78.031250000000,-0.055258135893,0.881292734592
78.046875000000,-0.059209366823,0.838736402100
78.062500000000,-0.061266818294,0.789530854187
78.078125000000,-0.061498409490,0.734056735447
78.093750000000,-0.059997013346,0.672746746587
78.109375000000,-0.056878992959,0.606082107750
78.125000000000,-0.052282471789,0.534588602943
78.140625000000,-0.046365357922,0.458832239402
78.156250000000,-0.039303145217,0.379414559172
78.171875000000,-0.031286516502,0.296967643233
78.187500000000,-0.022518776076,0.212148851289
78.203125000000,-0.013213140518,0.125635342656
78.218750000000,-0.003589918321,0.038118425650
78.234375000000,0.006126389990,-0.049702215586
78.250000000000,0.015710038768,-0.137124366804
78.265625000000,0.024936998185,-0.223449151258
78.281250000000,0.033587896095,-0.307986868314
78.296875000000,0.041450907855,-0.390062752478
78.312500000000,0.048324561742,-0.469022602942
78.328125000000,0.054020428445,-0.544238234907
78.343750000000,0.058365664318,-0.615112705528
78.359375000000,0.061205379647,-0.681085269359
78.375000000000,0.062404804952,-0.741636020541
78.390625000000,0.061851230512,-0.796290181823
78.406250000000,0.059455696639,-0.844622003593
78.421875000000,0.055154414859,-0.886258239614
78.437500000000,0.048909902954,-0.920881169890
78.453125000000,0.040711819869,-0.948231145138
78.468750000000,0.030577489602,-0.968108631561
78.484375000000,0.018552106514,-0.980375739077
78.500000000000,0.004708617828,-0.984957220710
78.515625000000,-0.010852717450,-0.981840935560
78.531250000000,-0.028005090551,-0.971077772466
78.546875000000,-0.046596219812,-0.952781036276
78.562500000000,-0.066449732956,-0.927125303350
78.578125000000,-0.087366842014,-0.894344757587
78.593750000000,-0.109128294995,-0.854731022827
78.609375000000,-0.131496585358,-0.808630511884
78.625000000000,-0.154218397505,-0.756441316673
78.640625000000,-0.177027263914,-0.698609667891
78.656250000000,-0.199646407098,-0.635625996421
78.671875000000,-0.221791737506,-0.568020632060
78.687500000000,-0.243174976605,-0.496359178270
78.703125000000,-0.263506872868,-0.421237604397
78.718750000000,-0.282500477188,-0.343277099144
78.734375000000,-0.299874443358,-0.263118731101
78.750000000000,-0.315356318741,-0.181417963612
78.765625000000,-0.328685790072,-0.098839072459
78.781250000000,-0.339617849526,-0.016049515445
78.796875000000,-0.347925846732,0.066285696728
78.812500000000,-0.353404393279,0.147509579150
78.828125000000,-0.355872087538,0.226978652446
78.843750000000,-0.355174029158,0.304068276143
78.859375000000,-0.351184094514,0.378177789717
78.875000000000,-0.343806946556,0.448735417319
78.890625000000,-0.332979755009,0.515202894446
78.906250000000,-0.318673605586,0.577079777497
78.921875000000,-0.300894579863,0.633907400177
78.937500000000,-0.279684490636,0.685272443997
78.953125000000,-0.255121260913,0.730810093767
78.968750000000,-0.227318938212,0.770206752765
78.984375000000,-0.196427339400,0.803202296397
79.000000000000,-0.162631325025,0.829591847329
79.015625000000,-0.126149705748,0.849227059487
79.031250000000,-0.087233787247,0.862016902764
79.046875000000,-0.046165563592,0.867927944790
79.062500000000,-0.003255572733,0.866984130646
79.078125000000,0.041159568793,0.859266065908
79.093750000000,0.086719931456,0.844909812821
79.109375000000,0.133045314998,0.824105213726
79.125000000000,0.179738540729,0.797093760016
79.140625000000,0.226388964542,0.764166028883
79.156250000000,0.272576178825,0.725658713862
79.171875000000,0.317873869313,0.681951278670
79.187500000000,0.361853791049,0.633462267053
79.203125000000,0.404089826117,0.580645304228
79.218750000000,0.444162084653,0.523984828079
79.234375000000,0.481661009813,0.463991590410
79.250000000000,0.516191446984,0.401197970404
79.265625000000,0.547376637467,0.336153143815
79.281250000000,0.574862097212,0.269418152417
79.296875000000,0.598319341895,0.201560918843
79.312500000000,0.617449420763,0.133151252066
79.328125000000,0.631986223119,0.064755888563
79.343750000000,0.641699523175,-0.003066386473
79.359375000000,0.646397731181,-0.069769494614
79.375000000000,0.645930321223,-0.134824654516
79.390625000000,0.640189908903,-0.197724767121
79.406250000000,0.629113955212,-0.257988557948
79.421875000000,0.612686076192,-0.315164441217
79.437500000000,0.590936941609,-0.368834073430
79.453125000000,0.563944749511,-0.418615567097
79.468750000000,0.531835267519,-0.464166338734
79.484375000000,0.494781435639,-0.505185568820
79.500000000000,0.453002529526,-0.541416255175
79.515625000000,0.406762887191,-0.572646845169
79.531250000000,0.356370206347,-0.598712436191
79.546875000000,0.302173423607,-0.619495537907
79.562500000000,0.244560190800,-0.634926393970
79.578125000000,0.183953967568,-0.644982864997
79.593750000000,0.120810753130,-0.649689878670
79.609375000000,0.055615483670,-0.649118456838
79.625000000000,-0.011121874859,-0.643384333367
79.640625000000,-0.078870505655,-0.632646180202
79.656250000000,-0.147083156064,-0.617103462604
79.671875000000,-0.215200750512,-0.596993947864
79.687500000000,-0.282657161117,-0.572590894806
79.703125000000,-0.348884093931,-0.544199954166
79.718750000000,-0.413316047386,-0.512155812377
79.734375000000,-0.475395298488,-0.476818613442
79.750000000000,-0.534576871736,-0.438570195332
79.765625000000,-0.590333445544,-0.397810178763
79.781250000000,-0.642160151194,-0.354951947280
79.796875000000,-0.689579219969,-0.310418558212
79.812500000000,-0.732144435243,-0.264638624352
79.828125000000,-0.769445347703,-0.218042206118
79.843750000000,-0.801111213813,-0.171056753462
79.859375000000,-0.826814619820,-0.124103135923
79.875000000000,-0.846274756259,-0.077591798008
79.890625000000,-0.859260310809,-0.031919075509
79.906250000000,-0.865591950638,0.012536293556
79.921875000000,-0.865144368897,0.055416431888
79.937500000000,-0.857847873829,0.096387330795
79.953125000000,-0.843689502933,0.135141576791
79.968750000000,-0.822713648847,0.171400773761
79.984375000000,-0.795022187919,0.204917640669
80.000000000000,-0.760774106898,0.235477768255
80.015625000000,-0.720184627633,0.262901021606
80.031250000000,-0.673523834252,0.287042579169
80.046875000000,-0.621114811745,0.307793602432
80.062500000000,-0.563331309339,0.325081534215
80.078125000000,-0.500594946419,0.338870027234
80.093750000000,-0.433371982903,0.349158508271
80.109375000000,-0.362169680053,0.355981386852
80.125000000000,-0.287532281468,0.359406920835
80.140625000000,-0.210036647582,0.359535754615
80.156250000000,-0.130287580239,0.356499148815
80.171875000000,-0.048912876872,0.350456923258
80.187500000000,0.033441843596,0.341595137726
80.203125000000,0.116118498767,0.330123537448
80.218750000000,0.198452038516,0.316272792386
80.234375000000,0.279776030850,0.300291561283
80.250000000000,0.359428289257,0.282443412894
80.265625000000,0.436756492362,0.263003638072
80.281250000000,0.511123746561,0.242255987164
80.296875000000,0.581914042659,0.220489367705
80.312500000000,0.648537558251,0.197994537479
80.328125000000,0.710435758826,0.175060827844
80.343750000000,0.767086252153,0.151972931589
80.359375000000,0.818007352598,0.129007788682
80.375000000000,0.862762314389,0.106431602042
80.390625000000,0.900963195715,0.084497013815
80.406250000000,0.932274318652,0.063440470839
80.421875000000,0.956415293417,0.043479805737
80.437500000000,0.973163579205,0.024812057702
80.453125000000,0.982356557904,0.007611554356
80.468750000000,0.983893101219,-0.007971726806
80.484375000000,0.977734616171,-0.021813501921
80.500000000000,0.963905558522,-0.033816216925
80.515625000000,0.942493408348,-0.043909767445
80.531250000000,0.913648106718,-0.052051896796
80.546875000000,0.877580957197,-0.058228269985
80.562500000000,0.834563000634,-0.062452224972
80.578125000000,0.784922876332,-0.064764205944
80.593750000000,0.729044187276,-0.065230886646
80.609375000000,0.667362391482,-0.063943995136
80.625000000000,0.600361245747,-0.061018854418
80.640625000000,0.528568832044,-0.056592656447
80.656250000000,0.452553200543,-0.050822489731
80.671875000000,0.372917666633,-0.043883143394
80.687500000000,0.290295802414,-0.035964712851
80.703125000000,0.205346165839,-0.027270034346
80.718750000000,0.118746813051,-0.018011977369
80.734375000000,0.031189641363,-0.008410625477
80.750000000000,-0.056625388136,0.001309622846
80.765625000000,-0.143996098285,0.010923000771
80.781250000000,-0.230223963206,0.020205334167
80.796875000000,-0.314619944422,0.028936983992
80.812500000000,-0.396510245172,0.036905737068
80.828125000000,-0.475241933056,0.043909612878
80.843750000000,-0.550188382318,0.049759554864
80.859375000000,-0.620754488702,0.054281975920
80.875000000000,-0.686381611801,0.057321129318
80.890625000000,-0.746552202279,0.058741278116
80.906250000000,-0.800794074142,0.058428638210
80.921875000000,-0.848684285375,0.056293072576
80.937500000000,-0.889852593767,0.052269516843
80.953125000000,-0.923984458503,0.046319119180
80.968750000000,-0.950823562149,0.038430080462
80.984375000000,-0.970173831907,0.028618183861
81.000000000000,-0.981900943447,0.016927006273
81.015625000000,-0.985933295230,0.003427807367
81.031250000000,-0.982262445883,-0.011780904549
81.046875000000,-0.970943011981,-0.028574127189
81.062500000000,-0.952092028291,-0.046801433419
81.078125000000,-0.925887777318,-0.066288345422
81.093750000000,-0.892568099638,-0.086838001159
81.109375000000,-0.852428201030,-0.108233097242
81.125000000000,-0.805817976876,-0.130238089305
81.140625000000,-0.753138878448,-0.152601628125
81.156250000000,-0.694840349715,-0.175059207134
81.171875000000,-0.631415867008,-0.197335994554
81.187500000000,-0.563398617293,-0.219149821305
81.203125000000,-0.491356853898,-0.240214293971
81.218750000000,-0.415888971249,-0.260242000592
81.234375000000,-0.337618342566,-0.278947775856
81.250000000000,-0.257187966369,-0.296051991381
81.265625000000,-0.175254969219,-0.311283836265
81.281250000000,-0.092485013209,-0.324384552916
81.296875000000,-0.009546657392,-0.335110593333
81.312500000000,0.072894277458,-0.343236661608
81.328125000000,0.154180291546,-0.348558609237
81.343750000000,0.233667687700,-0.350896151141
81.359375000000,0.310731904536,-0.350095371819
81.375000000000,0.384772655207,-0.346030992969
81.390625000000,0.455218827765,-0.338608376102
81.406250000000,0.521533105460,-0.327765236153
81.421875000000,0.583216267966,-0.313473044822
81.437500000000,0.639811137575,-0.295738105346
81.453125000000,0.690906137696,-0.274602283586
81.468750000000,0.736138434659,-0.250143383631
81.484375000000,0.775196637620,-0.222475159641
81.500000000000,0.807823035493,-0.191746959217
81.515625000000,0.833815354048,-0.158142997270
81.531250000000,0.853028020684,-0.121881263054
81.546875000000,0.865372928890,-0.083212066751
81.562500000000,0.870819698884,-0.042416235626
81.578125000000,0.869395435489,0.000197026585
81.593750000000,0.861183988787,0.044292599945
81.609375000000,0.846324727515,0.089512207765
81.625000000000,0.825010839499,0.135477451602
81.640625000000,0.797487177565,0.181793095205
81.656250000000,0.764047673362,0.228050568100
81.671875000000,0.725032345250,0.273831657035
81.687500000000,0.680823929935,0.318712351381
81.703125000000,0.631844170687,0.362266806687
81.718750000000,0.578549797908,0.404071389139
81.734375000000,0.521428240314,0.443708762474
81.750000000000,0.460993107208,0.480771978114
81.765625000000,0.397779484076,0.514868528897
81.781250000000,0.332339085166,0.545624326706
81.796875000000,0.265235307686,0.572687564685
81.812500000000,0.197038232812,0.595732425440
81.828125000000,0.128319618875,0.614462597741
81.843750000000,0.059647931814,0.628614565732
81.859375000000,-0.008416542694,0.637960636475
81.875000000000,-0.075326462099,0.642311673867
81.890625000000,-0.140552022985,0.641519509437
81.906250000000,-0.203585350222,0.635479003367
81.921875000000,-0.263944641486,0.624129732166
81.937500000000,-0.321178031897,0.607457282717
81.953125000000,-0.374867146411,0.585494136038
81.968750000000,-0.424630310705,0.558320127755
81.984375000000,-0.470125394712,0.526062476242
82.000000000000,-0.511052266562,0.488895373337
82.015625000000,-0.547154838459,0.447039136653
82.031250000000,-0.578222689970,0.400758926596
82.046875000000,-0.604092258251,0.350363035354
82.062500000000,-0.624647588829,0.296200759166
82.078125000000,-0.639820644712,0.238659869215
82.093750000000,-0.649591175736,0.178163700352
82.109375000000,-0.653986154128,0.115167880614
82.125000000000,-0.653078786283,0.050156728018
82.140625000000,-0.646987114613,-0.016360655535
82.156250000000,-0.635872227058,-0.083854560377
82.171875000000,-0.619936095352,-0.151779079548
82.187500000000,-0.599419066468,-0.219576715501
82.203125000000,-0.574597034672,-0.286683142795
82.218750000000,-0.545778324398,-0.352532084767
82.234375000000,-0.513300316613,-0.416560260788
82.250000000000,-0.477525853435,-0.478212359718
82.265625000000,-0.438839457584,-0.536945994601
82.281250000000,-0.397643404622,-0.592236593463
82.296875000000,-0.354353686998,-0.643582181318
82.312500000000,-0.309395909573,-0.690508009179
82.328125000000,-0.263201156570,-0.732570986906
82.343750000000,-0.216201869773,-0.769363878245
82.359375000000,-0.168827777327,-0.800519218267
82.375000000000,-0.121501911603,-0.825712915669
82.390625000000,-0.074636753364,-0.844667505032
82.406250000000,-0.028630537890,-0.857155017041
82.421875000000,0.016136243201,-0.862999437973
82.437500000000,0.059304112933,-0.862078733278
82.453125000000,0.100537623748,-0.854326413861
82.468750000000,0.139528089891,-0.839732627706
82.484375000000,0.175996014181,-0.818344763639
82.500000000000,0.209693189217,-0.790267558397
82.515625000000,0.240404456413,-0.755662702555
82.531250000000,0.267949109814,-0.714747945408
82.546875000000,0.292181935247,-0.667795703382
82.562500000000,0.312993879088,-0.615131181084
82.578125000000,0.330312344617,-0.557130018497
82.593750000000,0.344101117662,-0.494215482200
82.609375000000,0.354359926917,-0.426855222666
82.625000000000,0.361123647893,-0.355557623691
82.640625000000,0.364461162948,-0.280867773835
82.656250000000,0.364473893179,-0.203363093258
82.671875000000,0.361294021089,-0.123648652591
82.687500000000,0.355082425906,-0.042352223453
82.703125000000,0.346026356116,0.039880897261
82.718750000000,0.334336866214,0.122393244905
82.734375000000,0.320246046833,0.204520680246
82.750000000000,0.304004079245,0.285597970635
82.765625000000,0.285876146760,0.364964410591
82.781250000000,0.266139236729,0.441969432646
82.796875000000,0.245078867694,0.515978159189
82.812500000000,0.222985776710,0.586376846377
82.828125000000,0.200152602000,0.652578171955
82.843750000000,0.176870595859,0.714026320048
82.859375000000,0.153426402154,0.770201817604
82.875000000000,0.130098931826,0.820626079248
82.890625000000,0.107156368559,0.864865619709
82.906250000000,0.084853335167,0.902535895842
82.921875000000,0.063428249385,0.933304743400
82.937500000000,0.043100895580,0.956895377224
82.953125000000,0.024070236447,0.973088927266
82.968750000000,0.006512486116,0.981726486929
82.984375000000,-0.009420536797,0.982710654434
83.000000000000,-0.023602760706,0.976006552370
83.015625000000,-0.035934904845,0.961642315161
83.031250000000,-0.046345206351,0.939709038865
83.046875000000,-0.054789825050,0.910360192454
83.062500000000,-0.061252923790,0.873810494478
83.078125000000,-0.065746425612,0.830334263752
83.093750000000,-0.068309452466,0.780263257353
83.109375000000,-0.069007453554,0.723984013760
83.125000000000,-0.067931034623,0.661934723381
83.140625000000,-0.065194502710,0.594601652879
83.156250000000,-0.060934143782,0.522515153711
83.171875000000,-0.055306253548,0.446245288975
83.187500000000,-0.048484944270,0.366397116071
83.203125000000,-0.040659752750,0.283605665746
83.218750000000,-0.032033076742,0.198530660807
83.234375000000,-0.022817468804,0.111851020103
83.250000000000,-0.013232818117,0.024259195319
83.265625000000,-0.003503451919,-0.063544610418
83.281250000000,0.006144810929,-0.150858292011
83.296875000000,0.015487621282,-0.236983709274
83.312500000000,0.024305042793,-0.321232520336
83.328125000000,0.032384443835,-0.402931931028
83.343750000000,0.039523305850,-0.481430310410
83.359375000000,0.045531916617,-0.556102623819
83.375000000000,0.050235918162,-0.626355636414
83.390625000000,0.053478680503,-0.691632842250
83.406250000000,0.055123474311,-0.751419076345
83.421875000000,0.055055417646,-0.805244770026
83.437500000000,0.053183174295,-0.852689813007
83.453125000000,0.049440383882,-0.893386989154
83.468750000000,0.043786806701,-0.927024956664
83.484375000000,0.036209169262,-0.953350747443
83.500000000000,0.026721699678,-0.972171764725
83.515625000000,0.015366345293,-0.983357262429
83.531250000000,0.002212668351,-0.986839294315
83.546875000000,-0.012642581125,-0.982613125733
83.562500000000,-0.029076212594,-0.970737105453
83.578125000000,-0.046939656352,-0.951331999871
83.593750000000,-0.066060329568,-0.924579796593
83.609375000000,-0.086243294267,-0.890721989069
83.625000000000,-0.107273191424,-0.850057358498
83.640625000000,-0.128916432251,-0.802939273628
83.656250000000,-0.150923624983,-0.749772533263
83.671875000000,-0.173032212820,-0.691009780279
83.687500000000,-0.194969296297,-0.627147519642
83.703125000000,-0.216454611282,-0.558721776334
83.718750000000,-0.237203631904,-0.486303432169
83.734375000000,-0.256930766259,-0.410493283206
83.750000000000,-0.275352611488,-0.331916861789
83.765625000000,-0.292191233984,-0.251219069216
83.781250000000,-0.307177439962,-0.169058666509
83.796875000000,-0.320054001445,-0.086102671910
83.812500000000,-0.330578802931,-0.003020714327
83.828125000000,-0.338527874521,0.079520607809
83.843750000000,-0.343698278220,0.160863313051
83.859375000000,-0.345910815320,0.240363520282
83.875000000000,-0.345012524388,0.317396781451
83.890625000000,-0.340878941245,0.391363217815
83.906250000000,-0.333416094531,0.461692415727
83.921875000000,-0.322562212908,0.527848040342
83.937500000000,-0.308289122720,0.589332128298
83.953125000000,-0.290603317854,0.645689023494
83.968750000000,-0.269546686730,0.696508923388
83.984375000000,-0.245196884715,0.741431006903
84.000000000000,-0.217667343682,0.780146118881
84.015625000000,-0.187106914083,0.812398990109
84.031250000000,-0.153699138534,0.837989976197
84.046875000000,-0.117661159608,0.856776302976
84.062500000000,-0.079242268248,0.868672810543
84.078125000000,-0.038722102860,0.873652192649
84.093750000000,0.003591487272,0.871744732598
84.109375000000,0.047364897101,0.863037541404
84.125000000000,0.092241519008,0.847673308310
84.140625000000,0.137844770433,0.825848578148
84.156250000000,0.183781369379,0.797811574145
84.171875000000,0.229644828485,0.763859588759
84.187500000000,0.275019135952,0.724335968894
84.203125000000,0.319482589430,0.679626725297
84.218750000000,0.362611747146,0.630156799160
84.234375000000,0.403985459060,0.576386021823
84.250000000000,0.443188939682,0.518804805981
84.265625000000,0.479817843383,0.457929609016
84.281250000000,0.513482302663,0.394298210803
84.296875000000,0.543810889778,0.328464849755
84.312500000000,0.570454462487,0.260995261858
84.328125000000,0.593089855443,0.192461667964
84.343750000000,0.611423379846,0.123437754802
84.359375000000,0.625194095464,0.054493694853
84.375000000000,0.634176820989,-0.013808750452
84.390625000000,0.638184850856,-0.080921000827
84.406250000000,0.637072349182,-0.146312258653
84.421875000000,0.630736394273,-0.209473901916
84.437500000000,0.619118650252,-0.269923630765
84.453125000000,0.602206645661,-0.327209332480
84.468750000000,0.580034642484,-0.380912632475
84.484375000000,0.552684082713,-0.430652102146
84.500000000000,0.520283603531,-0.476086097746
84.515625000000,0.483008616121,-0.516915208105
84.531250000000,0.441080447222,-0.552884292800
84.546875000000,0.394765046660,-0.583784096328
84.562500000000,0.344371268177,-0.609452427885
84.578125000000,0.290248734981,-0.629774900482
84.593750000000,0.232785305407,-0.644685227257
84.609375000000,0.172404157975,-0.654165077012
84.625000000000,0.109560518854,-0.658243495059
84.640625000000,0.044738058253,-0.656995899497
84.656250000000,-0.021555014391,-0.650542666903
84.671875000000,-0.088790123547,-0.639047325140
84.687500000000,-0.156422733373,-0.622714374512
84.703125000000,-0.223896948032,-0.601786761805
84.718750000000,-0.290650266322,-0.576543034782
84.734375000000,-0.356118448631,-0.547294207452
84.750000000000,-0.419740452877,-0.514380368913
84.765625000000,-0.480963395117,-0.478167070652
84.781250000000,-0.539247489908,-0.439041528983
84.796875000000,-0.594070925395,-0.397408680697
84.812500000000,-0.644934628314,-0.353687131042
84.828125000000,-0.691366874801,-0.308305033807
84.843750000000,-0.732927703980,-0.261695943525
84.859375000000,-0.769213092781,-0.214294679737
84.875000000000,-0.799858852357,-0.166533242706
84.890625000000,-0.824544208685,-0.118836819137
84.906250000000,-0.842995032596,-0.071619915185
84.921875000000,-0.854986687414,-0.025282652463
84.937500000000,-0.860346465640,0.019792739178
84.953125000000,-0.858955589689,0.063245200553
84.968750000000,-0.850750755444,0.104737864721
84.984375000000,-0.835725201437,0.143960795003
85.000000000000,-0.813929290621,0.180633416256
85.015625000000,-0.785470596053,0.214506619414
85.031250000000,-0.750513486225,0.245364522719
85.046875000000,-0.709278210265,0.273025876615
85.062500000000,-0.662039487767,0.297345102877
85.078125000000,-0.609124612473,0.318212962289
85.093750000000,-0.550911083481,0.335556848881
85.109375000000,-0.487823781963,0.349340712471
85.125000000000,-0.420331715579,0.359564614953
85.140625000000,-0.348944356742,0.366263929323
85.156250000000,-0.274207604710,0.369508193972
85.171875000000,-0.196699404969,0.369399638068
85.187500000000,-0.117025062635,0.366071397023
85.203125000000,-0.035812289500,0.359685439968
85.218750000000,0.046293973062,0.350430233882
85.234375000000,0.128636910932,0.338518171435
85.250000000000,0.210553327610,0.324182791781
85.265625000000,0.291379220501,0.307675825356
85.281250000000,0.370455394536,0.289264095287
85.296875000000,0.447133064029,0.269226309168
85.312500000000,0.520779393546,0.247849775818
85.328125000000,0.590782928920,0.225427082119
85.343750000000,0.656558870364,0.202252765129
85.359375000000,0.717554140799,0.178620014471
85.375000000000,0.773252204234,0.154817439379
85.390625000000,0.823177591030,0.131125933876
85.406250000000,0.866900089398,0.107815672271
85.421875000000,0.904038565256,0.085143265594
85.437500000000,0.934264375784,0.063349107688
85.453125000000,0.957304345486,0.042654937494
85.468750000000,0.972943277377,0.023261641653
85.484375000000,0.981025975925,0.005347318863
85.500000000000,0.981458762665,-0.010934375452
85.515625000000,0.974210469811,-0.025455588643
85.531250000000,0.959312901804,-0.038115322200
85.546875000000,0.936860759392,-0.048840165980
85.562500000000,0.907011025574,-0.057584709704
85.578125000000,0.869981817516,-0.064331629548
85.593750000000,0.826050713234,-0.069091451122
85.609375000000,0.775552566539,-0.071901993532
85.625000000000,0.718876828217,-0.072827502609
85.640625000000,0.656464395878,-0.071957484628
85.656250000000,0.588804019019,-0.069405255014
85.671875000000,0.516428289873,-0.065306219488
85.687500000000,0.439909254268,-0.059815907924
85.703125000000,0.359853680109,-0.053107783761
85.718750000000,0.276898024181,-0.045370854129
85.734375000000,0.191703140630,-0.036807107964
85.750000000000,0.104948776812,-0.027628811126
85.765625000000,0.017327904106,-0.018055689035
85.781250000000,-0.070459067254,-0.008312028502
85.796875000000,-0.157710139203,0.001376268747
85.812500000000,-0.243727592031,0.010784647869
85.828125000000,-0.327823814853,0.019692844882
85.843750000000,-0.409327049851,0.027887779891
85.859375000000,-0.487587000474,0.035166367166
85.875000000000,-0.561980255035,0.041338210572
85.890625000000,-0.631915478755,0.046228154032
85.906250000000,-0.696838329362,0.049678658276
85.921875000000,-0.756236053822,0.051551976896
85.937500000000,-0.809641726585,0.051732106912
85.953125000000,-0.856638092948,0.050126491351
85.968750000000,-0.896860984600,0.046667454010
85.984375000000,-0.930002278262,0.041313349365
86.000000000000,-0.955812372329,0.034049413596
86.015625000000,-0.974102160756,0.024888305862
86.031250000000,-0.984744487833,0.013870332225
86.046875000000,-0.987675072122,0.001063348000
86.062500000000,-0.982892892495,-0.013437662288
86.078125000000,-0.970460033996,-0.029511324729
86.093750000000,-0.950500995971,-0.047010929570
86.109375000000,-0.923201469687,-0.065765789101
86.125000000000,-0.888806597282,-0.085582887171
86.140625000000,-0.847618728467,-0.106248804496
86.156250000000,-0.799994695773,-0.127531900899
86.171875000000,-0.746342633347,-0.149184732795
86.187500000000,-0.687118368249,-0.170946681609
86.203125000000,-0.622821416919,-0.192546766458
86.218750000000,-0.553990622868,-0.213706612302
86.234375000000,-0.481199474714,-0.234143542940
86.250000000000,-0.405051146397,-0.253573766721
86.265625000000,-0.326173303732,-0.271715621626
86.281250000000,-0.245212723385,-0.288292845529
86.296875000000,-0.162829771866,-0.303037836911
86.312500000000,-0.079692793197,-0.315694871162
86.328125000000,0.003527545421,-0.326023237771
86.343750000000,0.086163900459,-0.333800264256
86.359375000000,0.167557842172,-0.338824193610
86.375000000000,0.247065339427,-0.340916883225
86.390625000000,0.324062091809,-0.339926294899
86.406250000000,0.397948663137,-0.335728747345
86.421875000000,0.468155372454,-0.328230904892
86.437500000000,0.534146900934,-0.317371478482
86.453125000000,0.595426575807,-0.303122617819
86.468750000000,0.651540295504,-0.285490976510
86.484375000000,0.702080063552,-0.264518435154
86.500000000000,0.746687102391,-0.240282470732
86.515625000000,0.785054522179,-0.212896164072
86.531250000000,0.816929523726,-0.182507840800
86.546875000000,0.842115118994,-0.149300344799
86.562500000000,0.860471356939,-0.113489946931
86.578125000000,0.871916047010,-0.075324895434
86.593750000000,0.876424977129,-0.035083618084
86.609375000000,0.874031627509,0.006927410211
86.625000000000,0.864826386182,0.050376117261
86.640625000000,0.848955276568,0.094907580403
86.656250000000,0.826618211667,0.140147046677
86.671875000000,0.798066793695,0.185703199784
86.687500000000,0.763601681902,0.231171644590
86.703125000000,0.723569555061,0.276138577457
86.718750000000,0.678359698630,0.320184608577
86.734375000000,0.628400249734,0.362888700640
86.750000000000,0.574154136012,0.403832186671
86.765625000000,0.516114746903,0.442602828739
86.781250000000,0.454801378075,0.478798878469
86.796875000000,0.390754491506,0.512033099875
86.812500000000,0.324530835086,0.541936715011
86.828125000000,0.256698466579,0.568163233327
86.843750000000,0.187831727316,0.590392126312
86.859375000000,0.118506211152,0.608332310180
86.875000000000,0.049293773895,0.621725400815
86.890625000000,-0.019242372271,0.630348707035
86.906250000000,-0.086552435959,0.634017930451
86.921875000000,-0.152104653449,0.632589542682
86.937500000000,-0.215389685229,0.625962813491
86.953125000000,-0.275924764416,0.614081466531
86.968750000000,-0.333257561850,0.596934942666
86.984375000000,-0.386969735530,0.574559254429
87.000000000000,-0.436680135215,0.547037418873
87.015625000000,-0.482047636438,0.514499459975
87.031250000000,-0.522773581809,0.477121975736
87.046875000000,-0.558603811268,0.435127269183
87.062500000000,-0.589330266942,0.388782046605
87.078125000000,-0.614792162283,0.338395690435
87.093750000000,-0.634876709317,0.284318118268
87.109375000000,-0.649519401971,0.226937243504
87.125000000000,-0.658703857610,0.166676056931
87.140625000000,-0.662461222994,0.103989352328
87.156250000000,-0.660869154887,0.039360122651
87.171875000000,-0.654050389423,-0.026704343320
87.187500000000,-0.642170918066,-0.093676630947
87.203125000000,-0.625437791512,-0.161013600664
87.218750000000,-0.604096576205,-0.228160981744
87.234375000000,-0.578428491145,-0.294558118710
87.250000000000,-0.548747255462,-0.359642828440
87.265625000000,-0.515395679645,-0.422856324674
87.281250000000,-0.478742035447,-0.483648165646
87.296875000000,-0.439176241250,-0.541481180031
87.312500000000,-0.397105901088,-0.595836326231
87.328125000000,-0.352952236525,-0.646217440303
87.343750000000,-0.307145951281,-0.692155828522
87.359375000000,-0.260123068702,-0.733214661658
87.375000000000,-0.212320782088,-0.768993129570
87.390625000000,-0.164173357366,-0.799130316578
87.406250000000,-0.116108126700,-0.823308760383
87.421875000000,-0.068541610408,-0.841257659906
87.437500000000,-0.021875802923,-0.852755700374
87.453125000000,0.023505343381,-0.857633467276
87.468750000000,0.067239204918,-0.855775424321
87.484375000000,0.108987515147,-0.847121434363
87.500000000000,0.148439108119,-0.831667806242
87.515625000000,0.185312354104,-0.809467854688
87.531250000000,0.219357267320,-0.780631964756
87.546875000000,0.250357269225,-0.745327156698
87.562500000000,0.278130594310,-0.703776151653
87.578125000000,0.302531329046,-0.656255943060
87.593750000000,0.323450078297,-0.603095883154
87.609375000000,0.340814257256,-0.544675298376
87.625000000000,0.354588010713,-0.481420651785
87.640625000000,0.364771765108,-0.413802274786
87.656250000000,0.371401422463,-0.342330694444
87.671875000000,0.374547208740,-0.267552586438
87.687500000000,0.374312192529,-0.190046387206
87.703125000000,0.370830493124,-0.110417602082
87.718750000000,0.364265199978,-0.029293849102
87.734375000000,0.354806028240,0.052680319271
87.750000000000,0.342666737524,0.134848772081
87.765625000000,0.328082343188,0.216549287239
87.781250000000,0.311306151278,0.297119122719
87.796875000000,0.292606649781,0.375900623036
87.812500000000,0.272264290034,0.452246811916
87.828125000000,0.250568192958,0.525526922013
87.843750000000,0.227812815275,0.595131812884
87.859375000000,0.204294610974,0.660479229214
87.875000000000,0.180308723074,0.721018852561
87.890625000000,0.156145740134,0.776237101527
87.906250000000,0.132088551015,0.825661637339
87.921875000000,0.108409330146,0.868865534303
87.937500000000,0.085366683960,0.905471077423
87.953125000000,0.063202987234,0.935153152665
87.968750000000,0.042141935935,0.957642198854
87.984375000000,0.022386340715,0.972726693983
88.000000000000,0.004116182516,0.980255152745
88.015625000000,-0.012513051125,0.980137616392
88.031250000000,-0.027371733530,0.972346620441
88.046875000000,-0.040357157772,0.956917630331
88.062500000000,-0.051394277995,0.933948939835
88.078125000000,-0.060436127548,0.903601031754
88.093750000000,-0.067463911753,0.866095405154
88.109375000000,-0.072486776595,0.821712878166
88.125000000000,-0.075541258027,0.770791379982
88.140625000000,-0.076690419966,0.713723250223
88.156250000000,-0.076022692308,0.650952068242
88.171875000000,-0.073650423462,0.582969039096
88.187500000000,-0.069708164855,0.510308966872
88.203125000000,-0.064350707683,0.433545849730
88.218750000000,-0.057750894754,0.353288134412
88.234375000000,-0.050097232601,0.270173670993
88.250000000000,-0.041591331124,0.184864411337
88.265625000000,-0.032445199791,0.098040897028
88.281250000000,-0.022878430924,0.010396584417
88.296875000000,-0.013115301740,-0.077367944106
88.312500000000,-0.003381827655,-0.164550832466
88.328125000000,0.006097200158,-0.250454816164
88.343750000000,0.015101159816,-0.334393049610
88.359375000000,0.023416493435,-0.415694844992
88.375000000000,0.030839519125,-0.493711272940
88.390625000000,0.037179128728,-0.567820576470
88.406250000000,0.042259341026,-0.637433351320
88.421875000000,0.045921681627,-0.701997447890
88.437500000000,0.048027362591,-0.761002552444
88.453125000000,0.048459236951,-0.813984408099
88.468750000000,0.047123505677,-0.860528639296
88.484375000000,0.043951157219,-0.900274146995
88.500000000000,0.038899122603,-0.932916045624
88.515625000000,0.031951132046,-0.958208116882
88.531250000000,0.023118262207,-0.975964759773
88.546875000000,0.012439166490,-0.986062420724
88.562500000000,-0.000020015852,-0.988440492214
88.578125000000,-0.014166072639,-0.983101673064
88.593750000000,-0.029879451091,-0.970111788277
88.609375000000,-0.047015303546,-0.949599071083
88.625000000000,-0.065404837174,-0.921752914578
88.640625000000,-0.084856955018,-0.886822105012
88.656250000000,-0.105160172542,-0.845112553316
88.671875000000,-0.126084790842,-0.796984545848
88.687500000000,-0.147385304868,-0.742849539536
88.703125000000,-0.168803022382,-0.683166530544
88.718750000000,-0.190068867009,-0.618438029284
88.734375000000,-0.210906336626,-0.549205677985
88.750000000000,-0.231034586518,-0.476045550070
88.765625000000,-0.250171605199,-0.399563173326
88.781250000000,-0.268037449610,-0.320388321109
88.796875000000,-0.284357505562,-0.239169617808
88.812500000000,-0.298865738738,-0.156569006216
88.828125000000,-0.311307901447,-0.073256125579
88.843750000000,-0.321444660493,0.010097350343
88.859375000000,-0.329054612074,0.092823365620
88.875000000000,-0.333937150537,0.174263075673
88.890625000000,-0.335915159023,0.253772333367
88.906250000000,-0.334837491658,0.330727020277
88.921875000000,-0.330581218794,0.404528177256
88.937500000000,-0.323053609019,0.474606890424
88.953125000000,-0.312193824133,0.540428891046
88.968750000000,-0.297974305982,0.601498830498
88.984375000000,-0.280401837058,0.657364194570
89.000000000000,-0.259518259877,0.707618824753
89.015625000000,-0.235400843520,0.751906017766
89.031250000000,-0.208162289192,0.789921178524
89.046875000000,-0.177950370212,0.821414005807
89.062500000000,-0.144947205524,0.846190194198
89.078125000000,-0.109368169501,0.864112640216
89.093750000000,-0.071460444476,0.875102145121
89.109375000000,-0.031501226128,0.879137611350
89.125000000000,0.010204404633,0.876255734120
89.140625000000,0.053325926105,0.866550194246
89.156250000000,0.097510116132,0.850170362633
89.171875000000,0.142384064708,0.827319531251
89.187500000000,0.187558432317,0.798252689530
89.203125000000,0.232630924784,0.763273869103
89.218750000000,0.277189952963,0.722733083560
89.234375000000,0.320818443471,0.677022893349
89.250000000000,0.363097764858,0.626574629146
89.265625000000,0.403611732116,0.571854309874
89.281250000000,0.441950651286,0.513358294089
89.296875000000,0.477715365177,0.451608705576
89.312500000000,0.510521260791,0.387148675767
89.328125000000,0.540002199062,0.320537446984
89.343750000000,0.565814327856,0.252345381427
89.359375000000,0.587639739956,0.183148921380
89.375000000000,0.605189938867,0.113525546239
89.390625000000,0.618209076777,0.044048771639
89.406250000000,0.626476930858,-0.024716764757
89.421875000000,0.629811586284,-0.092220087345
89.437500000000,0.628071796855,-0.157928494627
89.453125000000,0.621158996923,-0.221331959178
89.468750000000,0.609018941408,-0.281947277744
89.484375000000,0.591642954007,-0.339321936276
89.500000000000,0.569068767267,-0.393037657594
89.515625000000,0.541380941898,-0.442713602551
89.531250000000,0.508710856594,-0.488009198980
89.546875000000,0.471236263614,-0.528626576369
89.562500000000,0.429180409429,-0.564312588010
89.578125000000,0.382810723864,-0.594860406327
89.593750000000,0.332437085228,-0.620110681177
89.609375000000,0.278409673016,-0.639952255039
89.625000000000,0.221116423715,-0.654322433161
89.640625000000,0.160980109124,-0.663206810920
89.656250000000,0.098455060285,-0.666638664710
89.671875000000,0.034023563651,-0.664697916712
89.687500000000,-0.031808040620,-0.657509687781
89.703125000000,-0.098513525299,-0.645242456406
89.718750000000,-0.165551171980,-0.628105845225
89.734375000000,-0.232368358153,-0.606348059882
89.750000000000,-0.298406295243,-0.580253008047
89.765625000000,-0.363104875734,-0.550137129187
89.781250000000,-0.425907586112,-0.516345968094
89.796875000000,-0.486266441420,-0.479250527326
89.812500000000,-0.543646896686,-0.439243435443
89.828125000000,-0.597532690328,-0.396734969357
89.843750000000,-0.647430574946,-0.352148970084
89.859375000000,-0.692874891575,-0.305918691900
89.875000000000,-0.733431944637,-0.258482625073
89.890625000000,-0.768704136265,-0.210280332287
89.906250000000,-0.798333820651,-0.161748338292
89.921875000000,-0.822006841290,-0.113316111467
89.937500000000,-0.839455716652,-0.065402174696
89.953125000000,-0.850462442778,-0.018410381360
89.968750000000,-0.854860884550,0.027273609692
89.984375000000,-0.852538730968,0.071285628609
90.000000000000,-0.843438993531,0.113286029351
90.015625000000,-0.827561030848,0.152962438640
90.031250000000,-0.804961086793,0.190032195803
90.046875000000,-0.775752333834,0.224244463553
90.062500000000,-0.740104417594,0.255381993170
90.078125000000,-0.698242503193,0.283262531045
90.093750000000,-0.650445828403,0.307739857271
90.109375000000,-0.597045773157,0.328704450607
90.125000000000,-0.538423459334,0.346083777949
90.140625000000,-0.475006899072,0.359842210124
90.156250000000,-0.407267714015,0.369980569537
90.171875000000,-0.335717451876,0.376535318805
90.187500000000,-0.260903530464,0.379577403002
90.203125000000,-0.183404842815,0.379210761462
90.218750000000,-0.103827060270,0.375570528282
90.234375000000,-0.022797673260,0.368820943565
90.250000000000,0.059039187944,0.359153000196
90.265625000000,0.141028108041,0.346781853354
90.281250000000,0.222507870863,0.331944022119
90.296875000000,0.302817025281,0.314894414391
90.312500000000,0.381299484335,0.295903207843
90.328125000000,0.457310108547,0.275252620809
90.343750000000,0.530220224314,0.253233607867
90.359375000000,0.599423028659,0.230142515306
90.375000000000,0.664338832444,0.206277731834
90.390625000000,0.724420095371,0.181936369614
90.406250000000,0.779156207832,0.157411010144
90.421875000000,0.828077976687,0.132986548526
90.437500000000,0.870761774583,0.108937168451
90.453125000000,0.906833315255,0.085523478561
90.468750000000,0.935971020435,0.062989839021
90.484375000000,0.957908947535,0.041561904897
90.500000000000,0.972439251048,0.021444410531
90.515625000000,0.979414154662,0.002819216400
90.531250000000,0.978747415368,-0.014156362918
90.546875000000,0.970415265274,-0.029350934122
90.562500000000,0.954456821423,-0.042660091563
90.578125000000,0.930973958590,-0.054007165595
90.593750000000,0.900130644788,-0.063343647274
90.609375000000,0.862151743937,-0.070649287217
90.625000000000,0.817321294867,-0.075931869906
90.640625000000,0.765980280500,-0.079226668129
90.656250000000,0.708523905527,-0.080595585620
90.671875000000,0.645398405329,-0.080125999249
90.687500000000,0.577097413007,-0.077929315237
90.703125000000,0.504157915359,-0.074139256877
90.718750000000,0.427155832299,-0.068909904023
90.734375000000,0.346701257574,-0.062413507210
90.750000000000,0.263433401666,-0.054838101575
90.765625000000,0.178015280437,-0.046384947858
90.781250000000,0.091128195344,-0.037265829519
90.796875000000,0.003466052940,-0.027700236483
90.812500000000,-0.084270427190,-0.017912467220
90.828125000000,-0.171379565895,-0.008128681642
90.843750000000,-0.257164588584,0.001426062159
90.859375000000,-0.340939449186,0.010530754210
90.875000000000,-0.422034563442,0.018971329033
90.890625000000,-0.499802401823,0.026543479710
90.906250000000,-0.573622893603,0.033055358123
90.921875000000,-0.642908595303,0.038330131054
90.937500000000,-0.707109578770,0.042208363378
90.953125000000,-0.765717996681,0.044550201399
90.968750000000,-0.818272286089,0.045237331478
90.984375000000,-0.864360973858,0.044174691515
91.000000000000,-0.903626051352,0.041291915391
91.015625000000,-0.935765889570,0.036544493372
91.031250000000,-0.960537669983,0.029914634406
91.046875000000,-0.977759310620,0.021411819457
91.062500000000,-0.987310871439,0.011073038255
91.078125000000,-0.989135427580,-0.001037294781
91.093750000000,-0.983239403853,-0.014827746277
91.109375000000,-0.969692368519,-0.030180588713
91.125000000000,-0.948626289230,-0.046952838270
91.140625000000,-0.920234258691,-0.064977596371
91.156250000000,-0.884768702301,-0.084065682249
91.171875000000,-0.842539084536,-0.104007540745
91.187500000000,-0.793909135247,-0.124575406517
91.203125000000,-0.739293621216,-0.145525703050
91.218750000000,-0.679154692276,-0.166601652203
91.234375000000,-0.613997834970,-0.187536067699
91.250000000000,-0.544367470102,-0.208054303839
91.265625000000,-0.470842233605,-0.227877328904
91.281250000000,-0.394029982783,-0.246724891198
91.296875000000,-0.314562572344,-0.264318744483
91.312500000000,-0.233090446505,-0.280385898723
91.328125000000,-0.150277094932,-0.294661861519
91.343750000000,-0.066793421335,-0.306893835456
91.359375000000,0.016687925854,-0.316843836816
91.375000000000,0.099498211144,-0.324291701604
91.390625000000,0.180978208690,-0.329037945773
91.406250000000,0.260483689446,-0.330906447779
91.421875000000,0.337390751376,-0.329746923129
91.437500000000,0.411100946860,-0.325437162533
91.453125000000,0.481046163459,-0.317885007418
91.468750000000,0.546693216565,-0.307030039058
91.484375000000,0.607548115176,-0.292844960291
91.500000000000,0.663159965165,-0.275336651758
91.515625000000,0.713124477743,-0.254546887749
91.531250000000,0.757087054511,-0.230552700093
91.546875000000,0.794745424396,-0.203466381969
91.562500000000,0.825851811878,-0.173435127117
91.578125000000,0.850214620188,-0.140640303567
91.593750000000,0.867699617589,-0.105296364675
91.609375000000,0.878230619321,-0.067649403953
91.625000000000,0.881789662374,-0.027975363800
91.640625000000,0.878416674750,0.013422088167
91.656250000000,0.868208645460,0.056213998043
91.671875000000,0.851318305863,0.100048859379
91.687500000000,0.827952337334,0.144555618121
91.703125000000,0.798369124359,0.189346922255
91.718750000000,0.762876076175,0.234022586926
91.734375000000,0.721826543747,0.278173243425
91.750000000000,0.675616362403,0.321384138289
91.765625000000,0.624680053601,0.363239046945
91.781250000000,0.569486722142,0.403324264873
91.796875000000,0.510535687697,0.441232638115
91.812500000000,0.448351891620,0.476567594218
91.828125000000,0.383481121784,0.508947134291
91.843750000000,0.316485099543,0.538007746861
91.859375000000,0.247936473849,0.563408204600
91.875000000000,0.178413768089,0.584833205717
91.890625000000,0.108496325311,0.601996822969
91.906250000000,0.038759297183,0.614645724752
91.921875000000,-0.030231278692,0.622562134544
91.937500000000,-0.097923269618,0.625566497216
91.953125000000,-0.163783064863,0.623519823210
91.968750000000,-0.227299978867,0.616325684396
91.984375000000,-0.287990402835,0.603931838522
92.000000000000,-0.345401669517,0.586331462485
92.015625000000,-0.399115598905,0.563563978190
92.031250000000,-0.448751695752,0.535715458513
92.046875000000,-0.493969973260,0.502918604729
92.062500000000,-0.534473380923,0.465352290762
92.078125000000,-0.570009818360,0.423240673686
92.093750000000,-0.600373720919,0.376851873962
92.109375000000,-0.625407206945,0.326496233027
92.125000000000,-0.645000780704,0.272524159873
92.140625000000,-0.659093589174,0.215323582220
92.156250000000,-0.667673235036,0.155317021768
92.171875000000,-0.670775152320,0.092958316651
92.187500000000,-0.668481555168,0.028729017769
92.203125000000,-0.660919974087,-0.036865511084
92.218750000000,-0.648261397759,-0.103300256343
92.234375000000,-0.630718042032,-0.170034945381
92.250000000000,-0.608540770998,-0.236518626714
92.265625000000,-0.582016198113,-0.302194399536
92.281250000000,-0.551463498060,-0.366504250721
92.296875000000,-0.517230962502,-0.428893956081
92.312500000000,-0.479692334980,-0.488818001740
92.328125000000,-0.439242961979,-0.545744480946
92.343750000000,-0.396295798542,-0.599159921521
92.359375000000,-0.351277307895,-0.648573999438
92.375000000000,-0.304623295103,-0.693524094737
92.390625000000,-0.256774715089,-0.733579647097
92.406250000000,-0.208173495154,-0.768346269891
92.421875000000,-0.159258411659,-0.797469583503
92.437500000000,-0.110461059573,-0.820638730907
92.453125000000,-0.062201952385,-0.837589541220
92.468750000000,-0.014886788205,-0.848107309837
92.484375000000,0.031097084041,-0.852029167100
92.500000000000,0.075383966692,-0.849246010962
92.515625000000,0.117632854622,-0.839703982919
92.531250000000,0.157530189453,-0.823405470512
92.546875000000,0.194792303487,-0.800409623852
92.562500000000,0.229167533384,-0.770832377981
92.578125000000,0.260437987080,-0.734845977272
92.593750000000,0.288420950916,-0.692678002579
92.609375000000,0.312969927699,-0.644609906326
92.625000000000,0.333975300053,-0.590975065188
92.640625000000,0.351364617227,-0.532156364459
92.656250000000,0.365102507241,-0.468583332452
92.671875000000,0.375190219935,-0.400728847474
92.687500000000,0.381664810125,-0.329105443846
92.703125000000,0.384597973534,-0.254261247217
92.718750000000,0.384094551534,-0.176775572888
92.734375000000,0.380290723877,-0.097254224057
92.750000000000,0.373351911558,-0.016324529781
92.765625000000,0.363470414645,0.065369835020
92.781250000000,0.350862812358,0.147174203056
92.796875000000,0.335767154838,0.228428395414
92.812500000000,0.318439977886,0.308472281985
92.828125000000,0.299153173455,0.386651373057
92.843750000000,0.278190749890,0.462322393083
92.859375000000,0.255845516704,0.534858787578
92.875000000000,0.232415729192,0.603656114494
92.890625000000,0.208201728259,0.668137272249
92.906250000000,0.183502610633,0.727757517876
92.921875000000,0.158612964022,0.782009230403
92.937500000000,0.133819700829,0.830426376733
92.953125000000,0.109399022771,0.872588639733
92.968750000000,0.085613547141,0.908125171133
92.984375000000,0.062709623569,0.936717935025
93.000000000000,0.040914867907,0.958104611286
93.015625000000,0.020435937483,0.972081032043
93.031250000000,0.001456569223,0.978503128356
93.046875000000,-0.015864100707,0.977288368589
93.062500000000,-0.031392920162,0.968416674353
93.078125000000,-0.045023794835,0.951930804522
93.093750000000,-0.056678443566,0.927936202482
93.109375000000,-0.066306829537,0.896600306528
93.125000000000,-0.073887265139,0.858151328041
93.140625000000,-0.079426191788,0.812876506818
93.156250000000,-0.082957639385,0.761119857553
93.171875000000,-0.084542373493,0.703279425967
93.187500000000,-0.084266741555,0.639804077490
93.203125000000,-0.082241232664,0.571189845514
93.218750000000,-0.078598768345,0.497975870199
93.234375000000,-0.073492744627,0.420739962445
93.250000000000,-0.067094848276,0.340093831015
93.265625000000,-0.059592672359,0.256678013791
93.281250000000,-0.051187158437,0.171156556809
93.296875000000,-0.042089894403,0.084211486976
93.312500000000,-0.032520298530,-0.003462873757
93.328125000000,-0.022702721393,-0.091165703585
93.343750000000,-0.012863498185,-0.178195535194
93.359375000000,-0.003227984451,-0.263856118538
93.375000000000,0.005982391638,-0.347462241212
93.390625000000,0.014553027507,-0.428345455946
93.406250000000,0.022278962491,-0.505859665561
93.421875000000,0.028967580734,-0.579386516984
93.437500000000,0.034441170354,-0.648340557585
93.453125000000,0.038539310096,-0.712174109212
93.468750000000,0.041121056525,-0.770381817816
93.484375000000,0.042066906913,-0.822504839392
93.500000000000,0.041280515354,-0.868134626211
93.515625000000,0.038690142248,-0.906916280867
93.531250000000,0.034249820103,-0.938551449463
93.546875000000,0.027940221639,-0.962800729364
93.562500000000,0.019769219271,-0.979485571246
93.578125000000,0.009772128400,-0.988489659620
93.593750000000,-0.001988369785,-0.989759760655
93.609375000000,-0.015422626813,-0.983306030804
93.625000000000,-0.030414744162,-0.969201784496
93.640625000000,-0.046823603230,-0.947582723953
93.656250000000,-0.064484198688,-0.918645638881
93.671875000000,-0.083209262571,-0.882646588474
93.687500000000,-0.102791163347,-0.839898582697
93.703125000000,-0.123004061165,-0.790768784183
93.718750000000,-0.143606297681,-0.735675256278
93.734375000000,-0.164342996264,-0.675083286698
93.750000000000,-0.184948845993,-0.609501319929
93.765625000000,-0.205151040778,-0.539476534899
93.781250000000,-0.224672343109,-0.465590107438
93.796875000000,-0.243234240425,-0.388452199761
93.812500000000,-0.260560160905,-0.308696721476
93.828125000000,-0.276378714650,-0.226975908496
93.843750000000,-0.290426925675,-0.143954767730
93.859375000000,-0.302453420019,-0.060305436415
93.875000000000,-0.312221535438,0.023298494401
93.890625000000,-0.319512318732,0.106187642634
93.906250000000,-0.324127377618,0.187702434840
93.921875000000,-0.325891555349,0.267198594229
93.937500000000,-0.324655397820,0.344052469594
93.953125000000,-0.320297384804,0.417666159344
93.968750000000,-0.312725899155,0.487472386837
93.984375000000,-0.301880910285,0.552939085564
94.000000000000,-0.287735350942,0.613573655551
94.015625000000,-0.270296169279,0.668926855364
94.031250000000,-0.249605041356,0.718596297557
94.046875000000,-0.225738732547,0.762229519048
94.062500000000,-0.198809099789,0.799526601839
94.078125000000,-0.168962730182,0.830242323616
94.093750000000,-0.136380215100,0.854187822049
94.109375000000,-0.101275062616,0.871231761052
94.125000000000,-0.063892254777,0.881300991734
94.140625000000,-0.024506459828,0.884380705362
94.156250000000,0.016580086894,0.880514080182
94.171875000000,0.059040016255,0.869801428478
94.187500000000,0.102523552363,0.852398854672
94.203125000000,0.146661509763,0.828516439609
94.218750000000,0.191068534283,0.798415970309
94.234375000000,0.235346558373,0.762408238444
94.250000000000,0.279088439333,0.720849934525
94.265625000000,0.321881746728,0.674140168268
94.281250000000,0.363312663492,0.622716648752
94.296875000000,0.402969963729,0.567051560863
94.312500000000,0.440449029135,0.507647177003
94.328125000000,0.475355865177,0.445031245179
94.343750000000,0.507311077819,0.379752196323
94.359375000000,0.535953771551,0.312374215068
94.375000000000,0.560945329898,0.243472219099
94.390625000000,0.581973040297,0.173626792731
94.406250000000,0.598753526416,0.103419120469
94.421875000000,0.611035952469,0.033425965938
94.437500000000,0.618604965927,-0.035785259120
94.453125000000,0.621283347250,-0.103661292287
94.468750000000,0.618934337754,-0.169667642353
94.484375000000,0.611463619562,-0.233292995593
94.500000000000,0.598820924644,-0.294053368664
94.515625000000,0.581001253319,-0.351495972935
94.531250000000,0.558045686081,-0.405202758027
94.546875000000,0.530041776397,-0.454793605480
94.562500000000,0.497123515926,-0.499929146981
94.578125000000,0.459470867647,-0.540313185169
94.593750000000,0.417308866397,-0.575694698953
94.609375000000,0.370906290410,-0.605869419192
94.625000000000,0.320573911568,-0.630680964721
94.640625000000,0.266662336047,-0.650021532830
94.656250000000,0.209559451076,-0.663832142502
94.671875000000,0.149687497295,-0.672102432856
94.687500000000,0.087499789936,-0.674870023369
94.703125000000,0.023477115505,-0.672219446479
94.718750000000,-0.041876166075,-0.664280667038
94.734375000000,-0.108036280913,-0.651227206827
94.750000000000,-0.174464426498,-0.633273895894
94.765625000000,-0.240611344886,-0.610674275725
94.781250000000,-0.305922043589,-0.583717682355
94.796875000000,-0.369840622323,-0.552726040230
94.812500000000,-0.431815162461,-0.518050400102
94.828125000000,-0.491302635122,-0.480067256319
94.843750000000,-0.547773783272,-0.439174680654
94.859375000000,-0.600717933137,-0.395788311169
94.875000000000,-0.649647690521,-0.350337235667
94.890625000000,-0.694103478319,-0.303259809859
94.906250000000,-0.733657872688,-0.254999450661
94.921875000000,-0.767919696821,-0.206000444849
94.937500000000,-0.796537833225,-0.156703812796
94.953125000000,-0.819204717670,-0.107543266070
94.968750000000,-0.835659480637,-0.058941296442
94.984375000000,-0.845690705066,-0.011305432172
95.000000000000,-0.849138772474,0.034975304466
95.015625000000,-0.845897773097,0.079533706785
95.031250000000,-0.835916959473,0.122027431288
95.046875000000,-0.819201726940,0.162141757018
95.062500000000,-0.795814108665,0.199592033429
95.078125000000,-0.765872777167,0.234125796831
95.093750000000,-0.729552548721,0.265524538864
95.109375000000,-0.687083391476,0.293605114066
95.125000000000,-0.638748942638,0.318220777220
95.140625000000,-0.584884544525,0.339261844918
95.156250000000,-0.525874813700,0.356655979531
95.171875000000,-0.462150761658,0.370368097507
95.187500000000,-0.394186489731,0.380399907651
95.203125000000,-0.322495484779,0.386789088597
95.218750000000,-0.247626545999,0.389608118254
95.234375000000,-0.170159376657,0.388962771283
95.250000000000,-0.090699877711,0.384990303886
95.265625000000,-0.009875183173,0.377857348096
95.281250000000,0.071671520431,0.367757540480
95.296875000000,0.153286346024,0.354908912626
95.312500000000,0.234310183111,0.339551072902
95.328125000000,0.314084252523,0.321942210846
95.343750000000,0.391955690289,0.302355957064
95.359375000000,0.467283111676,0.281078132661
95.375000000000,0.539442106419,0.258403423101
95.390625000000,0.607830616557,0.234632011826
95.406250000000,0.671874149142,0.210066209103
95.421875000000,0.731030777380,0.185007111317
95.437500000000,0.784795885440,0.159751325319
95.453125000000,0.832706614318,0.134587791508
95.468750000000,0.874345968605,0.109794738033
95.484375000000,0.909346546915,0.085636796910
95.500000000000,0.937393861908,0.062362310924
95.515625000000,0.958229219414,0.040200858023
95.531250000000,0.971652129934,0.019361017434
95.546875000000,0.977522229893,0.000028399061
95.562500000000,0.975760694271,-0.017636045170
95.578125000000,0.966351126712,-0.033497412425
95.593750000000,0.949339917780,-0.047447930158
95.609375000000,0.924836066720,-0.059407718330
95.625000000000,0.893010466821,-0.069325227014
95.640625000000,0.854094659205,-0.077177347175
95.656250000000,0.808379064584,-0.082969195907
95.671875000000,0.756210707166,-0.086733580801
95.687500000000,0.697990449383,-0.088530151522
95.703125000000,0.634169760478,-0.088444249943
95.718750000000,0.565247046152,-0.086585473313
95.734375000000,0.491763570365,-0.083085967953
95.750000000000,0.414299004059,-0.078098473761
95.765625000000,0.333466638872,-0.071794142387
95.781250000000,0.249908306952,-0.064360154278
95.796875000000,0.164289050591,-0.055997161876
95.812500000000,0.077291587660,-0.046916588025
95.828125000000,-0.010389379337,-0.037337810116
95.843750000000,-0.098052961345,-0.027485261684
95.859375000000,-0.184997937778,-0.017585483964
95.875000000000,-0.270528617717,-0.007864160431
95.890625000000,-0.353960656477,0.001456832524
95.906250000000,-0.434626777095,0.010162325842
95.921875000000,-0.511882347115,0.018046676529
95.937500000000,-0.585110762330,0.024916473387
95.953125000000,-0.653728590823,0.030593099400
95.968750000000,-0.717190432774,0.034915122006
95.984375000000,-0.774993454022,0.037740484299
96.000000000000,-0.826681554230,0.038948472303
96.015625000000,-0.871849133771,0.038441435865
96.031250000000,-0.910144426977,0.036146243288
96.046875000000,-0.941272373257,0.032015452659
96.062500000000,-0.964997001651,0.026028185835
96.078125000000,-0.981143308737,0.018190694192
96.093750000000,-0.989598614237,0.008536608502
96.109375000000,-0.990313383335,-0.002873131306
96.125000000000,-0.983301509394,-0.015950667373
96.140625000000,-0.968640055534,-0.030581933539
96.156250000000,-0.946468458307,-0.046627677413
96.171875000000,-0.916987201415,-0.063924785519
96.187500000000,-0.880455972112,-0.082287898929
96.203125000000,-0.837191317409,-0.101511303621
96.218750000000,-0.787563821642,-0.121371076787
96.234375000000,-0.731994831065,-0.141627467540
96.250000000000,-0.670952755135,-0.162027487823
96.265625000000,-0.604948977771,-0.182307686998
96.281250000000,-0.534533415238,-0.202197081457
96.296875000000,-0.460289760359,-0.221420208811
96.312500000000,-0.382830455372,-0.239700274700
96.328125000000,-0.302791438070,-0.256762359063
96.343750000000,-0.220826707700,-0.272336647880
96.359375000000,-0.137602758572,-0.286161655878
96.375000000000,-0.053792930332,-0.297987405533
96.390625000000,0.029928275571,-0.307578527922
96.406250000000,0.112890863549,-0.314717251498
96.421875000000,0.194434946332,-0.319206245789
96.437500000000,0.273916233614,-0.320871288267
96.453125000000,0.350711359497,-0.319563724174
96.468750000000,0.424223002935,-0.315162691039
96.484375000000,0.493884757398,-0.307577081749
96.500000000000,0.559165708413,-0.296747222562
96.515625000000,0.619574680347,-0.282646245134
96.531250000000,0.674664116956,-0.265281134600
96.546875000000,0.724033563619,-0.244693438915
96.562500000000,0.767332722836,-0.220959627961
96.578125000000,0.804264058549,-0.194191094403
96.593750000000,0.834584928936,-0.164533791858
96.609375000000,0.858109231648,-0.132167509534
96.625000000000,0.874708549889,-0.097304786220
96.640625000000,0.884312792229,-0.060189470137
96.656250000000,0.886910323636,-0.021094934799
96.671875000000,0.882547589725,0.019678035401
96.687500000000,0.871328240786,0.061803672736
96.703125000000,0.853411766557,0.104933946380
96.718750000000,0.829011657059,0.148701551752
96.734375000000,0.798393108938,0.192723142503
96.750000000000,0.761870300753,0.236602775995
96.765625000000,0.719803264349,0.279935540719
96.781250000000,0.672594382939,0.322311331998
96.796875000000,0.620684549681,0.363318740514
96.812500000000,0.564549023368,0.402549016755
96.828125000000,0.504693020371,0.439600073338
96.843750000000,0.441647084053,0.474080486465
96.859375000000,0.375962274666,0.505613457341
96.875000000000,0.308205224018,0.533840694437
96.890625000000,0.238953100170,0.558426177835
96.906250000000,0.168788527874,0.579059767687
96.921875000000,0.098294510592,0.595460619923
96.937500000000,0.028049399550,0.607380373900
96.953125000000,-0.041378045437,0.614606078504
96.968750000000,-0.109433459831,0.616962825429
96.984375000000,-0.175581500912,0.614316060888
97.000000000000,-0.239310256949,0.606573549794
97.015625000000,-0.300135401197,0.593686969569
97.031250000000,-0.357604055603,0.575653114035
97.046875000000,-0.411298331967,0.552514691401
97.062500000000,-0.460838521581,0.524360704064
97.078125000000,-0.505885907770,0.491326401828
97.093750000000,-0.546145179475,0.453592804089
97.109375000000,-0.581366427837,0.411385790615
97.125000000000,-0.611346711760,0.364974764597
97.140625000000,-0.635931182500,0.314670895739
97.156250000000,-0.655013761499,0.260824955201
97.171875000000,-0.668537369882,0.203824758112
97.187500000000,-0.676493712173,0.144092233252
97.203125000000,-0.678922620924,0.082080143142
97.218750000000,-0.675910972983,0.018268481264
97.234375000000,-0.667591191996,-0.046839423612
97.250000000000,-0.654139355493,-0.112721063013
97.265625000000,-0.635772928421,-0.178839128599
97.281250000000,-0.612748148304,-0.244646078187
97.296875000000,-0.585357090227,-0.309588847837
97.312500000000,-0.553924442611,-0.373113668222
97.328125000000,-0.518804027162,-0.434670942165
97.343750000000,-0.480375098494,-0.493720139328
97.359375000000,-0.439038460665,-0.549734663521
97.375000000000,-0.395212439263,-0.602206648007
97.390625000000,-0.349328748652,-0.650651634483
97.406250000000,-0.301828294659,-0.694613092165
97.421875000000,-0.253156953149,-0.733666734522
97.437500000000,-0.203761364845,-0.767424592756
97.453125000000,-0.154084786159,-0.795538807051
97.468750000000,-0.104563034893,-0.817705098906
97.484375000000,-0.055620568412,-0.833665890526
97.500000000000,-0.007666730205,-0.843213040222
97.515625000000,0.038907801179,-0.846190166062
97.531250000000,0.083734329130,-0.842494533565
97.546875000000,0.126469192796,-0.832078487043
97.562500000000,0.166796531446,-0.814950408205
97.578125000000,0.204430736134,-0.791175189818
97.593750000000,0.239118568750,-0.760874216541
97.609375000000,0.270640931912,-0.724224849474
97.625000000000,0.298814276787,-0.681459415416
97.640625000000,0.323491639564,-0.632863706322
97.656250000000,0.344563301043,-0.578774998909
97.671875000000,0.361957067584,-0.519579608741
97.687500000000,0.375638175388,-0.455709997419
97.703125000000,0.385608823795,-0.387641455608
97.718750000000,0.391907346903,-0.315888388607
97.734375000000,0.394607036327,-0.241000234876
97.750000000000,0.393814631234,-0.163557051378
97.765625000000,0.389668494995,-0.084164802804
97.781250000000,0.382336500725,-0.003450394542
97.796875000000,0.372013650688,0.077943508196
97.812500000000,0.358919457006,0.159363830595
97.828125000000,0.343295113253,0.240152561559
97.843750000000,0.325400488340,0.319652302574
97.859375000000,0.305510975658,0.397211843668
97.875000000000,0.283914231577,0.472191717550
97.890625000000,0.260906838238,0.543969682999
97.906250000000,0.236790926078,0.611946089002
97.921875000000,0.211870791580,0.675549072002
97.937500000000,0.186449545545,0.734239539888
97.953125000000,0.160825826554,0.787515898126
97.968750000000,0.135290613343,0.834918475490
97.984375000000,0.110124168533,0.876033609432
98.000000000000,0.085593144553,0.910497353953
98.015625000000,0.061947880662,0.937998776105
98.031250000000,0.039419917828,0.958282810768
98.046875000000,0.018219755708,0.971152647171
98.062500000000,-0.001465126667,0.976471624700
98.078125000000,-0.019471967819,0.974164619814
98.093750000000,-0.035664122747,0.964218910338
98.109375000000,-0.049932151455,0.946684508015
98.125000000000,-0.062194588007,0.921673954835
98.140625000000,-0.072398384466,0.889361583450
98.156250000000,-0.080519027502,0.849982246664
98.171875000000,-0.086560328938,0.803829525738
98.187500000000,-0.090553894913,0.751253431845
98.203125000000,-0.092558281747,0.692657619528
98.218750000000,-0.092657849837,0.628496135357
98.234375000000,-0.090961330093,0.559269729126
98.250000000000,-0.087600120399,0.485521758840
98.265625000000,-0.082726332383,0.407833724354
98.281250000000,-0.076510611379,0.326820467894
98.296875000000,-0.069139754774,0.243125082618
98.312500000000,-0.060814156050,0.157413573069
98.328125000000,-0.051745103566,0.070369313531
98.343750000000,-0.042151964634,-0.017312647806
98.359375000000,-0.032259286604,-0.104931389614
98.375000000000,-0.022293847480,-0.191785972890
98.390625000000,-0.012481689088,-0.277181300361
98.406250000000,-0.003045165966,-0.360433929031
98.421875000000,0.005799957072,-0.440877785438
98.437500000000,0.013847326271,-0.517869734067
98.453125000000,0.020902707658,-0.590794950615
98.468750000000,0.026786552812,-0.659072053541
98.484375000000,0.031336392916,-0.722157949456
98.500000000000,0.034409034099,-0.779552350442
98.515625000000,0.035882529256,-0.830801924286
98.531250000000,0.035657903834,-0.875504041855
98.546875000000,0.033660615733,-0.913310089415
98.562500000000,0.029841732276,-0.943928317548
98.578125000000,0.024178810173,-0.967126202400
98.593750000000,0.016676467610,-0.982732299348
98.609375000000,0.007366640802,-0.990637573609
98.625000000000,-0.003691479240,-0.990796196988
98.640625000000,-0.016411830605,-0.983225804643
98.656250000000,-0.030682182479,-0.968007210514
98.671875000000,-0.046365149285,-0.945283584847
98.687500000000,-0.063299507630,-0.915259101955
98.703125000000,-0.081301803481,-0.878197071020
98.718750000000,-0.100168233828,-0.834417567288
98.734375000000,-0.119676784100,-0.784294585337
98.750000000000,-0.139589599791,-0.728252740314
98.765625000000,-0.159655568146,-0.666763546934
98.781250000000,-0.179613083404,-0.600341309690
98.796875000000,-0.199192966995,-0.529538661092
98.812500000000,-0.218121512273,-0.454941787750
98.828125000000,-0.236123621871,-0.377165386757
98.843750000000,-0.252926004573,-0.296847397126
98.859375000000,-0.268260397757,-0.214643552839
98.875000000000,-0.281866780946,-0.131221805567
98.890625000000,-0.293496545863,-0.047256666058
98.906250000000,-0.302915588593,0.036576486195
98.921875000000,-0.309907289978,0.119607075318
98.937500000000,-0.314275351313,0.201174934076
98.953125000000,-0.315846453634,0.280635792945
98.968750000000,-0.314472710457,0.357366605847
98.984375000000,-0.310033885747,0.430770666790
99.000000000000,-0.302439351056,0.500282473662
99.015625000000,-0.291629758249,0.565372297888
99.031250000000,-0.277578406965,0.625550421405
99.046875000000,-0.260292288904,0.680371005545
99.062500000000,-0.239812794177,0.729435559840
99.078125000000,-0.216216068302,0.772395982466
99.093750000000,-0.189613011841,0.808957147967
99.109375000000,-0.160148918292,0.838879022075
99.125000000000,-0.128002749439,0.861978287712
99.140625000000,-0.093386051044,0.878129470738
99.156250000000,-0.056541515427,0.887265558487
99.171875000000,-0.017741201102,0.889378108732
99.187500000000,0.022715576826,0.884516851256
99.203125000000,0.064504668339,0.872788788742
99.218750000000,0.107279801829,0.854356808141
99.234375000000,0.150675565509,0.829437817981
99.250000000000,0.194310630458,0.798300431255
99.265625000000,0.237791186178,0.761262217476
99.281250000000,0.280714557156,0.718686551220
99.296875000000,0.322672966811,0.670979087923
99.312500000000,0.363257413438,0.618583900887
99.328125000000,0.402061621277,0.561979316253
99.343750000000,0.438686028765,0.501673485212
99.359375000000,0.472741775279,0.438199734825
99.375000000000,0.503854647292,0.372111740558
99.390625000000,0.531668944919,0.303978564946
99.406250000000,0.555851230178,0.234379607732
99.421875000000,0.576093919095,0.163899513294
99.437500000000,0.592118680911,0.093123081255
99.453125000000,0.603679609172,0.022630225806
99.468750000000,0.610566131337,-0.047008971485
99.484375000000,0.612605625747,-0.115239071795
99.500000000000,0.609665717309,-0.181523910077
99.515625000000,0.601656226084,-0.245351006924
99.531250000000,0.588530746009,-0.306235723502
99.546875000000,0.570287834363,-0.363725124409
99.562500000000,0.546971796081,-0.417401516283
99.578125000000,0.518673050761,-0.466885633190
99.593750000000,0.485528074061,-0.511839443291
99.609375000000,0.447718909144,-0.551968554987
99.625000000000,0.405472247894,-0.587024204576
99.640625000000,0.359058085676,-0.616804811490
99.656250000000,0.308787957483,-0.641157091247
99.671875000000,0.255012767347,-0.659976720461
99.687500000000,0.198120226829,-0.673208552395
99.703125000000,0.138531922210,-0.680846385778
99.718750000000,0.076700033675,-0.682932293666
99.734375000000,0.013103733261,-0.679555523214
99.750000000000,-0.051754708447,-0.670850981072
99.765625000000,-0.117354073884,-0.656997322891
99.781250000000,-0.183158572659,-0.638214668937
99.796875000000,-0.248622400259,-0.614761971104
99.812500000000,-0.313194441203,-0.586934059678
99.828125000000,-0.376323074904,-0.555058400924
99.843750000000,-0.437461041168,-0.519491599017
99.859375000000,-0.496070321389,-0.480615677927
99.875000000000,-0.551626990977,-0.438834180630
99.890625000000,-0.603625998475,-0.394568124356
99.906250000000,-0.651585827159,-0.348251851643
99.921875000000,-0.695052995641,-0.300328817510
99.937500000000,-0.733606355149,-0.251247353345
99.953125000000,-0.766861142697,-0.201456447908
99.968750000000,-0.794472751318,-0.151401585296
99.984375000000,-0.816140180799,-0.101520678814
100.000000000000,-0.831609135057,-0.052240138374
100.015625000000,-0.840674735253,-0.003971107418
100.031250000000,-0.843183821034,0.042894096630
100.046875000000,-0.839036815881,0.087985306660
100.062500000000,-0.828189136301,0.130957565789
100.078125000000,-0.810652128659,0.171493896589
100.093750000000,-0.786493521600,0.209307756423
100.109375000000,-0.755837386336,0.244145158933
100.125000000000,-0.718863601498,0.275786445196
100.140625000000,-0.675806823697,0.304047691630
100.156250000000,-0.626954969432,0.328781745413
100.171875000000,-0.572647218431,0.349878881929
100.187500000000,-0.513271552891,0.367267082504
100.203125000000,-0.449261851350,0.380911934481
100.218750000000,-0.381094560064,0.390816159355
100.234375000000,-0.309284968655,0.397018778346
100.250000000000,-0.234383120562,0.399593928282
100.265625000000,-0.156969392225,0.398649344004
100.281250000000,-0.077649778104,0.394324526701
100.296875000000,0.002949078517,0.386788620510
100.312500000000,0.084185066527,0.376238022453
100.328125000000,0.165405955269,0.362893753197
100.343750000000,0.245954863839,0.346998618313
100.359375000000,0.325175803883,0.328814191505
100.375000000000,0.402419247456,0.308617652854
100.390625000000,0.477047671072,0.286698516228
100.406250000000,0.548441027097,0.263355280904
100.421875000000,0.616002094029,0.238892042857
100.437500000000,0.679161658130,0.213615101319
100.453125000000,0.737383480156,0.187829595936
100.468750000000,0.790169002665,0.161836209258
100.484375000000,0.837061755540,0.135927968341
100.500000000000,0.877651419848,0.110387177950
100.515625000000,0.911577513105,0.085482516243
100.531250000000,0.938532662189,0.061466321892
100.546875000000,0.958265433738,0.038572099426
100.562500000000,0.970582695671,0.017012267079
100.578125000000,0.975351487545,-0.003023831222
100.593750000000,0.972500381772,-0.021371631031
100.609375000000,0.962020322134,-0.037892754074
100.625000000000,0.943964930665,-0.052476104052
100.640625000000,0.918450278631,-0.065038642464
100.656250000000,0.885654122067,-0.075525838803
100.671875000000,0.845814607076,-0.083911792892
100.687500000000,0.799228454788,-0.090199030640
100.703125000000,0.746248640494,-0.094417977881
100.718750000000,0.687281585980,-0.096626120398
100.734375000000,0.622783888404,-0.096906861455
100.750000000000,0.553258613221,-0.095368091349
100.765625000000,0.479251182512,-0.092140486483
100.781250000000,0.401344893756,-0.087375558246
100.796875000000,0.320156107327,-0.081243474591
100.812500000000,0.236329144031,-0.073930679524
100.828125000000,0.150530936563,-0.065637337801
100.843750000000,0.063445481017,-0.056574633917
100.859375000000,-0.024231863625,-0.046961955933
100.875000000000,-0.111800178733,-0.037023995863
100.890625000000,-0.198558841706,-0.026987799170
100.906250000000,-0.283813383374,-0.017079796383
100.921875000000,-0.366881296293,-0.007522850025
100.937500000000,-0.447097743577,0.001466650188
100.953125000000,-0.523821118717,0.009681611459
100.968750000000,-0.596438408168,0.016926949783
100.984375000000,-0.664370310218,0.023022159272
101.000000000000,-0.727076065773,0.027803710125
101.015625000000,-0.784057959262,0.031127248275
101.031250000000,-0.834865450768,0.032869571872
101.046875000000,-0.879098903744,0.032930362100
101.062500000000,-0.916412876265,0.031233648472
101.078125000000,-0.946518947619,0.027728991524
101.093750000000,-0.969188056141,0.022392368878
101.109375000000,-0.984252328538,0.015226753736
101.125000000000,-0.991606385433,0.006262378189
101.140625000000,-0.991208112477,-0.004443322954
101.156250000000,-0.983078891117,-0.016806088686
101.171875000000,-0.967303287857,-0.030715526141
101.187500000000,-0.944028205615,-0.046036116781
101.203125000000,-0.913461505529,-0.062608525143
101.218750000000,-0.875870112204,-0.080251197564
101.234375000000,-0.831577619916,-0.098762235182
101.250000000000,-0.780961421663,-0.117921522489
101.265625000000,-0.724449387112,-0.137493089934
101.281250000000,-0.662516119395,-0.157227686444
101.296875000000,-0.595678824400,-0.176865535407
101.312500000000,-0.524492829470,-0.196139245540
101.328125000000,-0.449546791500,-0.214776846264
101.343750000000,-0.371457637001,-0.232504915726
101.359375000000,-0.290865278983,-0.249051768394
101.375000000000,-0.208427157344,-0.264150668333
101.390625000000,-0.124812650864,-0.277543033743
101.406250000000,-0.040697409922,-0.288981598232
101.421875000000,0.043242340456,-0.298233494428
101.437500000000,0.126335477447,-0.305083226181
101.453125000000,0.207921587799,-0.309335496411
101.468750000000,0.287356457124,-0.310817859003
101.484375000000,0.364017393706,-0.309383164640
101.500000000000,0.437308341118,-0.304911772404
101.515625000000,0.506664735931,-0.297313501165
101.531250000000,0.571558069275,-0.286529297211
101.546875000000,0.631500113793,-0.272532597329
101.562500000000,0.686046780648,-0.255330369474
101.578125000000,0.734801574713,-0.234963816327
101.593750000000,0.777418619749,-0.211508730335
101.609375000000,0.813605229365,-0.185075492316
101.625000000000,0.843124003674,-0.155808709246
101.640625000000,0.865794435907,-0.123886490464
101.656250000000,0.881494017669,-0.089519365232
101.671875000000,0.890158836064,-0.052948848186
101.687500000000,0.891783660460,-0.014445662871
101.703125000000,0.886421521272,0.025692362914
101.718750000000,0.874182787620,0.067142712816
101.734375000000,0.855233755200,0.109560888251
101.750000000000,0.829794760012,0.152583381781
101.765625000000,0.798137837735,0.195830891144
101.781250000000,0.760583952521,0.238911744834
101.796875000000,0.717499822685,0.281425507752
101.812500000000,0.669294374224,0.322966733373
101.828125000000,0.616414856263,0.363128827078
101.843750000000,0.559342655341,0.401507983852
101.859375000000,0.498588847951,0.437707162471
101.875000000000,0.434689532819,0.471340057556
101.890625000000,0.368200986162,0.502035030520
101.906250000000,0.299694684441,0.529438960439
101.921875000000,0.229752240062,0.553220976307
101.937500000000,0.158960295901,0.573076032871
101.953125000000,0.087905424651,0.588728293431
101.968750000000,0.017169078555,0.599934284486
101.984375000000,-0.052677365638,0.606485788971
102.000000000000,-0.121077422888,0.608212447045
102.015625000000,-0.187494135202,0.604984035911
102.031250000000,-0.251414486014,0.596712402938
102.046875000000,-0.312353555853,0.583353029488
102.062500000000,-0.369858384171,0.564906206118
102.078125000000,-0.423511505192,0.541417803407
102.093750000000,-0.472934128845,0.512979626349
102.109375000000,-0.517788941356,0.479729344122
102.125000000000,-0.557782503748,0.441849990994
102.140625000000,-0.592667230371,0.399569038171
102.156250000000,-0.622242933609,0.353157040463
102.171875000000,-0.646357925005,0.302925865683
102.187500000000,-0.664909667238,0.249226518743
102.203125000000,-0.677844975565,0.192446576303
102.218750000000,-0.685159771549,0.133007251664
102.234375000000,-0.686898395981,0.071360113248
102.250000000000,-0.683152491992,0.007983483445
102.265625000000,-0.674059473199,-0.056621452145
102.281250000000,-0.659800595480,-0.121934792085
102.296875000000,-0.640598654544,-0.187422287423
102.312500000000,-0.616715334681,-0.252539892923
102.328125000000,-0.588448237200,-0.316738461152
102.343750000000,-0.556127619739,-0.379468537701
102.359375000000,-0.520112880100,-0.440185214545
102.375000000000,-0.480788820340,-0.498352997635
102.390625000000,-0.438561728600,-0.553450644359
102.406250000000,-0.393855317503,-0.604975926406
102.421875000000,-0.347106558975,-0.652450273930
102.437500000000,-0.298761455926,-0.695423257628
102.453125000000,-0.249270791456,-0.733476866542
102.468750000000,-0.199085896065,-0.766229540920
102.484375000000,-0.148654472813,-0.793339921431
102.500000000000,-0.098416519401,-0.814510278338
102.515625000000,-0.048800384885,-0.829489586896
102.531250000000,-0.000218997040,-0.838076218234
102.546875000000,0.046933705572,-0.840120218275
102.562500000000,0.092286105080,-0.835525150812
102.578125000000,0.135491970183,-0.824249484664
102.593750000000,0.176233230123,-0.806307508851
102.609375000000,0.214222433529,-0.781769763909
102.625000000000,0.249204872203,-0.750762981777
102.640625000000,0.280960353369,-0.713469531102
102.656250000000,0.309304607500,-0.670126369280
102.671875000000,0.334090322506,-0.621023506984
102.687500000000,0.355207798855,-0.566501995431
102.703125000000,0.372585223914,-0.506951450968
102.718750000000,0.386188567628,-0.442807135837
102.734375000000,0.396021105306,-0.374546618086
102.750000000000,0.402122576961,-0.302686037527
102.765625000000,0.404567996119,-0.227776008316
102.781250000000,0.403466124416,-0.150397192180
102.796875000000,0.398957631423,-0.071155579467
102.812500000000,0.391212962136,0.009322482019
102.828125000000,0.380429937258,0.090395467927
102.843750000000,0.366831113847,0.171412023488
102.859375000000,0.350660936072,0.251716428599
102.875000000000,0.332182707640,0.330654134357
102.890625000000,0.311675418974,0.407577322624
102.906250000000,0.289430463424,0.481850439828
102.921875000000,0.265748277568,0.552855656178
102.937500000000,0.240934941166,0.619998201938
102.953125000000,0.215298772413,0.682711533304
102.968750000000,0.189146953889,0.740462281730
102.984375000000,0.162782224005,0.792754942322
103.000000000000,0.136499667762,0.839136259023
103.015625000000,0.110583639369,0.879199266906
103.031250000000,0.085304847654,0.912586954743
103.046875000000,0.060917633260,0.938995514285
103.062500000000,0.037657464434,0.958177146246
103.078125000000,0.015738675755,0.969942396803
103.093750000000,-0.004647528569,0.974162002512
103.109375000000,-0.023334788081,0.970768225825
103.125000000000,-0.040183000498,0.959755667874
103.140625000000,-0.055079424723,0.941181549737
103.156250000000,-0.067939463375,0.915165458123
103.171875000000,-0.078707119146,0.881888556133
103.187500000000,-0.087355122782,0.841592264455
103.203125000000,-0.093884733934,0.794576423096
103.218750000000,-0.098325219562,0.741196948331
103.234375000000,-0.100733017985,0.681863004051
103.250000000000,-0.101190599912,0.617033711021
103.265625000000,-0.099805040966,0.547214421693
103.281250000000,-0.096706323216,0.472952592073
103.296875000000,-0.092045386005,0.394833285797
103.312500000000,-0.085991948981,0.313474348816
103.328125000000,-0.078732132547,0.229521296097
103.343750000000,-0.070465903051,0.143641954317
103.359375000000,-0.061404371795,0.056520906727
103.375000000000,-0.051766978431,-0.031146211823
103.390625000000,-0.041778590479,-0.118658520353
103.406250000000,-0.031666551509,-0.205315747450
103.421875000000,-0.021657711038,-0.290424086423
103.437500000000,-0.011975469313,-0.373301999155
103.453125000000,-0.002836869968,-0.453285918274
103.468750000000,0.005550227027,-0.529735798181
103.484375000000,0.012989860565,-0.602040466762
103.500000000000,0.019300541431,-0.669622731375
103.515625000000,0.024317654348,-0.731944194846
103.531250000000,0.027895662071,-0.788509739791
103.546875000000,0.029910086669,-0.838871642479
103.562500000000,0.030259245500,-0.882633280742
103.578125000000,0.028865722006,-0.919452404016
103.593750000000,0.025677554259,-0.949043937490
103.609375000000,0.020669127185,-0.971182296412
103.625000000000,0.013841757568,-0.985703190994
103.640625000000,0.005223964176,-0.992504906797
103.656250000000,-0.005128581295,-0.991549050161
103.671875000000,-0.017133423325,-0.982860752935
103.687500000000,-0.030682009210,-0.966528335532
103.703125000000,-0.045640687296,-0.942702432127
103.718750000000,-0.061852007512,-0.911594586517
103.734375000000,-0.079136311667,-0.873475331831
103.750000000000,-0.097293597810,-0.828671771802
103.765625000000,-0.116105639961,-0.777564685653
103.781250000000,-0.135338341743,-0.720585182830
103.796875000000,-0.154744299811,-0.658210937711
103.812500000000,-0.174065550646,-0.590962038062
103.828125000000,-0.193036472191,-0.519396484338
103.843750000000,-0.211386809973,-0.444105379926
103.859375000000,-0.228844795906,-0.365707855043
103.875000000000,-0.245140326732,-0.284845769231
103.890625000000,-0.260008168266,-0.202178239251
103.906250000000,-0.273191151079,-0.118376040556
103.921875000000,-0.284443323117,-0.034115931502
103.937500000000,-0.293533024953,0.049925050002
103.953125000000,-0.300245853935,0.133075267629
103.968750000000,-0.304387484388,0.214674096152
103.984375000000,-0.305786312272,0.294077410723
104.000000000000,-0.304295894295,0.370662908554
104.015625000000,-0.299797153341,0.443835217288
104.031250000000,-0.292200324282,0.513030746406
104.046875000000,-0.281446616707,0.577722240484
104.062500000000,-0.267509573803,0.637422995907
104.078125000000,-0.250396109596,0.691690705804
104.093750000000,-0.230147209886,0.740130901415
104.109375000000,-0.206838285523,0.782399961820
104.125000000000,-0.180579170144,0.818207667938
104.140625000000,-0.151513758014,0.847319280864
104.156250000000,-0.119819281264,0.869557128914
104.171875000000,-0.085705229452,0.884801692253
104.187500000000,-0.049411918032,0.892992178455
104.203125000000,-0.011208715929,0.894126586958
104.218750000000,0.028608054055,0.888261264939
104.234375000000,0.069717524857,0.875509961646
104.250000000000,0.111776984358,0.856042392696
104.265625000000,0.154424840661,0.830082330150
104.281250000000,0.197283827025,0.797905238333
104.296875000000,0.239964417404,0.759835479336
104.312500000000,0.282068421151,0.716243115836
104.328125000000,0.323192723370,0.667540342336
104.343750000000,0.362933135618,0.614177579074
104.359375000000,0.400888320236,0.556639265661
104.375000000000,0.436663750482,0.495439393991
104.390625000000,0.469875667929,0.431116822053
104.406250000000,0.500154998236,0.364230411995
104.421875000000,0.527151186417,0.295354037065
104.437500000000,0.550535913148,0.225071502975
104.453125000000,0.570006654429,0.153971429664
104.468750000000,0.585290048075,0.082642139507
104.484375000000,0.596145032023,0.011666597617
104.500000000000,0.602365721331,-0.058382550901
104.515625000000,0.603783992924,-0.126947803081
104.531250000000,0.600271749679,-0.193491437565
104.546875000000,0.591742838269,-0.257499931320
104.562500000000,0.578154598233,-0.318488115838
104.578125000000,0.559509023101,-0.376003037746
104.593750000000,0.535853517914,-0.429627491687
104.609375000000,0.507281241192,-0.478983196601
104.625000000000,0.473931023267,-0.523733590039
104.640625000000,0.435986856839,-0.563586218805
104.656250000000,0.393676959663,-0.598294708165
104.671875000000,0.347272413318,-0.627660295817
104.687500000000,0.297085386059,-0.651532920995
104.703125000000,0.243466951793,-0.669811863225
104.718750000000,0.186804521083,-0.682445929461
104.734375000000,0.127518903944,-0.689433192549
104.750000000000,0.066061027799,-0.690820288047
104.765625000000,0.002908337409,-0.686701280506
104.781250000000,-0.061439093162,-0.677216114214
104.796875000000,-0.126462703559,-0.662548667115
104.812500000000,-0.191629809471,-0.642924430189
104.828125000000,-0.256398146237,-0.618607837837
104.843750000000,-0.320220553734,-0.589899277882
104.859375000000,-0.382549760835,-0.557131812520
104.875000000000,-0.442843226508,-0.520667643981
104.890625000000,-0.500567993719,-0.480894360774
104.906250000000,-0.555205511841,-0.438221002082
104.921875000000,-0.606256383196,-0.393073979280
104.937500000000,-0.653244989725,-0.345892894521
104.953125000000,-0.695723956511,-0.297126296918
104.968750000000,-0.733278410082,-0.247227417081
104.984375000000,-0.765529990951,-0.196649920582
105.000000000000,-0.792140581833,-0.145843720336
105.015625000000,-0.812815715282,-0.095250886974
105.031250000000,-0.827307627153,-0.045301694932
105.046875000000,-0.835417925313,0.003589159649
105.062500000000,-0.836999846317,0.051026135129
105.078125000000,-0.831960076302,0.096636182931
105.093750000000,-0.820260116212,0.140071819249
105.109375000000,-0.801917175440,0.181013903631
105.125000000000,-0.777004582163,0.219174101183
105.140625000000,-0.745651702981,0.254297008505
105.156250000000,-0.708043368834,0.286161926863
105.171875000000,-0.664418808683,0.314584269763
105.187500000000,-0.615070096847,0.339416595745
105.203125000000,-0.560340124381,0.360549260981
105.218750000000,-0.500620109198,0.377910690049
105.234375000000,-0.436346663927,0.391467267024
105.250000000000,-0.367998444577,0.401222852725
105.265625000000,-0.296092407001,0.407217937627
105.281250000000,-0.221179701821,0.409528443421
105.296875000000,-0.143841241922,0.408264189602
105.312500000000,-0.064682979731,0.403567044607
105.328125000000,0.015669065696,0.395608784011
105.343750000000,0.096573989290,0.384588680982
105.359375000000,0.177381343735,0.370730856647
105.375000000000,0.257436600148,0.354281420183
105.390625000000,0.336086678142,0.335505430280
105.406250000000,0.412685496932,0.314683711125
105.421875000000,0.486599498697,0.292109557260
105.437500000000,0.557213095459,0.268085362447
105.453125000000,0.623933991197,0.242919208167
105.468750000000,0.686198331825,0.216921447470
105.484375000000,0.743475636996,0.190401319628
105.500000000000,0.795273469451,0.163663630452
105.515625000000,0.841141799790,0.137005532145
105.531250000000,0.880677027099,0.110713435296
105.546875000000,0.913525618764,0.085060083968
105.562500000000,0.939387336070,0.060301822947
105.578125000000,0.958018015736,0.036676083977
105.593750000000,0.969231881375,0.014399115361
105.609375000000,0.972903362973,-0.006336023400
105.625000000000,0.968968406737,-0.025361183175
105.640625000000,0.957425262163,-0.042534547300
105.656250000000,0.938334737754,-0.057741741747
105.671875000000,0.911819921483,-0.070896624278
105.687500000000,0.878065366851,-0.081941746893
105.703125000000,0.837315750093,-0.090848489346
105.718750000000,0.789874008799,-0.097616864984
105.734375000000,0.736098976804,-0.102275003603
105.750000000000,0.676402534699,-0.104878319388
105.765625000000,0.611246299634,-0.105508375307
105.781250000000,0.541137882178,-0.104271458461
105.796875000000,0.466626741917,-0.101296883917
105.812500000000,0.388299677013,-0.096735047324
105.828125000000,0.306775986284,-0.090755249228
105.843750000000,0.222702345275,-0.083543316315
105.859375000000,0.136747440390,-0.075299046915
105.875000000000,0.049596407332,-0.066233509851
105.890625000000,-0.038054878107,-0.056566227226
105.906250000000,-0.125505607549,-0.046522272889
105.921875000000,-0.212055895497,-0.036329319124
105.937500000000,-0.297012632053,-0.026214664645
105.953125000000,-0.379695282086,-0.016402277059
105.968750000000,-0.459441580546,-0.007109882804
105.984375000000,-0.535613074488,0.001453863008
106.000000000000,-0.607600463708,0.009092095282
106.015625000000,-0.674828693658,0.015622315826
106.031250000000,-0.736761756473,0.020878799633
106.046875000000,-0.792907158530,0.024714803554
106.062500000000,-0.842820015888,0.027004552520
106.078125000000,-0.886106742240,0.027644980798
106.093750000000,-0.922428297616,0.026557208400
106.109375000000,-0.951502969957,0.023687735575
106.125000000000,-0.973108665800,0.019009341300
106.140625000000,-0.987084690662,0.012521674867
106.156250000000,-0.993333004204,0.004251532883
106.171875000000,-0.991818939916,-0.005747182606
106.187500000000,-0.982571383765,-0.017393825764
106.203125000000,-0.965682411038,-0.030581685887
106.218750000000,-0.941306385358,-0.045178977662
106.234375000000,-0.909658528623,-0.061030133496
106.250000000000,-0.871012975206,-0.077957385396
106.265625000000,-0.825700328344,-0.095762620711
106.281250000000,-0.774104740921,-0.114229493095
106.296875000000,-0.716660547075,-0.133125767215
106.312500000000,-0.653848474905,-0.152205873160
106.328125000000,-0.586191474216,-0.171213644128
106.343750000000,-0.514250196545,-0.189885208922
106.359375000000,-0.438618167689,-0.207952008929
106.375000000000,-0.359916695589,-0.225143907815
106.390625000000,-0.278789558609,-0.241192360944
106.406250000000,-0.195897521110,-0.255833610730
106.421875000000,-0.111912724573,-0.268811873605
106.437500000000,-0.027513003519,-0.279882484146
106.453125000000,0.056623824048,-0.288814962126
106.468750000000,0.139825641859,-0.295395968781
106.484375000000,0.221431646824,-0.299432119524
106.500000000000,0.300797838096,-0.300752621566
106.515625000000,0.377302336399,-0.299211706478
106.531250000000,0.450350487939,-0.294690829632
106.546875000000,0.519379709294,-0.287100610625
106.562500000000,0.583864032152,-0.276382491285
106.578125000000,0.643318309579,-0.262510090550
106.593750000000,0.697302048672,-0.245490238452
106.609375000000,0.745422837904,-0.225363674613
106.625000000000,0.787339341220,-0.202205399939
106.640625000000,0.822763834889,-0.176124673647
106.656250000000,0.851464267343,-0.147264651340
106.671875000000,0.873265826506,-0.115801663423
106.687500000000,0.888052003628,-0.081944136819
106.703125000000,0.895765147155,-0.045931166602
106.718750000000,0.896406504748,-0.008030747735
106.734375000000,0.890035756137,0.031462319342
106.750000000000,0.876770044041,0.072228832128
106.765625000000,0.856782514807,0.113927878063
106.781250000000,0.830300384775,0.156199791615
106.796875000000,0.797602552498,0.198669350047
106.812500000000,0.759016780917,0.240949178866
106.828125000000,0.714916477303,0.282643335529
106.843750000000,0.665717102225,0.323351037955
106.859375000000,0.611872241939,0.362670502587
106.875000000000,0.553869381415,0.400202855354
106.890625000000,0.492225417671,0.435556077763
106.906250000000,0.427481955193,0.468348949679
106.921875000000,0.360200426883,0.498214949960
106.937500000000,0.290957085292,0.524806076188
106.953125000000,0.220337909758,0.547796545104
106.968750000000,0.148933475535,0.566886336179
106.984375000000,0.077333831005,0.581804541900
107.000000000000,0.006123428696,0.592312489861
107.015625000000,-0.064123844997,0.598206603639
107.031250000000,-0.132849497699,0.599320971637
107.046875000000,-0.199515074467,0.595529595594
107.062500000000,-0.263606576656,0.586748293296
107.078125000000,-0.324638618468,0.572936233065
107.093750000000,-0.382158286137,0.554097080979
107.109375000000,-0.435748667642,0.530279745269
107.125000000000,-0.485032024141,0.501578706047
107.140625000000,-0.529672577785,0.468133922396
107.156250000000,-0.569378894321,0.430130312779
107.171875000000,-0.603905842751,0.387796808753
107.187500000000,-0.633056118388,0.341404986046
107.203125000000,-0.656681319728,0.291267281064
107.218750000000,-0.674682573794,0.237734804939
107.234375000000,-0.687010708792,0.181194771092
107.250000000000,-0.693665977122,0.122067556117
107.265625000000,-0.694697335926,0.060803417396
107.281250000000,-0.690201296393,-0.002121105693
107.296875000000,-0.680320356935,-0.066207076921
107.312500000000,-0.665241039118,-0.130937301706
107.328125000000,-0.645191548728,-0.195780683280
107.343750000000,-0.620439087674,-0.260196758552
107.359375000000,-0.591286845454,-0.323640373638
107.375000000000,-0.558070701659,-0.385566457452
107.390625000000,-0.521155673397,-0.445434850428
107.406250000000,-0.480932143618,-0.502715144638
107.421875000000,-0.437811908046,-0.556891491068
107.437500000000,-0.392224079795,-0.607467329776
107.453125000000,-0.344610891694,-0.653969999016
107.468750000000,-0.295423436981,-0.695955180170
107.484375000000,-0.245117389198,-0.733011136532
107.500000000000,-0.194148741932,-0.764762705531
107.515625000000,-0.142969608478,-0.790875005962
107.531250000000,-0.092024120559,-0.811056824109
107.546875000000,-0.041744463874,-0.825063645326
107.562500000000,0.007452913373,-0.832700300646
107.578125000000,0.055170884864,-0.833823201271
107.593750000000,0.101034991672,-0.828342137399
107.609375000000,0.144696519696,-0.816221621611
107.625000000000,0.185835282692,-0.797481761109
107.640625000000,0.224162087713,-0.772198647207
107.656250000000,0.259420863012,-0.740504254863
107.671875000000,0.291390431993,-0.702585849377
107.687500000000,0.319885920354,-0.658684901876
107.703125000000,0.344759787303,-0.609095519641
107.718750000000,0.365902475460,-0.554162401781
107.734375000000,0.383242677874,-0.494278335094
107.750000000000,0.396747224336,-0.429881249215
107.765625000000,0.406420592901,-0.361450854241
107.781250000000,0.412304056181,-0.289504887910
107.796875000000,0.414474475467,-0.214595003084
107.812500000000,0.413042759116,-0.137302329724
107.828125000000,0.408152004831,-0.058232748611
107.843750000000,0.399975348370,0.021988083101
107.859375000000,0.388713544003,0.102719912002
107.875000000000,0.374592304430,0.183313229631
107.890625000000,0.357859430048,0.263114728540
107.906250000000,0.338781759291,0.341472825709
107.921875000000,0.317641973280,0.417743205003
107.937500000000,0.294735289191,0.491294329919
107.953125000000,0.270366077565,0.561512877972
107.968750000000,0.244844439234,0.627809048493
107.984375000000,0.218482777668,0.689621696573
108.000000000000,0.191592402246,0.746423247216
108.015625000000,0.164480197367,0.797724345534
108.031250000000,0.137445391336,0.843078201010
108.046875000000,0.110776457679,0.882084586373
108.062500000000,0.084748179882,0.914393454599
108.078125000000,0.059618908668,0.939708140777
108.093750000000,0.035628038672,0.957788119166
108.109375000000,0.012993728921,0.968451289609
108.125000000000,-0.008089111164,0.971575771568
108.140625000000,-0.027450551487,0.967101188326
108.156250000000,-0.044947070995,0.955029428391
108.171875000000,-0.060462674951,0.935424875708
108.187500000000,-0.073909690634,0.908414104977
108.203125000000,-0.085229235786,0.874185043098
108.218750000000,-0.094391357567,0.832985602493
108.234375000000,-0.101394843274,0.785121796733
108.250000000000,-0.106266707522,0.730955353505
108.265625000000,-0.109061363949,0.670900844439
108.281250000000,-0.109859492826,0.605422355600
108.296875000000,-0.108766619091,0.535029726589
108.312500000000,-0.105911418321,0.460274390033
108.328125000000,-0.101443770981,0.381744846834
108.343750000000,-0.095532587843,0.300061815835
108.359375000000,-0.088363431864,0.215873099467
108.375000000000,-0.080135963810,0.129848209539
108.390625000000,-0.071061240782,0.042672799463
108.406250000000,-0.061358898206,-0.044957048977
108.421875000000,-0.051254247060,-0.132340634923
108.437500000000,-0.040975318903,-0.218778493488
108.453125000000,-0.030749891774,-0.303578245788
108.468750000000,-0.020802530168,-0.386060393236
108.484375000000,-0.011351672076,-0.465564005769
108.500000000000,-0.002606795561,-0.541452254675
108.515625000000,0.005234303595,-0.613117741946
108.531250000000,0.011988092795,-0.679987579931
108.546875000000,0.017487713281,-0.741528177216
108.562500000000,0.021585193538,-0.797249689249
108.578125000000,0.024153440586,-0.846710095191
108.593750000000,0.025087986635,-0.889518865774
108.609375000000,0.024308471225,-0.925340190521
108.625000000000,0.021759841762,-0.953895736640
108.640625000000,0.017413258371,-0.974966915973
108.656250000000,0.011266692127,-0.988396640776
108.671875000000,0.003345209014,-0.994090553593
108.687500000000,-0.006299064732,-0.992017721139
108.703125000000,-0.017587296781,-0.982210786834
108.718750000000,-0.030414619881,-0.964765581403
108.734375000000,-0.044651114137,-0.939840195725
108.750000000000,-0.060143091140,-0.907653524849
108.765625000000,-0.076714667441,-0.868483296733
108.781250000000,-0.094169611715,-0.822663603784
108.796875000000,-0.112293446994,-0.770581959621
108.812500000000,-0.130855786511,-0.712675907628
108.828125000000,-0.149612879158,-0.649429211763
108.843750000000,-0.168310338158,-0.581367663709
108.859375000000,-0.186686024504,-0.509054543742
108.875000000000,-0.204473054915,-0.433085775706
108.890625000000,-0.221402902530,-0.354084819021
108.906250000000,-0.237208557446,-0.272697342921
108.921875000000,-0.251627713307,-0.189585729879
108.937500000000,-0.264405945709,-0.105423456581
108.953125000000,-0.275299847990,-0.020889401735
108.968750000000,-0.284080090239,0.063337869487
108.984375000000,-0.290534367857,0.146585794536
109.000000000000,-0.294470206959,0.228193426651
109.015625000000,-0.295717595128,0.307516923490
109.031250000000,-0.294131407619,0.383934863888
109.046875000000,-0.289593600985,0.456853347091
109.062500000000,-0.282015148309,0.525710830917
109.078125000000,-0.271337692675,0.589982667755
109.093750000000,-0.257534898211,0.649185300182
109.109375000000,-0.240613481022,0.702880081131
109.125000000000,-0.220613905413,0.750676687016
109.140625000000,-0.197610734172,0.792236095996
109.156250000000,-0.171712625075,0.827273107517
109.171875000000,-0.143061969337,0.855558383464
109.187500000000,-0.111834171376,0.876919995621
109.203125000000,-0.078236572832,0.891244468568
109.218750000000,-0.042507027491,0.898477311719
109.234375000000,-0.004912137330,0.898623038785
109.250000000000,0.034254836606,0.891744677506
109.265625000000,0.074676371308,0.877962777054
109.281250000000,0.116013366509,0.857453924955
109.296875000000,0.157908093495,0.830448789672
109.312500000000,0.199987381647,0.797229709183
109.328125000000,0.241866013733,0.758127849804
109.343750000000,0.283150298583,0.713519963248
109.359375000000,0.323441787734,0.663824773318
109.375000000000,0.362341100841,0.609499026806
109.390625000000,0.399451823270,0.551033245942
109.406250000000,0.434384438175,0.488947222225
109.421875000000,0.466760254685,0.423785293503
109.437500000000,0.496215293462,0.356111447900
109.453125000000,0.522404090941,0.286504299443
109.468750000000,0.545003383982,0.215551981096
109.484375000000,0.563715637441,0.143847001371
109.500000000000,0.578272378345,0.071981110696
109.515625000000,0.588437301887,0.000540223294
109.531250000000,0.594009116314,-0.069900560465
109.546875000000,0.594824095997,-0.138781787524
109.562500000000,0.590758314527,-0.205564299332
109.578125000000,0.581729532437,-0.269733652655
109.593750000000,0.567698717294,-0.330804276285
109.609375000000,0.548671177185,-0.388323328604
109.625000000000,0.524697292166,-0.441874223929
109.640625000000,0.495872831952,-0.491079798885
109.656250000000,0.462338851948,-0.535605093527
109.671875000000,0.424281163708,-0.575159725685
109.687500000000,0.381929379880,-0.609499840888
109.703125000000,0.335555537784,-0.638429624286
109.718750000000,0.285472309776,-0.661802365106
109.734375000000,0.232030812567,-0.679521068397
109.750000000000,0.175618031535,-0.691538613007
109.765625000000,0.116653879892,-0.697857458978
109.781250000000,0.055587916151,-0.698528911651
109.796875000000,-0.007104253222,-0.693651953825
109.812500000000,-0.070924855891,-0.683371661236
109.828125000000,-0.135358087449,-0.667877220347
109.843750000000,-0.199874461291,-0.647399570986
109.859375000000,-0.263935336566,-0.622208699647
109.875000000000,-0.326997584238,-0.592610612333
109.890625000000,-0.388518349670,-0.558944018523
109.906250000000,-0.447959868876,-0.521576760281
109.921875000000,-0.504794294757,-0.480902022625
109.937500000000,-0.558508489167,-0.437334362947
109.953125000000,-0.608608736618,-0.391305598694
109.968750000000,-0.654625335814,-0.343260593438
109.984375000000,-0.696117025963,-0.293652982084
110.000000000000,-0.732675206020,-0.242940876137
110.015625000000,-0.763927906596,-0.191582589765
110.031250000000,-0.789543476216,-0.140032426796
110.046875000000,-0.809233945969,-0.088736567841
110.062500000000,-0.822758039253,-0.038129095395
110.078125000000,-0.829923796336,0.011371806926
110.093750000000,-0.830590786760,0.059367446843
110.109375000000,-0.824671886176,0.105481975753
110.125000000000,-0.812134598026,0.149365471747
110.140625000000,-0.793001904475,0.190696726970
110.156250000000,-0.767352635218,0.229185716128
110.171875000000,-0.735321347038,0.264575726213
110.187500000000,-0.697097711454,0.296645131056
110.203125000000,-0.652925412181,0.325208797876
110.218750000000,-0.603100558626,0.350119116730
110.234375000000,-0.547969626046,0.371266647546
110.250000000000,-0.487926937350,0.388580383188
110.265625000000,-0.423411705733,0.402027630807
110.281250000000,-0.354904661474,0.411613517447
110.296875000000,-0.282924290032,0.417380129527
110.312500000000,-0.208022712316,0.419405299336
110.328125000000,-0.130781241336,0.417801055044
110.343750000000,-0.051805652592,0.412711753916
110.359375000000,0.028278791706,0.404311921377
110.375000000000,0.108832522038,0.392803821291
110.390625000000,0.189207000024,0.378414785261
110.406250000000,0.268750169668,0.361394330908
110.421875000000,0.346811973943,0.342011100947
110.437500000000,0.422749888405,0.320549656352
110.453125000000,0.495934423170,0.297307158105
110.468750000000,0.565754544629,0.272589972822
110.484375000000,0.631622968791,0.246710238010
110.500000000000,0.692981279051,0.219982422798
110.515625000000,0.749304822570,0.192719919744
110.531250000000,0.800107341213,0.165231702667
110.546875000000,0.844945295196,0.137819084509
110.562500000000,0.883421840146,0.110772607920
110.578125000000,0.915190421217,0.084369099618
110.593750000000,0.939957951186,0.058868917674
110.609375000000,0.957487542999,0.034513418623
110.625000000000,0.967600771127,0.011522668837
110.640625000000,0.970179440168,-0.009906578096
110.656250000000,0.965166843427,-0.029602619193
110.671875000000,0.952568498694,-0.047420239374
110.687500000000,0.932452353008,-0.063241835770
110.703125000000,0.904948452910,-0.076978219889
110.718750000000,0.870248081362,-0.088569091979
110.734375000000,0.828602367292,-0.097983185314
110.750000000000,0.780320378348,-0.105218081691
110.765625000000,0.725766712086,-0.110299702797
110.781250000000,0.665358605246,-0.113281485561
110.796875000000,0.599562585111,-0.114243252832
110.812500000000,0.528890691014,-0.113289793946
110.828125000000,0.453896297903,-0.110549172683
110.843750000000,0.375169577477,-0.106170782975
110.859375000000,0.293332635634,-0.100323175282
110.875000000000,0.209034367906,-0.093191678904
110.890625000000,0.122945077110,-0.084975847571
110.906250000000,0.035750899589,-0.075886757449
110.921875000000,-0.051851911834,-0.066144188163
110.937500000000,-0.139162798726,-0.055973718602
110.953125000000,-0.225482751435,-0.045603770102
110.968750000000,-0.310120156242,-0.035262630075
110.984375000000,-0.392396584538,-0.025175489318
111.000000000000,-0.471652473778,-0.015561525990
111.015625000000,-0.547252650884,-0.006631068740
111.031250000000,-0.618591650133,0.001417129460
111.046875000000,-0.685098779356,0.008398476390
111.062500000000,-0.746242890479,0.014144955767
111.078125000000,-0.801536813057,0.018507345515
111.093750000000,-0.850541412382,0.021357214250
111.109375000000,-0.892869237082,0.022588673466
111.125000000000,-0.928187724750,0.022119865511
111.140625000000,-0.956221938025,0.019894170267
111.156250000000,-0.976756807713,0.015881116445
111.171875000000,-0.989638863878,0.010076986550
111.187500000000,-0.994777440350,0.002505107845
111.203125000000,-0.992145342759,-0.006784175030
111.218750000000,-0.981778974920,-0.017713846687
111.234375000000,-0.963777923175,-0.030180884400
111.250000000000,-0.938304003070,-0.044057232386
111.265625000000,-0.905579777473,-0.059191077744
111.281250000000,-0.865886559880,-0.075408415543
111.296875000000,-0.819561921166,-0.092514887441
111.312500000000,-0.766996722391,-0.110297875233
111.328125000000,-0.708631700386,-0.128528827895
111.343750000000,-0.644953636772,-0.146965798163
111.359375000000,-0.576491144618,-0.165356162266
111.375000000000,-0.503810110306,-0.183439494427
111.390625000000,-0.427508831069,-0.200950565882
111.406250000000,-0.348212891306,-0.217622436712
111.421875000000,-0.266569822928,-0.233189607617
111.437500000000,-0.183243596827,-0.247391197895
111.453125000000,-0.098908993878,-0.259974115417
111.468750000000,-0.014245904841,-0.270696184255
111.484375000000,0.070066391000,-0.279329195800
111.500000000000,0.153354918581,-0.285661849792
111.515625000000,0.234958621732,-0.289502552583
111.531250000000,0.314233851161,-0.290682041209
111.546875000000,0.390559678421,-0.289055803408
111.562500000000,0.463342990260,-0.284506265627
111.578125000000,0.532023319822,-0.276944723243
111.593750000000,0.596077373709,-0.266312989677
111.609375000000,0.655023216731,-0.252584743801
111.625000000000,0.708424079382,-0.235766557982
111.640625000000,0.755891756557,-0.215898592231
111.656250000000,0.797089569791,-0.193054943237
111.671875000000,0.831734869303,-0.167343640513
111.687500000000,0.859601056309,-0.138906285406
111.703125000000,0.880519110438,-0.107917332342
111.718750000000,0.894378611552,-0.074583015304
111.734375000000,0.901128249825,-0.039139926192
111.750000000000,0.900775822517,-0.001853255282
111.765625000000,0.893387720488,0.036985292469
111.781250000000,0.879087912000,0.077059888127
111.796875000000,0.858056435835,0.118033256095
111.812500000000,0.830527420047,0.159549614565
111.828125000000,0.796786646854,0.201237852767
111.843750000000,0.757168688090,0.242714916058
111.859375000000,0.712053639362,0.283589367529
111.875000000000,0.661863484487,0.323465092750
111.890625000000,0.607058124924,0.361945112532
111.906250000000,0.548131111694,0.398635467151
111.921875000000,0.485605119748,0.433149134432
111.937500000000,0.420027206797,0.465109943379
111.953125000000,0.351963900309,0.494156444706
111.968750000000,0.281996157624,0.519945699652
111.984375000000,0.210714245002,0.542156948928
112.000000000000,0.138712581859,0.560495124373
112.015625000000,0.066584596418,0.574694167142
112.031250000000,-0.005082361385,0.584520117704
112.046875000000,-0.075712004751,0.589773944877
112.062500000000,-0.144743948896,0.590294083278
112.078125000000,-0.211638361815,0.585958651134
112.093750000000,-0.275880386872,0.576687323201
112.109375000000,-0.336984299469,0.562442836609
112.125000000000,-0.394497362777,0.543232110797
112.140625000000,-0.448003350527,0.519106966208
112.156250000000,-0.497125708107,0.490164430110
112.171875000000,-0.541530326794,0.456546621781
112.187500000000,-0.580927909629,0.418440213201
112.203125000000,-0.615075911406,0.376075465432
112.218750000000,-0.643780039264,0.329724844896
112.234375000000,-0.666895304530,0.279701227796
112.250000000000,-0.684326620664,0.226355704898
112.265625000000,-0.696028946391,0.170075002793
112.281250000000,-0.702006977295,0.111278541535
112.296875000000,-0.702314393311,0.050415152137
112.312500000000,-0.697052673589,-0.012040519145
112.328125000000,-0.686369494121,-0.075591889659
112.343750000000,-0.670456727264,-0.139724569308
112.359375000000,-0.649548065818,-0.203910703966
112.375000000000,-0.623916297622,-0.267613495382
112.390625000000,-0.593870259676,-0.330291857637
112.406250000000,-0.559751503483,-0.391405168609
112.421875000000,-0.521930705793,-0.450418073646
112.437500000000,-0.480803860941,-0.506805297831
112.453125000000,-0.436788292731,-0.560056422760
112.468750000000,-0.390318525161,-0.609680583736
112.484375000000,-0.341842052227,-0.655211043665
112.500000000000,-0.291815047653,-0.696209600715
112.515625000000,-0.240698055559,-0.732270788013
112.531250000000,-0.188951702880,-0.763025825235
112.546875000000,-0.137032473755,-0.788146283913
112.562500000000,-0.085388585121,-0.807347430644
112.578125000000,-0.034456001443,-0.820391215051
112.593750000000,0.015345375236,-0.827088872372
112.609375000000,0.063615305714,-0.827303113844
112.625000000000,0.109976572690,-0.820949881661
112.640625000000,0.154078069226,-0.807999649042
112.656250000000,0.195597590301,-0.788478250007
112.671875000000,0.234244304219,-0.762467227615
112.687500000000,0.269760884016,-0.730103693722
112.703125000000,0.301925282436,-0.691579697722
112.718750000000,0.330552137708,-0.647141106161
112.734375000000,0.355493801065,-0.597085999591
112.750000000000,0.376640980708,-0.541762597398
112.765625000000,0.393923000742,-0.481566725729
112.781250000000,0.407307677375,-0.416938847839
112.796875000000,0.416800818412,-0.348360680249
112.812500000000,0.422445355746,-0.276351421984
112.828125000000,0.424320124025,-0.201463627829
112.843750000000,0.422538302105,-0.124278759885
112.859375000000,0.417245537022,-0.045402454823
112.875000000000,0.408617773227,0.034540453008
112.890625000000,0.396858812513,0.114911110063
112.906250000000,0.382197632531,0.195061979086
112.921875000000,0.364885493933,0.274342285353
112.937500000000,0.345192868016,0.352103526219
112.953125000000,0.323406218272,0.427704995728
112.968750000000,0.299824670386,0.500519275630
112.984375000000,0.274756606056,0.569937644285
113.000000000000,0.248516216465,0.635375355388
113.015625000000,0.221420051314,0.696276739434
113.031250000000,0.193783599068,0.752120082200
113.046875000000,0.165917933445,0.802422236319
113.062500000000,0.138126460189,0.846742924226
113.078125000000,0.110701796889,0.884688693317
113.093750000000,0.083922816924,0.915916487132
113.109375000000,0.058051886743,0.940136799626
113.125000000000,0.033332323407,0.957116383187
113.140625000000,0.009986096869,0.966680484926
113.156250000000,-0.011788201243,0.968714589851
113.171875000000,-0.031817103510,0.963165653853
113.187500000000,-0.049953711554,0.950042813900
113.203125000000,-0.066078827296,0.929417567421
113.218750000000,-0.080101761533,0.901423417559
113.234375000000,-0.091960814102,0.866254985667
113.250000000000,-0.101623423416,0.824166597182
113.265625000000,-0.109085986602,0.775470351631
113.281250000000,-0.114373354951,0.720533692167
113.296875000000,-0.117538012764,0.659776494464
113.312500000000,-0.118658950968,0.593667699096
113.328125000000,-0.117840250057,0.522721515615
113.343750000000,-0.115209389877,0.447493230398
113.359375000000,-0.110915306636,0.368574653841
113.375000000000,-0.105126220051,0.286589245806
113.390625000000,-0.098027255932,0.202186961044
113.406250000000,-0.089817891557,0.116038858928
113.421875000000,-0.080709252981,0.028831523911
113.437500000000,-0.070921294904,-0.058738655095
113.453125000000,-0.060679894876,-0.145971296956
113.468750000000,-0.050213894454,-0.232167881832
113.484375000000,-0.039752120386,-0.316637595221
113.500000000000,-0.029520419070,-0.398703111814
113.515625000000,-0.019738737298,-0.477706268961
113.531250000000,-0.010618281773,-0.553013580453
113.546875000000,-0.002358788965,-0.624021542736
113.562500000000,0.004854064295,-0.690161687474
113.578125000000,0.010851080666,-0.750905336580
113.593750000000,0.015481765579,-0.805768018478
113.609375000000,0.018616329051,-0.854313507313
113.625000000000,0.020147443505,-0.896157450162
113.640625000000,0.019991737699,-0.930970550929
113.656250000000,0.018091009647,-0.958481283504
113.671875000000,0.014413144441,-0.978478110957
113.687500000000,0.008952726022,-0.990811191851
113.703125000000,0.001731335203,-0.995393559330
113.718750000000,-0.007202470375,-0.992201763243
113.734375000000,-0.017773495329,-0.981275970353
113.750000000000,-0.029880562143,-0.962719522406
113.765625000000,-0.043397477462,-0.936697956638
113.781250000000,-0.058174299837,-0.903437498016
113.796875000000,-0.074038896455,-0.863223037146
113.812500000000,-0.090798773250,-0.816395612294
113.828125000000,-0.108243159807,-0.763349418302
113.843750000000,-0.126145327679,-0.704528369306
113.859375000000,-0.144265118150,-0.640422246048
113.875000000000,-0.162351653133,-0.571562462183
113.890625000000,-0.180146200816,-0.498517487255
113.906250000000,-0.197385165864,-0.421887966959
113.921875000000,-0.213803172512,-0.342301583906
113.937500000000,-0.229136207704,-0.260407704264
113.953125000000,-0.243124790600,-0.176871857437
113.968750000000,-0.255517134285,-0.092370097293
113.984375000000,-0.266072265377,-0.007583294353
114.000000000000,-0.274563067428,0.076808591165
114.015625000000,-0.280779214592,0.160132205545
114.031250000000,-0.284529962925,0.241726417538
114.046875000000,-0.285646767951,0.320947805480
114.062500000000,-0.283985698685,0.397175968262
114.078125000000,-0.279429620200,0.469818614562
114.093750000000,-0.271890119018,0.538316386890
114.109375000000,-0.261309148062,0.602147379482
114.125000000000,-0.247660370605,0.660831311988
114.140625000000,-0.230950185608,0.713933324049
114.156250000000,-0.211218419967,0.761067359405
114.171875000000,-0.188538676480,0.801899111930
114.187500000000,-0.163018329800,0.836148509995
114.203125000000,-0.134798166157,0.863591719769
114.218750000000,-0.104051666243,0.884062652445
114.234375000000,-0.070983934300,0.897453964829
114.250000000000,-0.035830280037,0.903717547327
114.265625000000,0.001145536357,0.902864497926
114.281250000000,0.039653382379,0.894964585373
114.296875000000,0.079379137401,0.880145209297
114.312500000000,0.119987362508,0.858589869442
114.328125000000,0.161124232515,0.830536160548
114.343750000000,0.202420703860,0.796273313505
114.359375000000,0.243495889434,0.756139307416
114.375000000000,0.283960609090,0.710517580847
114.390625000000,0.323421082466,0.659833374026
114.406250000000,0.361482729087,0.604549736823
114.421875000000,0.397754039236,0.545163240193
114.437500000000,0.431850478061,0.482199431143
114.453125000000,0.463398384694,0.416208073390
114.468750000000,0.492038827794,0.347758217511
114.484375000000,0.517431379022,0.277433145659
114.500000000000,0.539257766345,0.205825236747
114.515625000000,0.557225369892,0.133530798433
114.531250000000,0.571070524236,0.061144912208
114.546875000000,0.580561592542,-0.010743662517
114.562500000000,0.585501779862,-0.081557480309
114.578125000000,0.585731655112,-0.150735253806
114.593750000000,0.581131353759,-0.217736507900
114.609375000000,0.571622436085,-0.282046003897
114.625000000000,0.557169378967,-0.343177895947
114.640625000000,0.537780682437,-0.400679584764
114.656250000000,0.513509575798,-0.454135236633
114.671875000000,0.484454311782,-0.503168939046
114.687500000000,0.450758041065,-0.547447467824
114.703125000000,0.412608263401,-0.586682644332
114.718750000000,0.370235855632,-0.620633265317
114.734375000000,0.323913680864,-0.649106591979
114.750000000000,0.273954787140,-0.671959388999
114.765625000000,0.220710207892,-0.689098508504
114.781250000000,0.164566380335,-0.700481018163
114.796875000000,0.105942201769,-0.706113876806
114.812500000000,0.045285747292,-0.706053165141
114.828125000000,-0.016929324109,-0.700402883167
114.843750000000,-0.080207645005,-0.689313329803
114.859375000000,-0.144036263462,-0.672979084005
114.875000000000,-0.207888979849,-0.651636610171
114.890625000000,-0.271230858554,-0.625561513927
114.906250000000,-0.333522874712,-0.595065477416
114.921875000000,-0.394226654430,-0.560492905959
114.937500000000,-0.452809265785,-0.522217320348
114.953125000000,-0.508748017023,-0.480637531115
114.968750000000,-0.561535217977,-0.436173632847
114.984375000000,-0.610682860693,-0.389262857923
115.000000000000,-0.655727175642,-0.340355330055
115.015625000000,-0.696233020703,-0.289909758557
115.031250000000,-0.731798061297,-0.238389114431
115.046875000000,-0.762056701665,-0.186256329190
115.062500000000,-0.786683729248,-0.133970056685
115.078125000000,-0.805397636488,-0.081980537259
115.093750000000,-0.817963587063,-0.030725602173
115.109375000000,-0.824195996564,0.019373145423
115.125000000000,-0.823960700958,0.067913938769
115.140625000000,-0.817176689754,0.114518213143
115.156250000000,-0.803817384580,0.158833699643
115.171875000000,-0.783911447929,0.200537220779
115.187500000000,-0.757543110965,0.239337164649
115.203125000000,-0.724852013635,0.274975617848
115.218750000000,-0.686032554667,0.307230140703
115.234375000000,-0.641332753518,0.335915172113
115.250000000000,-0.591052630755,0.360883054939
115.265625000000,-0.535542117752,0.382024676734
115.281250000000,-0.475198510950,0.399269724345
115.296875000000,-0.410463490101,0.412586554779
115.312500000000,-0.341819724005,0.421981688397
115.328125000000,-0.269787091102,0.427498934211
115.343750000000,-0.194918545924,0.429218160553
115.359375000000,-0.117795665762,0.427253727766
115.375000000000,-0.039023915012,0.421752602764
115.390625000000,0.040772332629,0.412892178249
115.406250000000,0.120954971523,0.400877822124
115.421875000000,0.200877496405,0.385940185053
115.437500000000,0.279890443426,0.368332296307
115.453125000000,0.357346892489,0.348326479839
115.468750000000,0.432607982654,0.326211124066
115.484375000000,0.505048392053,0.302287339990
115.500000000000,0.574061733800,0.276865543102
115.515625000000,0.639065819969,0.250261994949
115.531250000000,0.699507746615,0.222795340381
115.546875000000,0.754868754241,0.194783176154
115.562500000000,0.804668819904,0.166538686002
115.578125000000,0.848470939365,0.138367376276
115.593750000000,0.885885060285,0.110563944938
115.609375000000,0.916571630407,0.083409315081
115.625000000000,0.940244727967,0.057167862179
115.640625000000,0.956674745161,0.032084862060
115.656250000000,0.965690599360,0.008384184113
115.671875000000,0.967181450870,-0.013733748495
115.687500000000,0.961097910356,-0.034093712738
115.703125000000,0.947452723489,-0.052547138019
115.718750000000,0.926320925022,-0.068973244335
115.734375000000,0.897839459114,-0.083279857160
115.750000000000,0.862206267511,-0.095403893337
115.765625000000,0.819678851842,-0.105311515736
115.781250000000,0.770572321018,-0.112997957941
115.796875000000,0.715256939252,-0.118487023640
115.812500000000,0.654155194719,-0.121830268835
115.828125000000,0.587738413122,-0.123105878250
115.843750000000,0.516522944530,-0.122417250492
115.859375000000,0.441065955669,-0.119891309510
115.875000000000,0.361960863395,-0.115676562731
115.890625000000,0.279832448319,-0.109940928817
115.906250000000,0.195331690443,-0.102869360341
115.921875000000,0.109130371179,-0.094661288770
115.937500000000,0.021915488248,-0.085527920895
115.953125000000,-0.065616468303,-0.075689417362
115.968750000000,-0.152765329479,-0.065371985105
115.984375000000,-0.238833099763,-0.054804916280
116.000000000000,-0.323129797831,-0.044217606841
116.015625000000,-0.404979234875,-0.033836587966
116.031250000000,-0.483724680365,-0.023882603399
116.046875000000,-0.558734366013,-0.014567765187
116.062500000000,-0.629406780118,-0.006092819404
116.078125000000,-0.695175706297,0.001355447739
116.093750000000,-0.755514962836,0.007606634568
116.109375000000,-0.809942801513,0.012508952362
116.125000000000,-0.858025927758,0.015931232624
116.140625000000,-0.899383107328,0.017764690668
116.156250000000,-0.933688328343,0.017924425591
116.171875000000,-0.960673491416,0.016350639534
116.187500000000,-0.980130604817,0.013009562118
116.203125000000,-0.991913465934,0.007894069087
116.218750000000,-0.995938814866,0.001023987457
116.234375000000,-0.992186950601,-0.007553917168
116.250000000000,-0.980701805014,-0.017766272082
116.265625000000,-0.961590474649,-0.029513745286
116.281250000000,-0.935022215064,-0.042672003784
116.296875000000,-0.901226907218,-0.057092973147
116.312500000000,-0.860493010021,-0.072606385909
116.328125000000,-0.813165017682,-0.089021603202
116.343750000000,-0.759640444807,-0.106129691080
116.359375000000,-0.700366366337,-0.123705730158
116.375000000000,-0.635835543271,-0.141511334652
116.390625000000,-0.566582168727,-0.159297354519
116.406250000000,-0.493177272173,-0.176806732354
116.421875000000,-0.416223822555,-0.193777484892
116.437500000000,-0.336351573684,-0.209945777481
116.453125000000,-0.254211697329,-0.225049058720
116.468750000000,-0.170471251297,-0.238829221640
116.484375000000,-0.085807531076,-0.251035757297
116.500000000000,-0.000902354505,-0.261428866515
116.515625000000,0.083563670565,-0.269782495744
116.531250000000,0.166916845721,-0.275887263531
116.546875000000,0.248495999023,-0.279553245037
116.562500000000,0.327657971052,-0.280612583278
116.578125000000,0.403782922650,-0.278921897329
116.593750000000,0.476279418832,-0.274364459642
116.609375000000,0.544589245445,-0.266852116795
116.625000000000,0.608191917698,-0.256326930460
116.640625000000,0.666608842567,-0.242762518076
116.656250000000,0.719407100275,-0.226165075671
116.671875000000,0.766202813600,-0.206574068375
116.687500000000,0.806664077516,-0.184062577496
116.703125000000,0.840513425692,-0.158737296446
116.718750000000,0.867529814627,-0.130738171331
116.734375000000,0.887550110517,-0.100237685641
116.750000000000,0.900470068481,-0.067439792069
116.765625000000,0.906244798319,-0.032578498140
116.781250000000,0.904888715586,0.004083884111
116.796875000000,0.896474981342,0.042258810658
116.812500000000,0.881134438493,0.081633883062
116.828125000000,0.859054057094,0.121875510741
116.843750000000,0.830474905277,0.162631834479
116.859375000000,0.795689666658,0.203535884898
116.875000000000,0.755039728970,0.244208946994
116.890625000000,0.708911872419,0.284264099490
116.906250000000,0.657734589642,0.323309895746
116.921875000000,0.601974072285,0.360954151180
116.937500000000,0.542129902000,0.396807800798
116.953125000000,0.478730486086,0.430488789359
116.968750000000,0.412328280044,0.461625956009
116.984375000000,0.343494840979,0.489862874904
117.000000000000,0.272815757024,0.514861613406
117.015625000000,0.200885498784,0.536306369831
117.031250000000,0.128302239198,0.553906953591
117.046875000000,0.055662688222,0.567402071699
117.062500000000,-0.016443011757,0.576562387167
117.078125000000,-0.087436284688,0.581193316712
117.093750000000,-0.156754970000,0.581137537392
117.109375000000,-0.223857980008,0.576277174324
117.125000000000,-0.288229725452,0.566535644463
117.140625000000,-0.349384271505,0.551879134487
117.156250000000,-0.406869189263,0.532317694154
117.171875000000,-0.460269070775,0.507905930030
117.187500000000,-0.509208679014,0.478743288171
117.203125000000,-0.553355707677,0.444973918168
117.218750000000,-0.592423129534,0.406786114912
117.234375000000,-0.626171115925,0.364411338434
117.250000000000,-0.654408514095,0.318122816182
117.265625000000,-0.676993873220,0.268233736141
117.281250000000,-0.693836014210,0.215095043148
117.296875000000,-0.704894142570,0.159092854617
117.312500000000,-0.710177507888,0.100645515688
117.328125000000,-0.709744617605,0.040200317345
117.343750000000,-0.703702016817,-0.021770095521
117.359375000000,-0.692202649770,-0.084771595977
117.375000000000,-0.675443822441,-0.148292693820
117.390625000000,-0.653664789145,-0.211808865627
117.406250000000,-0.627143989401,-0.274787058144
117.421875000000,-0.596195964312,-0.336690325158
117.437500000000,-0.561167984448,-0.396982556373
117.453125000000,-0.522436423640,-0.455133255622
117.468750000000,-0.480402915127,-0.510622324922
117.484375000000,-0.435490328259,-0.562944810461
117.500000000000,-0.388138605247,-0.611615566595
117.515625000000,-0.338800498431,-0.656173794336
117.531250000000,-0.287937249093,-0.696187411637
117.546875000000,-0.236014249004,-0.731257213948
117.562500000000,-0.183496725686,-0.761020785196
117.578125000000,-0.130845491742,-0.785156121255
117.593750000000,-0.078512797632,-0.803384930387
117.609375000000,-0.026938325896,-0.815475577798
117.625000000000,0.023454636869,-0.821245644478
117.640625000000,0.072262816022,-0.820564073831
117.656250000000,0.119106320998,-0.813352883148
117.671875000000,0.163631744274,-0.799588420812
117.687500000000,0.205514960852,-0.779302154134
117.703125000000,0.244463605051,-0.752580976885
117.718750000000,0.280219204749,-0.719567029899
117.734375000000,0.312558956719,-0.680457032507
117.750000000000,0.341297130339,-0.635501126985
117.765625000000,0.366286090690,-0.585001242647
117.781250000000,0.387416935847,-0.529308990611
117.796875000000,0.404619746980,-0.468823104579
117.812500000000,0.417863453678,-0.403986447189
117.828125000000,0.427155320661,-0.335282605538
117.843750000000,0.432540065697,-0.263232103339
117.859375000000,0.434098622071,-0.188388260779
117.875000000000,0.431946562344,-0.111332736517
117.890625000000,0.426232203306,-0.032670789325
117.906250000000,0.417134415004,0.046973700417
117.921875000000,0.404860159467,0.126963406749
117.937500000000,0.389641787149,0.206652887077
117.953125000000,0.371734121319,0.285394017822
117.968750000000,0.351411362414,0.362541489356
117.984375000000,0.328963845926,0.437458312038
118.000000000000,0.304694688512,0.509521284833
118.015625000000,0.278916357855,0.578126378100
118.031250000000,0.251947202243,0.642693982660
118.046875000000,0.224107975916,0.702673978253
118.062500000000,0.195718395956,0.757550575864
118.078125000000,0.167093765876,0.806846890266
118.093750000000,0.138541700060,0.850129201285
118.109375000000,0.110358981913,0.887010864956
118.125000000000,0.082828586907,0.917155838655
118.140625000000,0.056216899802,0.940281787615
118.156250000000,0.030771153060,0.956162743813
118.171875000000,0.006717110979,0.964631292112
118.187500000000,-0.015742978620,0.965580262624
118.203125000000,-0.036432146293,0.958963912588
118.218750000000,-0.055200160675,0.944798585543
118.234375000000,-0.071924673464,0.923162840134
118.250000000000,-0.086512040540,0.894197045616
118.265625000000,-0.098897813482,0.858102445789
118.281250000000,-0.109046899251,0.815139697855
118.296875000000,-0.116953389292,0.765626897318
118.312500000000,-0.122640062744,0.709937104639
118.328125000000,-0.126157571884,0.648495393815
118.343750000000,-0.127583321168,0.581775447298
118.359375000000,-0.127020054464,0.510295725765
118.375000000000,-0.124594168022,0.434615245048
118.390625000000,-0.120453769573,0.355328996073
118.406250000000,-0.114766506520,0.273063046878
118.421875000000,-0.107717188535,0.188469368662
118.437500000000,-0.099505231963,0.102220430303
118.453125000000,-0.090341955200,0.015003607924
118.468750000000,-0.080447755709,-0.072484542237
118.484375000000,-0.070049200481,-0.159544098132
118.500000000000,-0.059376062593,-0.245477623008
118.515625000000,-0.048658336972,-0.329596002581
118.531250000000,-0.038123268632,-0.411224217620
118.546875000000,-0.027992426433,-0.489707001787
118.562500000000,-0.018478854882,-0.564414335582
118.578125000000,-0.009784335557,-0.634746728626
118.593750000000,-0.002096788579,-0.700140244381
118.609375000000,0.004412157010,-0.760071223633
118.625000000000,0.009589396957,-0.814060665718
118.640625000000,0.013302364637,-0.861678229478
118.656250000000,0.015440800520,-0.902545819263
118.671875000000,0.015918258301,-0.936340724979
118.687500000000,0.014673330590,-0.962798289084
118.703125000000,0.011670580042,-0.981714077620
118.718750000000,0.006901164932,-0.992945536749
118.734375000000,0.000383151499,-0.996413120787
118.750000000000,-0.007838491338,-0.992100882395
118.765625000000,-0.017692215847,-0.980056520328
118.781250000000,-0.029080535470,-0.960390884936
118.796875000000,-0.041880975118,-0.933276946342
118.812500000000,-0.055947322574,-0.898948235004
118.828125000000,-0.071111168572,-0.857696768949
118.843750000000,-0.087183720008,-0.809870486511
118.859375000000,-0.103957867725,-0.755870207682
118.875000000000,-0.121210487550,-0.696146151366
118.890625000000,-0.138704950685,-0.631194039616
118.906250000000,-0.156193817182,-0.561550823583
118.921875000000,-0.173421684197,-0.487790069120
118.937500000000,-0.190128158905,-0.410517042951
118.953125000000,-0.206050924476,-0.330363542813
118.968750000000,-0.220928866353,-0.247982517198
118.984375000000,-0.234505225245,-0.164042522007
119.000000000000,-0.246530742759,-0.079222062796
119.015625000000,-0.256766765442,0.005796127860
119.031250000000,-0.264988273259,0.090330827901
119.046875000000,-0.270986799039,0.173708028253
119.062500000000,-0.274573206388,0.255266550740
119.078125000000,-0.275580294783,0.334363532823
119.093750000000,-0.273865202144,0.410379731911
119.109375000000,-0.269311577085,0.482724603725
119.125000000000,-0.261831495205,0.550841111361
119.140625000000,-0.251367096257,0.614210224243
119.156250000000,-0.237891921734,0.672355069032
119.171875000000,-0.221411935343,0.724844697823
119.187500000000,-0.201966211970,0.771297442442
119.203125000000,-0.179627284032,0.811383827513
119.218750000000,-0.154501137541,0.844829018928
119.234375000000,-0.126726853723,0.871414788630
119.250000000000,-0.096475895659,0.890980980983
119.265625000000,-0.063951042981,0.903426470488
119.281250000000,-0.029384981341,0.908709605186
119.296875000000,0.006961443121,0.906848134709
119.312500000000,0.044801290539,0.897918626501
119.328125000000,0.083823898193,0.882055378305
119.343750000000,0.123697535120,0.859448839455
119.359375000000,0.164072317047,0.830343557811
119.375000000000,0.204583355383,0.795035673376
119.390625000000,0.244854111402,0.753869983490
119.406250000000,0.284499924438,0.707236608286
119.421875000000,0.323131680835,0.655567288427
119.437500000000,0.360359588701,0.599331350311
119.453125000000,0.395797022110,0.539031376677
119.468750000000,0.429064397346,0.475198622977
119.484375000000,0.459793043100,0.408388221915
119.500000000000,0.487629026234,0.339174220200
119.515625000000,0.512236894751,0.268144492780
119.531250000000,0.533303300093,0.195895580672
119.546875000000,0.550540461661,0.123027498848
119.562500000000,0.563689437641,0.050138560644
119.578125000000,0.572523167793,-0.022179735325
119.593750000000,0.576849255691,-0.093347710637
119.609375000000,0.576512460170,-0.162802361082
119.625000000000,0.571396868228,-0.230002017097
119.640625000000,0.561427724486,-0.294430770507
119.656250000000,0.546572895341,-0.355602629895
119.671875000000,0.526843949314,-0.413065369671
119.687500000000,0.502296838571,-0.466404040926
119.703125000000,0.473032170312,-0.515244115514
119.718750000000,0.439195060546,-0.559254238343
119.734375000000,0.400974566686,-0.598148566648
119.750000000000,0.358602699411,-0.631688678933
119.765625000000,0.312353018250,-0.659685040386
119.781250000000,0.262538819341,-0.681998015708
119.796875000000,0.209510927802,-0.698538424550
119.812500000000,0.153655110989,-0.709267638981
119.828125000000,0.095389132667,-0.714197226657
119.843750000000,0.035159471722,-0.713388147479
119.859375000000,-0.026562267629,-0.706949515647
119.875000000000,-0.089283223960,-0.695036942862
119.890625000000,-0.152493392082,-0.677850482248
119.906250000000,-0.215669946184,-0.655632196045
119.921875000000,-0.278281734769,-0.628663373447
119.937500000000,-0.339793907533,-0.597261427986
119.953125000000,-0.399672632789,-0.561776506563
119.968750000000,-0.457389862790,-0.522587844673
119.984375000000,-0.512428103562,-0.480099904396
120.000000000000,-0.564285145382,-0.434738333451
120.015625000000,-0.612478710097,-0.386945784945
120.031250000000,-0.656550971852,-0.337177638367
120.046875000000,-0.696072908644,-0.285897662966
120.062500000000,-0.730648443307,-0.233573664784
120.078125000000,-0.759918334192,-0.180673158408
120.093750000000,-0.783563777761,-0.127659103862
120.109375000000,-0.801309687703,-0.074985748079
120.125000000000,-0.812927617873,-0.023094609011
120.140625000000,-0.818238299371,0.027589361284
120.156250000000,-0.817113765420,0.076661400278
120.171875000000,-0.809479041255,0.123740313441
120.187500000000,-0.795313380074,0.168471578247
120.203125000000,-0.774651030093,0.210530147408
120.218750000000,-0.747581521947,0.249622928120
120.234375000000,-0.714249469941,0.285490917478
120.250000000000,-0.674853885086,0.317910977739
120.265625000000,-0.629647002219,0.346697238730
120.281250000000,-0.578932628005,0.371702118465
120.296875000000,-0.523064020952,0.392816956815
120.312500000000,-0.462441318914,0.409972260913
120.328125000000,-0.397508533758,0.423137564757
120.343750000000,-0.328750136884,0.432320909237
120.359375000000,-0.256687263147,0.437567952489
120.375000000000,-0.181873564344,0.438960723975
120.390625000000,-0.104890746754,0.436616039118
120.406250000000,-0.026343830278,0.430683594472
120.421875000000,0.053143830548,0.421343766387
120.437500000000,0.132935721050,0.408805138869
120.453125000000,0.212387491796,0.393301788746
120.468750000000,0.290852388660,0.375090358443
120.484375000000,0.367686740164,0.354446948474
120.500000000000,0.442255453976,0.331663863288
120.515625000000,0.513937474071,0.307046245246
120.531250000000,0.582131150233,0.280908632329
120.546875000000,0.646259472079,0.253571475613
120.562500000000,0.705775120812,0.225357652636
120.578125000000,0.760165293310,0.196589012490
120.593750000000,0.808956254983,0.167582987867
120.609375000000,0.851717580085,0.138649308248
120.625000000000,0.888066040754,0.110086847162
120.640625000000,0.917669109044,0.082180634752
120.656250000000,0.940248039505,0.055199064948
120.671875000000,0.955580503483,0.029391324317
120.687500000000,0.963502750175,0.004985067163
120.703125000000,0.963911273617,-0.017815641296
120.718750000000,0.956763969058,-0.038832094758
120.734375000000,0.942080766691,-0.057912412895
120.750000000000,0.919943735276,-0.074932693084
120.765625000000,0.890496652888,-0.089797837674
120.781250000000,0.853944046727,-0.102442051029
120.796875000000,0.810549708631,-0.112829004129
120.812500000000,0.760634697622,-0.120951667967
120.828125000000,0.704574845330,-0.126831820455
120.843750000000,0.642797784649,-0.130519234948
120.859375000000,0.575779526175,-0.132090561783
120.875000000000,0.504040611095,-0.131647917426
120.890625000000,0.428141872934,-0.129317198790
120.906250000000,0.348679844164,-0.125246143127
120.921875000000,0.266281846815,-0.119602156482
120.937500000000,0.181600809145,-0.112569936036
120.953125000000,0.095309852880,-0.104348913752
120.968750000000,0.008096697660,-0.095150550518
120.984375000000,-0.079342069026,-0.085195511464
121.000000000000,-0.166306806835,-0.074710754280
121.015625000000,-0.252100672150,-0.063926563206
121.031250000000,-0.336035451491,-0.053073561814
121.046875000000,-0.417437328143,-0.042379737877
121.062500000000,-0.495652531874,-0.032067513384
121.078125000000,-0.570052822651,-0.022350892227
121.093750000000,-0.640040760680,-0.013432717179
121.109375000000,-0.705054716912,-0.005502066579
121.125000000000,-0.764573580503,0.001268180399
121.140625000000,-0.818121122267,0.006723582857
121.156250000000,-0.865269976280,0.010730156726
121.171875000000,-0.905645205075,0.013176150218
121.187500000000,-0.938927417578,0.013973556214
121.203125000000,-0.964855412856,0.013059344479
121.218750000000,-0.983228326933,0.010396399556
121.234375000000,-0.993907264319,0.005974153357
121.250000000000,-0.996816400428,-0.000191095263
121.265625000000,-0.991943545734,-0.008056178348
121.281250000000,-0.979340167260,-0.017551375047
121.296875000000,-0.959120867771,-0.028581043786
121.312500000000,-0.931462327809,-0.041024564554
121.328125000000,-0.896601720455,-0.054737582155
121.343750000000,-0.854834613290,-0.069553538012
121.359375000000,-0.806512376580,-0.085285474985
121.375000000000,-0.752039120974,-0.101728096675
121.390625000000,-0.691868192148,-0.118660059934
121.406250000000,-0.626498253683,-0.135846476679
121.421875000000,-0.556468993014,-0.153041598804
121.437500000000,-0.482356488559,-0.169991657894
121.453125000000,-0.404768279064,-0.186437829663
121.468750000000,-0.324338178681,-0.202119291569
121.484375000000,-0.241720883520,-0.216776340865
121.500000000000,-0.157586417069,-0.230153539550
121.515625000000,-0.072614463236,-0.242002852192
121.531250000000,0.012511363399,-0.252086742438
121.546875000000,0.097109260097,-0.260181194265
121.562500000000,0.180504941251,-0.266078624591
121.578125000000,0.262037256949,-0.269590654747
121.593750000000,0.341063676196,-0.270550709615
121.609375000000,0.416965587571,-0.268816414749
121.625000000000,0.489153371834,-0.264271763739
121.640625000000,0.557071203173,-0.256829030232
121.656250000000,0.620201538368,-0.246430401489
121.671875000000,0.678069256004,-0.233049313061
121.687500000000,0.730245411173,-0.216691467096
121.703125000000,0.776350574580,-0.197395519935
121.718750000000,0.816057728842,-0.175233427904
121.734375000000,0.849094698754,-0.150310443681
121.750000000000,0.875246096567,-0.122764759108
121.765625000000,0.894354767696,-0.092766793917
121.781250000000,0.906322726791,-0.060518133464
121.796875000000,0.911111578661,-0.026250122149
121.812500000000,0.908742423188,0.009777877196
121.828125000000,0.899295247926,0.047280544208
121.843750000000,0.882907816648,0.085948965058
121.859375000000,0.859774066560,0.125453279327
121.875000000000,0.830142031210,0.165445586285
121.890625000000,0.794311310262,0.205563084344
121.906250000000,0.752630111253,0.245431414861
121.921875000000,0.705491892140,0.284668179122
121.937500000000,0.653331636841,0.322886595339
121.953125000000,0.596621799100,0.359699260729
121.968750000000,0.535867952751,0.394721982403
121.984375000000,0.471604188895,0.427577639718
122.000000000000,0.404388302503,0.457900040088
122.015625000000,0.334796812614,0.485337729933
122.031250000000,0.263419861502,0.509557722522
122.046875000000,0.190856039005,0.530249104883
122.062500000000,0.117707178583,0.547126486807
122.078125000000,0.044573171599,0.559933256123
122.093750000000,-0.027953154102,0.568444605981
122.109375000000,-0.099291046198,0.572470301779
122.125000000000,-0.168876686610,0.571857157555
122.140625000000,-0.236167854772,0.566491194243
122.156250000000,-0.300648355383,0.556299454965
122.171875000000,-0.361832172944,0.541251455640
122.187500000000,-0.419267318200,0.521360252493
122.203125000000,-0.472539334612,0.496683111555
122.218750000000,-0.521274436348,0.467321768959
122.234375000000,-0.565142252860,0.433422274630
122.250000000000,-0.603858158867,0.395174415911
122.265625000000,-0.637185172551,0.352810721648
122.281250000000,-0.664935408849,0.306605051268
122.296875000000,-0.686971078887,0.256870777388
122.312500000000,-0.703205030874,0.203958574431
122.328125000000,-0.713600831987,0.148253829598
122.343750000000,-0.718172395053,0.090173696270
122.359375000000,-0.716983157942,0.030163813467
122.375000000000,-0.710144827701,-0.031305281600
122.390625000000,-0.697815705343,-0.093742017751
122.406250000000,-0.680198610971,-0.156637897804
122.421875000000,-0.657538432442,-0.219471814662
122.437500000000,-0.630119324080,-0.281714537650
122.453125000000,-0.598261584969,-0.342833329295
122.468750000000,-0.562318249062,-0.402296651169
122.484375000000,-0.522671421782,-0.459578916252
122.500000000000,-0.479728399801,-0.514165244434
122.515625000000,-0.433917612436,-0.565556177439
122.531250000000,-0.385684424367,-0.613272309398
122.546875000000,-0.335486840368,-0.656858789792
122.562500000000,-0.283791153268,-0.695889656248
122.578125000000,-0.231067576502,-0.729971955952
122.593750000000,-0.177785902402,-0.758749616040
122.609375000000,-0.124411226716,-0.781907025343
122.625000000000,-0.071399778849,-0.799172292222
122.640625000000,-0.019194895952,-0.810320145954
122.656250000000,0.031776822768,-0.815174452121
122.671875000000,0.081109147210,-0.813610315830
122.687500000000,0.128419601043,-0.805555750121
122.703125000000,0.173352570632,-0.790992890783
122.718750000000,0.215582111869,-0.769958742765
122.734375000000,0.254814431710,-0.742545447584
122.750000000000,0.290790024607,-0.708900065392
122.765625000000,0.323285447517,-0.669223869765
122.781250000000,0.352114720833,-0.623771157695
122.796875000000,0.377130346334,-0.572847581664
122.812500000000,0.398223937057,-0.516808015114
122.828125000000,0.415326457806,-0.456053966874
122.843750000000,0.428408078841,-0.391030564342
122.859375000000,0.437477649043,-0.322223129210
122.875000000000,0.442581798497,-0.250153373368
122.890625000000,0.443803684010,-0.175375246229
122.906250000000,0.441261394429,-0.098470468018
122.921875000000,0.435106035846,-0.020043786635
122.937500000000,0.425519519728,0.059282001621
122.953125000000,0.412712079737,0.138871224806
122.968750000000,0.396919545463,0.218080656947
122.984375000000,0.378400403426,0.296264942330
123.000000000000,0.357432677564,0.372782075069
123.015625000000,0.334310662899,0.446998885883
123.031250000000,0.309341547258,0.518296487644
123.046875000000,0.282841956716,0.586075631433
123.062500000000,0.255134460861,0.649761925384
123.078125000000,0.226544074097,0.708810869609
123.093750000000,0.197394788864,0.762712661923
123.109375000000,0.168006176065,0.810996730934
123.125000000000,0.138690086971,0.853235955308
123.140625000000,0.109747489545,0.889050530632
123.156250000000,0.081465470506,0.918111448294
123.171875000000,0.054114432450,0.940143554094
123.187500000000,0.027945513149,0.954928157939
123.203125000000,0.003188251623,0.962305169820
123.218750000000,-0.019951477142,0.962174741433
123.234375000000,-0.041293239918,0.954498397092
123.250000000000,-0.060683519571,0.939299642067
123.265625000000,-0.077996873483,0.916664041099
123.281250000000,-0.093136766865,0.886738764474
123.296875000000,-0.106036075230,0.849731603804
123.312500000000,-0.116657253806,0.805909464330
123.328125000000,-0.124992175099,0.755596345223
123.343750000000,-0.131061639368,0.699170823941
123.359375000000,-0.134914566086,0.637063065106
123.375000000000,-0.136626877830,0.569751378646
123.390625000000,-0.136300091185,0.497758355960
123.406250000000,-0.134059632242,0.421646616695
123.421875000000,-0.130052897122,0.342014202206
123.437500000000,-0.124447080518,0.259489654975
123.453125000000,-0.117426797599,0.174726826109
123.468750000000,-0.109191526729,0.088399455519
123.484375000000,-0.099952902187,0.001195571455
123.500000000000,-0.089931887606,-0.086188242259
123.515625000000,-0.079355861968,-0.173052661702
123.531250000000,-0.068455650841,-0.258701470686
123.546875000000,-0.057462536010,-0.342447390194
123.562500000000,-0.046605276797,-0.423617838831
123.578125000000,-0.036107176169,-0.501560574218
123.593750000000,-0.026183224146,-0.575649166285
123.609375000000,-0.017037350174,-0.645288254857
123.625000000000,-0.008859814873,-0.709918545788
123.640625000000,-0.001824770065,-0.769021502200
123.656250000000,0.003911985883,-0.822123690020
123.671875000000,0.008215032442,-0.868800740075
123.687500000000,0.010971108464,-0.908680892347
123.703125000000,0.012090630940,-0.941448091673
123.718750000000,0.011508933821,-0.966844608138
123.734375000000,0.009187212757,-0.984673159591
123.750000000000,0.005113164764,-0.994798518089
123.765625000000,-0.000698684921,-0.997148586639
123.781250000000,-0.008206973192,-0.991714937285
123.796875000000,-0.017343807617,-0.978552806308
123.812500000000,-0.028015390761,-0.957780547109
123.828125000000,-0.040102954478,-0.929578546118
123.843750000000,-0.053463995032,-0.894187611774
123.859375000000,-0.067933796653,-0.851906851273
123.875000000000,-0.083327228001,-0.803091054260
123.890625000000,-0.099440793061,-0.748147606942
123.906250000000,-0.116054915182,-0.687532964247
123.921875000000,-0.132936430408,-0.621748711425
123.937500000000,-0.149841263917,-0.551337250140
123.953125000000,-0.166517261301,-0.476877147265
123.968750000000,-0.182707144656,-0.398978187547
123.984375000000,-0.198151561949,-0.318276173797
124.000000000000,-0.212592196991,-0.235427520421
124.015625000000,-0.225774906493,-0.151103687793
124.031250000000,-0.237452850230,-0.065985506288
124.046875000000,-0.247389580179,0.019242560374
124.062500000000,-0.255362054725,0.103898162415
124.078125000000,-0.261163544592,0.187306771902
124.093750000000,-0.264606398072,0.268807301732
124.109375000000,-0.265524634370,0.347757587138
124.125000000000,-0.263776335468,0.423539682464
124.140625000000,-0.259245808785,0.495564927794
124.156250000000,-0.251845495111,0.563278742181
124.171875000000,-0.241517598738,0.626165102797
124.187500000000,-0.228235419401,0.683750672259
124.203125000000,-0.212004368609,0.735608539620
124.218750000000,-0.192862656031,0.781361544107
124.234375000000,-0.170881634908,0.820685154459
124.250000000000,-0.146165798883,0.853309880820
124.265625000000,-0.118852426158,0.879023200346
124.281250000000,-0.089110870463,0.897670982103
124.296875000000,-0.057141501945,0.909158401353
124.312500000000,-0.023174304691,0.913450337880
124.328125000000,0.012532858857,0.910571257651
124.343750000000,0.049696302838,0.900604581701
124.359375000000,0.088008875133,0.883691550660
124.375000000000,0.127142596422,0.860029597837
124.390625000000,0.166751557740,0.829870248033
124.406250000000,0.206475050348,0.793516563469
124.421875000000,0.245940899096,0.751320162076
124.437500000000,0.284768968189,0.703677837144
124.453125000000,0.322574806203,0.651027810689
124.468750000000,0.358973395503,0.593845656009
124.484375000000,0.393582969832,0.532639927669
124.500000000000,0.426028862804,0.467947539548
124.515625000000,0.455947349376,0.400328933591
124.531250000000,0.482989442047,0.330363083553
124.546875000000,0.506824603637,0.258642379212
124.562500000000,0.527144338912,0.185767437335
124.578125000000,0.543665628170,0.112341886028
124.593750000000,0.556134167071,0.038967169067
124.609375000000,0.564327378555,-0.033762583720
124.625000000000,0.568057164579,-0.105265574806
124.640625000000,0.567172367614,-0.174977202201
124.656250000000,0.561560914405,-0.242354725386
124.671875000000,0.551151617269,-0.306881693861
124.687500000000,0.535915611328,-0.368072100666
124.703125000000,0.515867409358,-0.425474225984
124.718750000000,0.491065559466,-0.478674139025
124.734375000000,0.461612894472,-0.527298829733
124.750000000000,0.427656365714,-0.571018945420
124.765625000000,0.389386457905,-0.609551111276
124.781250000000,0.347036185632,-0.642659817607
124.796875000000,0.300879676131,-0.670158860804
124.812500000000,0.251230346939,-0.691912329196
124.828125000000,0.198438690951,-0.707835129207
124.843750000000,0.142889685300,-0.717893051487
124.859375000000,0.084999844161,-0.722102380932
124.875000000000,0.025213939157,-0.720529058648
124.890625000000,-0.035998585592,-0.713287408026
124.906250000000,-0.098147473626,-0.700538440966
124.921875000000,-0.160725758466,-0.682487764083
124.937500000000,-0.223214072516,-0.659383108228
124.953125000000,-0.285085124665,-0.631511507975
124.968750000000,-0.345808306841,-0.599196160738
124.984375000000,-0.404854388183,-0.562792997884
125.000000000000,-0.461700254323,-0.522687002653
125.015625000000,-0.515833648505,-0.479288311695
125.031250000000,-0.566757870867,-0.433028138762
125.046875000000,-0.613996392238,-0.384354560400
125.062500000000,-0.657097339246,-0.333728204421
125.078125000000,-0.695637808351,-0.281617882461
125.093750000000,-0.729227967671,-0.228496208089
125.109375000000,-0.757514907111,-0.174835241690
125.125000000000,-0.780186199280,-0.121102202667
125.140625000000,-0.796973136102,-0.067755288546
125.156250000000,-0.807653608695,-0.015239639126
125.171875000000,-0.812054601164,0.036016517888
125.187500000000,-0.810054272244,0.085605505431
125.203125000000,-0.801583602347,0.133143587837
125.218750000000,-0.786627587348,0.178274084526
125.234375000000,-0.765225964501,0.220670180283
125.250000000000,-0.737473459993,0.260037408936
125.265625000000,-0.703519551983,0.296115790630
125.281250000000,-0.663567747327,0.328681606411
125.296875000000,-0.617874374600,0.357548797502
125.312500000000,-0.566746900446,0.382569980401
125.328125000000,-0.510541780689,0.403637072763
125.343750000000,-0.449661861889,0.420681528828
125.359375000000,-0.384553353237,0.433674187009
125.375000000000,-0.315702392702,0.442624735990
125.390625000000,-0.243631235126,0.447580809364
125.406250000000,-0.168894093596,0.448626722384
125.421875000000,-0.092072668697,0.445881867792
125.437500000000,-0.013771403305,0.439498790878
125.453125000000,0.065387496763,0.429660966887
125.468750000000,0.144769233566,0.416580306649
125.484375000000,0.223731734694,0.400494418701
125.500000000000,0.301631071578,0.381663658375
125.515625000000,0.377826931118,0.360367996125
125.531250000000,0.451688092560,0.336903738895
125.546875000000,0.522597861264,0.311580139450
125.562500000000,0.589959411173,0.284715929441
125.578125000000,0.653200988330,0.256635812373
125.593750000000,0.711780928852,0.227666952741
125.609375000000,0.765192446184,0.198135497313
125.625000000000,0.812968144323,0.168363163877
125.640625000000,0.854684215954,0.138663931809
125.656250000000,0.889964287076,0.109340867442
125.671875000000,0.918482872674,0.080683115593
125.687500000000,0.939968411346,0.052963086638
125.703125000000,0.954205850360,0.026433866266
125.718750000000,0.961038756572,0.001326872551
125.734375000000,0.960370932694,-0.022150217760
125.750000000000,0.952167522784,-0.043815254805
125.765625000000,0.936455595253,-0.063513097166
125.781250000000,0.913324196330,-0.081116776894
125.796875000000,0.882923871566,-0.096528338782
125.812500000000,0.845465657683,-0.109679348176
125.828125000000,0.801219551778,-0.120531065068
125.843750000000,0.750512469527,-0.129074285724
125.859375000000,0.693725708609,-0.135328856571
125.875000000000,0.631291937974,-0.139342868474
125.890625000000,0.563691737845,-0.141191542815
125.906250000000,0.491449719359,-0.140975823994
125.921875000000,0.415130256551,-0.138820695955
125.937500000000,0.335332866870,-0.134873243161
125.953125000000,0.252687279607,-0.129300479046
125.968750000000,0.167848234435,-0.122286967324
125.984375000000,0.081490054743,-0.114032263575
126.000000000000,-0.005698957521,-0.104748206379
126.015625000000,-0.093022257093,-0.094656088687
126.031250000000,-0.179780871145,-0.083983741310
126.046875000000,-0.265279245130,-0.072962561234
126.062500000000,-0.348831068038,-0.061824517912
126.078125000000,-0.429765026460,-0.050799170873
126.093750000000,-0.507430437453,-0.040110731741
126.109375000000,-0.581202711204,-0.029975203215
126.125000000000,-0.650488595979,-0.020597626675
126.140625000000,-0.714731159693,-0.012169468852
126.156250000000,-0.773414464769,-0.004866176460
126.171875000000,-0.826067895590,0.001155074121
126.187500000000,-0.872270100943,0.005757407185
126.203125000000,-0.911652517192,0.008826035448
126.218750000000,-0.943902441633,0.010269785268
126.234375000000,-0.968765629429,0.010022342162
126.250000000000,-0.986048391726,0.008043202465
126.265625000000,-0.995619176944,0.004318320134
126.281250000000,-0.997409621798,-0.001139559069
126.296875000000,-0.991415063268,-0.008290880403
126.312500000000,-0.977694507493,-0.017069580999
126.328125000000,-0.956370056343,-0.027383706338
126.343750000000,-0.927625797211,-0.039116336550
126.359375000000,-0.891706166253,-0.052126813422
126.375000000000,-0.848913799962,-0.066252255735
126.390625000000,-0.799606894436,-0.081309347433
126.406250000000,-0.744196096004,-0.097096380159
126.421875000000,-0.683140950968,-0.113395528899
126.437500000000,-0.616945946074,-0.129975336918
126.453125000000,-0.546156174856,-0.146593383818
126.468750000000,-0.471352668241,-0.162999108498
126.484375000000,-0.393147430697,-0.178936757013
126.500000000000,-0.312178225696,-0.194148423829
126.515625000000,-0.229103156401,-0.208377153846
126.531250000000,-0.144595089185,-0.221370071718
126.546875000000,-0.059335968843,-0.232881504511
126.562500000000,0.025988924764,-0.242676063633
126.578125000000,0.110696728566,-0.250531652161
126.593750000000,0.194112706577,-0.256242364272
126.609375000000,0.275575869103,-0.259621244399
126.625000000000,0.354444452298,-0.260502874976
126.640625000000,0.430101210845,-0.258745763217
126.656250000000,0.501958478396,-0.254234499265
126.671875000000,0.569462952558,-0.246881660221
126.687500000000,0.632100163831,-0.236629437026
126.703125000000,0.689398590827,-0.223450963861
126.718750000000,0.740933387369,-0.207351332666
126.734375000000,0.786329690651,-0.188368278500
126.750000000000,0.825265483448,-0.166572524731
126.765625000000,0.857473987456,-0.142067780503
126.781250000000,0.882745569065,-0.114990386378
126.796875000000,0.900929143309,-0.085508607700
126.812500000000,0.911933066220,-0.053821578786
126.828125000000,0.915725510434,-0.020157904659
126.843750000000,0.912334323500,0.015226069383
126.859375000000,0.901846372950,0.052048306630
126.875000000000,0.884406386739,0.090003429134
126.890625000000,0.860215302121,0.128765348858
126.906250000000,0.829528140347,0.167990156458
126.921875000000,0.792651428697,0.207319241498
126.937500000000,0.749940195305,0.246382615356
126.953125000000,0.701794565917,0.284802405732
126.968750000000,0.648655995097,0.322196489684
126.984375000000,0.591003167528,0.358182230384
127.000000000000,0.529347607767,0.392380281430
127.015625000000,0.464229039231,0.424418421514
127.031250000000,0.396210535194,0.453935381601
127.046875000000,0.325873506173,0.480584626449
127.062500000000,0.253812569309,0.504038052393
127.078125000000,0.180630346090,0.523989563780
127.093750000000,0.106932235151,0.540158491240
127.109375000000,0.033321206792,0.552292816187
127.125000000000,-0.039607334659,0.560172167502
127.140625000000,-0.111270575383,0.563610558215
127.156250000000,-0.181103159635,0.562458832266
127.171875000000,-0.248561858147,0.556606793914
127.187500000000,-0.313129997292,0.545984995219
127.203125000000,-0.374321611372,0.530566160070
127.218750000000,-0.431685283189,0.510366226563
127.234375000000,-0.484807641139,0.485444993029
127.250000000000,-0.533316484408,0.455906356705
127.265625000000,-0.576883511483,0.421898137847
127.281250000000,-0.615226630963,0.383611486005
127.296875000000,-0.648111837653,0.341279869146
127.312500000000,-0.675354641002,0.295177650323
127.328125000000,-0.696821037187,0.245618260553
127.343750000000,-0.712428020348,0.192951980524
127.359375000000,-0.722143632786,0.137563347561
127.375000000000,-0.725986558150,0.079868208021
127.390625000000,-0.724025265818,0.020310438824
127.406250000000,-0.716376718756,-0.040641634836
127.421875000000,-0.703204661047,-0.102499095409
127.437500000000,-0.684717505050,-0.164756529527
127.453125000000,-0.661165841669,-0.226896329565
127.468750000000,-0.632839600514,-0.288393162386
127.484375000000,-0.600064889754,-0.348718565551
127.500000000000,-0.563200548173,-0.407345629704
127.515625000000,-0.522634444352,-0.463753724695
127.531250000000,-0.478779559917,-0.517433226227
127.546875000000,-0.432069895514,-0.567890199444
127.562500000000,-0.382956239465,-0.614650995895
127.578125000000,-0.331901839983,-0.657266720781
127.593750000000,-0.279378022354,-0.695317528207
127.609375000000,-0.225859792645,-0.728416703428
127.625000000000,-0.171821469223,-0.756214492718
127.640625000000,-0.117732382722,-0.778401643511
127.656250000000,-0.064052684078,-0.794712619816
127.671875000000,-0.011229298846,-0.804928460674
127.687500000000,0.040307935738,-0.808879252418
127.703125000000,0.090149916573,-0.806446188846
127.718750000000,0.137911671404,-0.797563197005
127.734375000000,0.183235477138,-0.782218110084
127.750000000000,0.225793673414,-0.760453372955
127.765625000000,0.265291148263,-0.732366270033
127.781250000000,0.301467476055,-0.698108669448
127.796875000000,0.334098691485,-0.657886281864
127.812500000000,0.362998687007,-0.611957436721
127.828125000000,0.388020224908,-0.560631383049
127.843750000000,0.409055558996,-0.504266126410
127.859375000000,0.426036664769,-0.443265817784
127.875000000000,0.438935080704,-0.378077714390
127.890625000000,0.447761367100,-0.309188736455
127.906250000000,0.452564192575,-0.237121647717
127.921875000000,0.453429061870,-0.162430891052
127.937500000000,0.450476701999,-0.085698113911
127.953125000000,0.443861126980,-0.007527421242
127.968750000000,0.433767404357,0.071459603723
127.984375000000,0.420409149453,0.150629068143
